scenario,framework,rep,pair,node,stage,target_rps,rps,errors_rps,dropped_rps,availability,p50,p90,p99,p999,cpu_cores,throttled,passed
get,chi,1,1,gke-bench-apps-2978ac17-5dh9,0,5000,5000.04,0.0,0.0,1.000008,0.7177899432278995,1.277443352932741,1.4791156962569914,1.4992829305894162,0.4917922003667036,0.0,True
get,chi,1,1,gke-bench-apps-2978ac17-5dh9,1,10000,10000.08,0.0,0.0,1.000008,0.7165552523874489,1.2925487147420192,1.482677156039276,1.8021117824773298,0.6130551503250837,0.0,True
get,chi,1,1,gke-bench-apps-2978ac17-5dh9,2,15000,14999.76,0.0,0.0,0.999984,0.685659121171771,1.3214878431541162,1.5766886846639858,2.341059105431305,0.7440667899053346,0.0,True
get,chi,1,1,gke-bench-apps-2978ac17-5dh9,3,20000,20002.24,0.0,0.0,1.000112,0.7231686046511628,1.4605440159122038,2.497018718094158,3.540616279069793,0.9616954102615388,0.0,True
get,chi,1,1,gke-bench-apps-2978ac17-5dh9,4,25000,25000.52,0.0,0.0,1.0000208,0.7280349558967657,1.6196311768918603,3.0886176715754368,4.892954849498269,1.1314835767911007,0.0,True
get,chi,1,1,gke-bench-apps-2978ac17-5dh9,5,30000,30000.76,0.0,0.0,1.0000253333333333,1.2277667189832715,4.067725475528959,7.349257907542571,9.314173141891915,1.1807509333333333,0.0,True
get,chi,1,1,gke-bench-apps-2978ac17-5dh9,6,35000,35003.48,0.0,0.0,1.0000994285714286,1.7958481545952218,5.435784402179798,8.412689908665628,12.638051754907622,1.4296391406555207,0.0,True
get,chi,1,1,gke-bench-apps-2978ac17-5dh9,7,40000,40002.52,0.0,0.0,1.000063,1.7776333556611699,5.324477705534838,8.261973210265646,11.539574394463786,1.424987903648021,0.0,True
get,chi,1,1,gke-bench-apps-2978ac17-5dh9,8,45000,45000.36,0.0,0.0,1.000008,1.948045738235994,5.676592356687897,9.35067521141648,17.701849451644676,1.576482507240257,0.0,True
get,chi,1,1,gke-bench-apps-2978ac17-5dh9,9,50000,50000.48,0.0,0.0,1.0000096,3.744512009729401,8.18183745583039,17.98434987252397,30.06271689497657,1.6894722519205694,0.0,True
get,chi,1,1,gke-bench-apps-2978ac17-5dh9,10,55000,52646.56,257.52,257.52,0.8979396363636364,440.17283110203465,976.7386360471917,1419.2507699669932,1491.9250769966984,1.9666652905334074,0.20133685601263848,False
get,chi,1,1,gke-bench-apps-2978ac17-5dh9,11,60000,53508.6,6491.48,6491.48,0.161742,1194.6140633475238,1438.9228126695048,1493.8922812669505,1499.389228126695,1.9566114629044087,0.30097741975845216,False
get,chi,1,1,gke-bench-apps-2978ac17-5dh9,12,65000,53028.68,11971.08,11971.08,0.07319261538461538,1225.3604429642878,1445.0720885928577,1494.5072088592858,1499.4507208859286,2.0645475597746223,0.298356306809731,False
get,chi,1,1,gke-bench-apps-2978ac17-5dh9,13,70000,53531.68,16468.16,16468.16,0.04431771428571429,1234.620888116148,1446.9241776232295,1494.6924177623232,1499.4692417762324,2.0611647795835206,0.336168486080068,False
get,chi,1,1,gke-bench-apps-2978ac17-5dh9,14,75000,53147.76,21851.56,21851.56,0.028620266666666668,1239.4780989638682,1447.8956197927737,1494.7895619792773,1499.4789561979278,2.062329103471083,0.30789105348615564,False
get,chi,1,1,gke-bench-apps-2978ac17-5dh9,15,80000,52835.16,27162.08,27162.08,0.020588,1241.9559460281018,1448.3911892056205,1494.839118920562,1499.4839118920563,1.8510120561332595,0.3038587505948663,False
get,chi,1,1,gke-bench-apps-2978ac17-5dh9,16,85000,52424.64,32578.32,32578.32,0.015743529411764705,1243.451295490545,1448.690259098109,1494.869025909811,1499.4869025909811,1.8851530497333593,0.3030060960457795,False
get,chi,1,1,gke-bench-apps-2978ac17-5dh9,17,90000,53109.08,36892.04,36892.04,0.013125777777777778,1244.312675917467,1448.8625351834935,1494.8862535183493,1499.488625351835,2.013231726903611,0.2770281271623577,False
get,chi,1,1,gke-bench-apps-2978ac17-5dh9,18,95000,52807.16,42189.72,42189.72,0.011273684210526316,1244.8247028770593,1448.964940575412,1494.896494057541,1499.489649405754,1.990607286991146,0.22946175637393768,False
get,chi,1,1,gke-bench-apps-2978ac17-5dh9,19,100000,52633.12,47363.0,47363.0,0.0096108,1245.3500964931904,1449.070019298638,1494.9070019298638,1499.4907001929864,2.0043254810547877,0.320847653375053,False
get,stdlib,1,1,gke-bench-apps-2978ac17-rd8n,0,5000,4999.96,0.0,0.0,0.999992,0.7140881458966566,1.29083491012299,1.480892857142857,1.499898651844844,0.5429571228460627,0.0,True
get,stdlib,1,1,gke-bench-apps-2978ac17-rd8n,1,10000,10000.04,0.0,0.0,1.000004,0.712723445595855,1.299348174561633,1.4833648750327137,1.8428555555555726,0.6407205587970477,0.0,True
get,stdlib,1,1,gke-bench-apps-2978ac17-rd8n,2,15000,14999.64,0.0,0.0,0.999976,0.6880840726658216,1.3268765735079444,1.628096977329978,2.3893071955719742,0.7444957910865737,0.0,True
get,stdlib,1,1,gke-bench-apps-2978ac17-rd8n,3,20000,19997.48,0.0,0.0,0.999874,0.7342617107942973,1.4803871667754627,2.7156818181818188,3.9058766816143673,0.9146649555564109,0.0,True
get,stdlib,1,1,gke-bench-apps-2978ac17-rd8n,4,25000,24999.84,0.0,0.0,0.9999936,0.7354367594378617,1.6869669472001507,4.075487738419628,14.026144578312822,1.141552710773696,0.0,True
get,stdlib,1,1,gke-bench-apps-2978ac17-rd8n,5,30000,29998.12,0.0,0.0,0.9999373333333333,1.2729335936599202,4.210994439479696,7.440402970538102,9.57475542168677,1.1901217396256958,0.0,True
get,stdlib,1,1,gke-bench-apps-2978ac17-rd8n,6,35000,35000.92,0.0,0.0,1.0000262857142856,1.9014405693769585,5.60096518987342,9.215160741301062,28.2308393501801,1.3723737459481467,0.0,True
get,stdlib,1,1,gke-bench-apps-2978ac17-rd8n,7,40000,39999.52,0.0,0.0,0.999988,1.9265826816624199,5.519172537266961,8.855076543209876,13.707976457399086,1.5717826972583373,0.0,True
get,stdlib,1,1,gke-bench-apps-2978ac17-rd8n,8,45000,44998.88,0.0,0.0,0.9999751111111111,2.1805579916044016,6.149055913348947,14.363874873864798,39.58712109061721,1.7363815336153297,0.0,True
get,stdlib,1,1,gke-bench-apps-2978ac17-rd8n,9,50000,49997.36,0.0,0.0,0.9999472,4.013268779121611,9.213089485595452,24.86343978102186,41.2849723145078,1.7621840432094094,0.02093199780942443,True
get,stdlib,1,1,gke-bench-apps-2978ac17-rd8n,10,55000,51791.76,1351.28,1351.28,0.6882894545454545,831.937812025179,1314.1778321220681,1481.4177832122068,1498.1417783212207,1.9634897414908012,0.2864492702100259,False
get,stdlib,1,1,gke-bench-apps-2978ac17-rd8n,11,60000,52290.12,7681.76,7681.76,0.12596666666666667,1207.7596590548358,1441.551931810967,1494.1551931810966,1499.4155193181098,1.9636708136381924,0.31639123133798525,False
get,stdlib,1,1,gke-bench-apps-2978ac17-rd8n,12,65000,52106.6,12860.88,12860.88,0.059776615384615386,1229.8559220524119,1445.9711844104822,1494.5971184410482,1499.459711844105,1.9028243412828283,0.2812639712562282,False
get,stdlib,1,1,gke-bench-apps-2978ac17-rd8n,13,70000,51909.56,18063.8,18063.8,0.034587428571428575,1237.7692649030762,1447.5538529806154,1494.7553852980616,1499.4755385298063,1.9422607596695598,0.352563224287122,False
get,stdlib,1,1,gke-bench-apps-2978ac17-rd8n,14,75000,52435.84,22535.0,22535.0,0.0245808,1240.8901120882474,1448.1780224176496,1494.8178022417649,1499.4817802241764,1.9193098099410528,0.31293724600788064,False
get,stdlib,1,1,gke-bench-apps-2978ac17-rd8n,15,80000,52004.76,27970.32,27970.32,0.0169985,1243.2871792765625,1448.6574358553125,1494.8657435855312,1499.4865743585533,2.0524658870297623,0.35934766204669505,False
get,stdlib,1,1,gke-bench-apps-2978ac17-rd8n,16,85000,52451.12,32524.56,32524.56,0.014097882352941177,1244.1548559298224,1448.8309711859645,1494.8830971185964,1499.4883097118598,2.0067017159269795,0.331425083570967,False
get,stdlib,1,1,gke-bench-apps-2978ac17-rd8n,17,90000,52319.08,37648.72,37648.72,0.01115511111111111,1245.1088490098045,1449.021769801961,1494.902176980196,1499.4902176980197,2.0282585303722604,0.3353769619024411,False
get,stdlib,1,1,gke-bench-apps-2978ac17-rd8n,18,95000,52149.56,42820.36,42820.36,0.009669473684210526,1245.5173590344589,1449.1034718068918,1494.9103471806893,1499.4910347180687,1.9868205848485283,0.3024706160753137,False
get,stdlib,1,1,gke-bench-apps-2978ac17-rd8n,19,100000,51259.0,48709.96,48709.96,0.008282,1245.8943740729871,1449.1788748145975,1494.9178874814597,1499.4917887481458,2.098389644444444,0.3435389237839319,False
post,chi,1,1,gke-bench-apps-2978ac17-5dh9,0,5000,5000.08,0.0,0.0,1.000016,0.7201625320786997,1.2838288665549973,1.480125977107761,1.4997556881630376,0.619962469965598,0.0,True
post,chi,1,1,gke-bench-apps-2978ac17-5dh9,1,10000,9999.92,0.0,0.0,0.999992,0.7213705921490352,1.3000382085188387,1.4869262077214433,1.9714100418410097,0.7100409333196855,0.0,True
post,chi,1,1,gke-bench-apps-2978ac17-5dh9,2,15000,15000.36,0.0,0.0,1.000024,0.6930724946695096,1.3372848429366746,1.787892591921751,2.497587186897871,0.7943717705457364,0.0,True
post,chi,1,1,gke-bench-apps-2978ac17-5dh9,3,20000,19999.84,0.0,0.0,0.999992,0.7699303427138477,1.6817157269650729,3.383763763763761,5.982157142857197,0.9646273383257767,0.0,True
post,chi,1,1,gke-bench-apps-2978ac17-5dh9,4,25000,25000.24,0.0,0.0,1.0000096,0.7919954840530624,1.9724014336917566,4.418548783820708,6.56715298507453,1.1523669077280154,0.0,True
post,chi,1,1,gke-bench-apps-2978ac17-5dh9,5,30000,30000.76,0.0,0.0,1.0000253333333333,1.5776670132766701,5.675486320281124,10.254982324348143,28.46329427083371,1.4203543933333336,0.0,True
post,chi,1,1,gke-bench-apps-2978ac17-5dh9,6,35000,35000.52,0.0,0.0,1.000014857142857,2.396252960841299,6.756763718863735,11.236927282193681,14.653760413051009,1.4452642618565081,0.0,True
post,chi,1,1,gke-bench-apps-2978ac17-5dh9,7,40000,39998.72,0.0,0.0,0.999968,2.6938656311170046,7.140141509433964,13.726672540381776,28.3793293207223,1.648808747849354,0.0,True
post,chi,1,1,gke-bench-apps-2978ac17-5dh9,8,45000,45002.32,0.0,0.0,1.0000515555555556,3.439946401225115,8.30822016874247,14.977244809093817,26.766043872919965,1.89607954834089,0.008812695819010785,True
post,chi,1,1,gke-bench-apps-2978ac17-5dh9,9,50000,47000.52,1216.12,1216.12,0.6837896,845.565963320844,1316.5624336509761,1481.6562433650975,1498.1656243365098,1.9952495051564894,0.17380736918925918,False
post,chi,1,1,gke-bench-apps-2978ac17-5dh9,10,55000,47011.72,7944.96,7944.96,0.11649381818181818,1210.551475006748,1442.1102950013496,1494.211029500135,1499.4211029500136,1.93295508,0.28563224450106867,False
post,chi,1,1,gke-bench-apps-2978ac17-5dh9,11,60000,46771.4,13186.76,13186.76,0.057945333333333335,1229.924092290323,1445.9848184580646,1494.5984818458064,1499.4598481845808,1.9810374254779435,0.29523809523809524,False
post,chi,1,1,gke-bench-apps-2978ac17-5dh9,12,65000,46771.28,18179.12,18179.12,0.03686830769230769,1236.4988808973733,1447.2997761794745,1494.7299776179475,1499.4729977617949,1.9971090688553175,0.3240418118466899,False
post,chi,1,1,gke-bench-apps-2978ac17-5dh9,13,70000,46516.4,23443.16,23443.16,0.025985142857142856,1239.8262629806093,1447.9652525961217,1494.7965252596123,1499.4796525259612,1.9927267799999997,0.34190819553338186,False
post,chi,1,1,gke-bench-apps-2978ac17-5dh9,14,75000,47011.92,27944.72,27944.72,0.019878933333333335,1241.8119109861384,1448.3623821972276,1494.8362382197229,1499.4836238219725,1.9453452526724884,0.3117529559597777,False
post,chi,1,1,gke-bench-apps-2978ac17-5dh9,15,80000,46920.76,33040.12,33040.12,0.0159115,1243.0285857994595,1448.605717159892,1494.8605717159894,1499.486057171599,2.041351526666666,0.27662855153447224,False
post,chi,1,1,gke-bench-apps-2978ac17-5dh9,16,85000,47036.44,37923.52,37923.52,0.013405647058823529,1243.7932708397245,1448.758654167945,1494.8758654167943,1499.4875865416795,1.95050900716151,0.27954913404341425,False
post,chi,1,1,gke-bench-apps-2978ac17-5dh9,17,90000,46733.44,43222.52,43222.52,0.011607555555555555,1244.283714419039,1448.8567428838078,1494.8856742883806,1499.488567428838,1.963577212400181,0.2896802075046725,False
post,chi,1,1,gke-bench-apps-2978ac17-5dh9,18,95000,47115.36,47835.56,47835.56,0.010329684210526316,1244.6822346362903,1448.9364469272582,1494.8936446927257,1499.4893644692727,1.855978588755704,0.275199175276835,False
post,chi,1,1,gke-bench-apps-2978ac17-5dh9,19,100000,46467.88,53486.52,53486.52,0.009158,1244.9738848368725,1448.9947769673745,1494.8994776967374,1499.4899477696738,1.8576200416645685,0.2958035051673784,False
post,stdlib,1,1,gke-bench-apps-2978ac17-rd8n,0,5000,5000.12,0.0,0.0,1.000024,0.7224502923976608,1.30017584615881,1.4816727970832124,1.4998224921756527,0.6021803501777944,0.0,True
post,stdlib,1,1,gke-bench-apps-2978ac17-rd8n,1,10000,10000.24,0.0,0.0,1.000024,0.7204474142940152,1.310163898011963,1.488663112634268,2.0538230769231003,0.7096438599376598,0.0,True
post,stdlib,1,1,gke-bench-apps-2978ac17-rd8n,2,15000,15000.28,0.0,0.0,1.0000186666666666,0.6992779858510195,1.3490695145793474,1.8430330520393805,2.7997392947103483,0.8408991901840257,0.0,True
post,stdlib,1,1,gke-bench-apps-2978ac17-rd8n,3,20000,19999.0,0.0,0.0,0.99995,0.7937843851132687,1.7669157415314547,3.4071914751171613,5.01281887755108,1.0880924679637989,0.0,True
post,stdlib,1,1,gke-bench-apps-2978ac17-rd8n,4,25000,25002.32,0.0,0.0,1.0000928,0.8044553279905017,1.9500756459768291,4.282507826086964,8.731463768116225,1.2447933568784122,0.0,True
post,stdlib,1,1,gke-bench-apps-2978ac17-rd8n,5,30000,29999.44,0.0,0.0,0.9999813333333334,1.7296582801351859,5.979971164936563,11.801870770863749,25.279441489361258,1.3911674053570762,0.0,True
post,stdlib,1,1,gke-bench-apps-2978ac17-rd8n,6,35000,34999.12,0.0,0.0,0.9999748571428572,2.6553040758119426,7.071269077127934,12.400786595894346,14.918789409733321,1.5908716492723411,0.0,True
post,stdlib,1,1,gke-bench-apps-2978ac17-rd8n,7,40000,39997.8,0.0,0.0,0.999945,2.9743567555094033,7.559122934888241,15.018016546919275,33.64846208869851,1.6802932769039125,0.0,True
post,stdlib,1,1,gke-bench-apps-2978ac17-rd8n,8,45000,44999.28,0.0,0.0,0.999984,4.067249867970493,9.797948937733425,26.872680705748373,44.6333008982033,1.8893795459526928,0.027783807923920864,True
post,stdlib,1,1,gke-bench-apps-2978ac17-rd8n,9,50000,45894.88,2502.92,2502.92,0.4959248,988.9343771696713,1391.2373498955383,1489.123734989554,1498.9123734989553,1.9598498183151605,0.2672911565222008,False
post,stdlib,1,1,gke-bench-apps-2978ac17-rd8n,10,55000,45998.36,8990.68,8990.68,0.09341090909090909,1218.5664192247036,1443.7132838449406,1494.3713283844938,1499.4371328384495,2.0218209602859725,0.32113821563571765,False
post,stdlib,1,1,gke-bench-apps-2978ac17-rd8n,11,60000,45773.44,14214.68,14214.68,0.048214,1233.1343311427545,1446.6268662285509,1494.662686622855,1499.4662686622855,1.994946630868776,0.3129424057862779,False
post,stdlib,1,1,gke-bench-apps-2978ac17-rd8n,12,65000,45309.04,19678.16,19678.16,0.02933846153846154,1239.015493280961,1447.8030986561923,1494.780309865619,1499.4780309865619,2.0646110389222136,0.3501363057225019,False
post,stdlib,1,1,gke-bench-apps-2978ac17-rd8n,13,70000,45335.04,24651.6,24651.6,0.020861142857142856,1241.679270724216,1448.3358541448433,1494.8335854144843,1499.4833585414485,1.8534839394168405,0.3406708199828129,False
post,stdlib,1,1,gke-bench-apps-2978ac17-rd8n,14,75000,45706.0,29282.16,29282.16,0.0164576,1243.061202095356,1448.6122404190712,1494.861224041907,1499.4861224041908,1.8592674950294366,0.35987180506143895,False
post,stdlib,1,1,gke-bench-apps-2978ac17-rd8n,15,80000,45850.04,34137.28,34137.28,0.013367,1244.0300147295663,1448.8060029459134,1494.8806002945914,1499.4880600294591,2.0242204070260823,0.3116294054572027,False
post,stdlib,1,1,gke-bench-apps-2978ac17-rd8n,16,85000,45596.56,39395.32,39395.32,0.011415529411764706,1244.5641846590704,1448.9128369318141,1494.8912836931813,1499.4891283693182,2.0046600142675,0.27986348122866894,False
post,stdlib,1,1,gke-bench-apps-2978ac17-rd8n,17,90000,45280.8,44711.36,44711.36,0.009747555555555556,1245.0607519403866,1449.0121503880773,1494.9012150388078,1499.4901215038808,1.9136346477444537,0.32274151740558,False
post,stdlib,1,1,gke-bench-apps-2978ac17-rd8n,18,95000,45513.8,49475.96,49475.96,0.008751578947368421,1245.3482803072352,1449.0696560614472,1494.9069656061447,1499.4906965606144,2.023638625000001,0.29735172242353936,False
post,stdlib,1,1,gke-bench-apps-2978ac17-rd8n,19,100000,45679.96,54308.52,54308.52,0.0080524,1245.5139552959884,1449.1027910591977,1494.9102791059197,1499.491027910592,2.05096828888889,0.30724651718105134,False
get,fasthttp,1,2,gke-bench-apps-2978ac17-5dh9,0,5000,4999.96,0.0,0.0,0.999992,0.6740642545227699,1.2514922984596921,1.4765355071014203,1.4990398279655932,0.2915946678133313,0.0,True
get,fasthttp,1,2,gke-bench-apps-2978ac17-5dh9,1,10000,9999.92,0.0,0.0,0.999992,0.7025643262102049,1.2733830572922382,1.4790411685130342,1.4996069796351141,0.36349733036840276,0.0,True
get,fasthttp,1,2,gke-bench-apps-2978ac17-5dh9,2,15000,15000.32,0.0,0.0,1.0000213333333334,0.6721290626471974,1.288380209402587,1.4808499281461713,1.5306714801444539,0.3688435243660765,0.0,True
get,fasthttp,1,2,gke-bench-apps-2978ac17-5dh9,3,20000,20002.8,0.0,0.0,1.00014,0.6748955613577025,1.341154971352626,1.7857853274249134,2.202061994609155,0.57238011064254,0.0,True
get,fasthttp,1,2,gke-bench-apps-2978ac17-5dh9,4,25000,24999.52,0.0,0.0,0.9999808,0.6623030998851894,1.3606473250873148,1.8485646459382779,2.2680353741496515,0.6356534263468211,0.0,True
get,fasthttp,1,2,gke-bench-apps-2978ac17-5dh9,5,30000,30001.04,0.0,0.0,1.0000346666666666,0.6586595911949685,1.4601326083904482,2.826632763471109,5.841683486238637,0.7409384236780777,0.0,True
get,fasthttp,1,2,gke-bench-apps-2978ac17-5dh9,6,35000,35003.92,0.0,0.0,1.000112,0.8443290891283055,2.0201308811914713,3.7557303974221288,5.588433229813666,0.8866171109848169,0.0,True
get,fasthttp,1,2,gke-bench-apps-2978ac17-5dh9,7,40000,40001.04,0.0,0.0,1.000026,0.8326054131054131,1.9969059751875984,3.869061377734247,7.069971962617036,1.060510652391462,0.0,True
get,fasthttp,1,2,gke-bench-apps-2978ac17-5dh9,8,45000,44998.44,0.0,0.0,0.9999653333333334,0.8391091354996935,2.0293929795861545,3.791730438521059,5.908570887445945,1.1024415331484219,0.0,True
get,fasthttp,1,2,gke-bench-apps-2978ac17-5dh9,9,50000,49998.88,0.0,0.0,0.9999776,1.2225725121205466,3.030992326924735,4.73073124630833,6.870122715404656,1.2954369163618915,0.0,True
get,fasthttp,1,2,gke-bench-apps-2978ac17-5dh9,10,55000,55000.64,0.0,0.0,1.0000116363636364,1.2046586363265277,3.0076436553855923,4.659612750885483,6.550714097496665,1.4367976079716003,0.0,True
get,fasthttp,1,2,gke-bench-apps-2978ac17-5dh9,11,60000,60002.28,0.0,0.0,1.000038,1.2415812757524693,3.0368065449855277,5.0493554492926815,8.292186619718274,1.46738878372938,0.0,True
get,fasthttp,1,2,gke-bench-apps-2978ac17-5dh9,12,65000,64999.52,0.0,0.0,0.9999926153846154,1.4110366448708402,3.244501270441071,5.263625836801147,9.046450000000185,1.5654149021139696,0.0,True
get,fasthttp,1,2,gke-bench-apps-2978ac17-5dh9,13,70000,69997.92,0.0,0.0,0.9999702857142857,1.9260843165605903,3.8150981495876555,6.385834283542381,20.812233009708333,1.6772158244604156,0.0,True
get,fasthttp,1,2,gke-bench-apps-2978ac17-5dh9,14,75000,75001.72,0.0,0.0,1.0000229333333333,2.1130868830688545,4.017053486150908,6.904622420605888,9.764885390428185,1.5951130836381087,0.0,True
get,fasthttp,1,2,gke-bench-apps-2978ac17-5dh9,15,80000,80001.16,0.0,0.0,1.0000145,2.2701990150527287,4.825150694270031,13.426634756225141,28.472317845828762,1.6961207706780919,0.00879174006643648,True
get,fasthttp,1,2,gke-bench-apps-2978ac17-5dh9,16,85000,84300.0,0.0,0.0,0.991764705882353,169.534160046953,311.1358229026585,399.76378332342404,465.31335773101557,1.9241000474491035,0.29036952613679756,False
get,fasthttp,1,2,gke-bench-apps-2978ac17-5dh9,17,90000,84530.52,3398.96,3398.96,0.5298577777777778,984.2542556379798,1385.2837909287218,1488.528379092872,1498.8528379092875,1.9625501552973845,0.5783945452876967,False
get,fasthttp,1,2,gke-bench-apps-2978ac17-5dh9,18,95000,85462.56,9520.48,9520.48,0.12261263157894736,1210.549004285887,1442.1098008571773,1494.2109800857177,1499.4210980085718,1.9850218936059647,0.6015693428986346,False
get,fasthttp,1,2,gke-bench-apps-2978ac17-5dh9,19,100000,85419.36,14563.6,14563.6,0.0548284,1232.8525184734087,1446.570503694682,1494.6570503694684,1499.465705036947,2.2078851385602483,0.5094915937111112,False
get,gin,1,2,gke-bench-apps-2978ac17-rd8n,0,5000,5000.08,0.0,0.0,1.000016,0.7164367816091954,1.2914094321203757,1.4807617733194196,1.4996970074393243,0.5855560845459196,0.0,True
get,gin,1,2,gke-bench-apps-2978ac17-rd8n,1,10000,10000.08,0.0,0.0,1.000008,0.7151381909547739,1.3010728494097699,1.4845022174395097,1.941769620253155,0.6653643898866997,0.0,True
get,gin,1,2,gke-bench-apps-2978ac17-rd8n,2,15000,15000.6,0.0,0.0,1.00004,0.6913944128787878,1.329826844425559,1.6910383671648423,2.4396693313953386,0.7159560133333333,0.0,True
get,gin,1,2,gke-bench-apps-2978ac17-rd8n,3,20000,20000.64,0.0,0.0,1.000032,0.7423648435030035,1.4903483713484686,2.866067702789011,4.732085714285702,0.9069967265680371,0.0,True
get,gin,1,2,gke-bench-apps-2978ac17-rd8n,4,25000,25001.92,0.0,0.0,1.0000768,0.7390518162393163,1.6868555686737514,3.42077665995976,4.964804500703269,1.128511018804092,0.0,True
get,gin,1,2,gke-bench-apps-2978ac17-rd8n,5,30000,29999.44,0.0,0.0,0.9999813333333334,1.3242833810684782,4.456743562745286,7.960413157894738,12.510362737015525,1.2402716641376856,0.0,True
get,gin,1,2,gke-bench-apps-2978ac17-rd8n,6,35000,34999.96,0.0,0.0,0.9999988571428572,1.940848685810854,5.673372027790963,8.816461410195332,13.487935520362079,1.3707370666381227,0.0,True
get,gin,1,2,gke-bench-apps-2978ac17-rd8n,7,40000,40000.68,0.0,0.0,1.000017,2.037254231377914,5.935885122053074,14.754955696202506,33.416103622577964,1.5950491466666665,0.0,True
get,gin,1,2,gke-bench-apps-2978ac17-rd8n,8,45000,44999.4,0.0,0.0,0.9999866666666667,2.242350539961885,6.173630575452438,9.96951410658306,14.604484608208908,1.6928109049304394,0.0,True
get,gin,1,2,gke-bench-apps-2978ac17-rd8n,9,50000,49997.24,0.0,0.0,0.9999448,4.33559780801511,11.884493563800277,54.88999778466985,75.2583928571422,1.7999696432199934,0.023871732501134585,False
get,gin,1,2,gke-bench-apps-2978ac17-rd8n,10,55000,50686.64,2563.32,2563.32,0.5244283636363636,978.9132006361752,1383.9755199358335,1488.3975519935834,1498.8397551993585,1.904931691801429,0.32187082795598165,False
get,gin,1,2,gke-bench-apps-2978ac17-rd8n,11,60000,51178.08,8822.08,8822.08,0.10198333333333333,1216.050127965329,1443.2100255930657,1494.3210025593066,1499.4321002559307,1.9788035014525172,0.4022816293434231,False
get,gin,1,2,gke-bench-apps-2978ac17-rd8n,12,65000,51138.4,13863.8,13863.8,0.052450461538461536,1232.142557834714,1446.428511566943,1494.6428511566942,1499.4642851156693,2.0469538958646685,0.3716216216216216,False
get,gin,1,2,gke-bench-apps-2978ac17-rd8n,13,70000,51082.52,18913.68,18913.68,0.03211657142857143,1238.4908904304264,1447.6981780860854,1494.7698178086084,1499.4769817808608,2.098586504583277,0.44982698961937717,False
get,gin,1,2,gke-bench-apps-2978ac17-rd8n,14,75000,51126.16,23877.76,23877.76,0.022447466666666666,1241.4873004251394,1448.297460085028,1494.8297460085028,1499.4829746008502,1.9787668799999998,0.37669780145594073,False
get,gin,1,2,gke-bench-apps-2978ac17-rd8n,15,80000,50381.0,29621.08,29621.08,0.0157305,1243.5954070797613,1448.7190814159524,1494.871908141595,1499.4871908141597,2.0368736636413187,0.39963774570713984,False
get,gin,1,2,gke-bench-apps-2978ac17-rd8n,16,85000,50851.72,34150.16,34150.16,0.012848470588235295,1244.513018593397,1448.9026037186793,1494.890260371868,1499.4890260371867,1.9520129533333337,0.4051845897010312,False
get,gin,1,2,gke-bench-apps-2978ac17-rd8n,17,90000,51194.0,38806.28,38806.28,0.010825777777777778,1245.1497102331198,1449.029942046624,1494.9029942046623,1499.4902994204663,1.8859647174399448,0.3761079143823271,False
get,gin,1,2,gke-bench-apps-2978ac17-rd8n,18,95000,50813.44,44190.04,44190.04,0.009423157894736842,1245.5166688569147,1449.103333771383,1494.9103333771384,1499.4910333377138,1.8587782630719536,0.39607229199877714,False
get,gin,1,2,gke-bench-apps-2978ac17-rd8n,19,100000,51532.96,48465.68,48465.68,0.008314,1245.9005206151448,1449.180104123029,1494.9180104123027,1499.4918010412302,1.9363943555076881,0.449514608067374,False
post,fasthttp,1,2,gke-bench-apps-2978ac17-5dh9,0,5000,5000.08,0.0,0.0,1.000016,0.6921985294117646,1.2610353176280698,1.4772103301179815,1.498827831366973,0.35484732222222165,0.0,True
post,fasthttp,1,2,gke-bench-apps-2978ac17-5dh9,1,10000,9999.84,0.0,0.0,0.999984,0.7102846790890269,1.2816279847266456,1.4795801587161936,1.4993753761151485,0.4294358833333329,0.0,True
post,fasthttp,1,2,gke-bench-apps-2978ac17-5dh9,2,15000,15000.04,0.0,0.0,1.0000026666666666,0.6765319943951424,1.296963697467807,1.4841335307623198,1.8692521551724215,0.49694563999999974,0.0,True
post,fasthttp,1,2,gke-bench-apps-2978ac17-5dh9,3,20000,20001.08,0.0,0.0,1.000054,0.6754229261920314,1.3646422595161893,1.8893986792956237,2.712724924012155,0.6066712266666665,0.0,True
post,fasthttp,1,2,gke-bench-apps-2978ac17-5dh9,4,25000,25001.64,0.0,0.0,1.0000656,0.6620412999322952,1.3828511742940355,1.927434399212362,2.7730375000000302,0.77991118359107,0.0,True
post,fasthttp,1,2,gke-bench-apps-2978ac17-5dh9,5,30000,30001.72,0.0,0.0,1.0000573333333334,0.7251211709965103,1.6014398527490805,3.4495821854912685,8.807361538461947,0.822325396209682,0.0,True
post,fasthttp,1,2,gke-bench-apps-2978ac17-5dh9,6,35000,34998.52,0.0,0.0,0.9999577142857143,0.9283346479984225,2.471880557977333,4.531038979248457,6.710200847457637,0.9224679871267107,0.0,True
post,fasthttp,1,2,gke-bench-apps-2978ac17-5dh9,7,40000,39996.6,0.0,0.0,0.999915,0.9099906351098246,2.4144347617524784,4.492843222174099,6.845023489932861,1.1186433933333335,0.0,True
post,fasthttp,1,2,gke-bench-apps-2978ac17-5dh9,8,45000,45002.44,0.0,0.0,1.0000542222222222,0.9335226394683975,2.430028708002528,4.648294440631423,7.088088138385514,1.2794561600000005,0.0,True
post,fasthttp,1,2,gke-bench-apps-2978ac17-5dh9,9,50000,50001.96,0.0,0.0,1.0000392,1.4818314303608422,3.668322363633424,5.781230060660527,10.228521205356499,1.273696575211164,0.0,True
post,fasthttp,1,2,gke-bench-apps-2978ac17-5dh9,10,55000,55001.2,0.0,0.0,1.0000218181818181,1.4700648888697263,3.7171250705638843,7.288996340825916,19.273896144278563,1.396902939482668,0.0,True
post,fasthttp,1,2,gke-bench-apps-2978ac17-5dh9,11,60000,59996.64,0.0,0.0,0.999944,1.438502262121894,3.54978612579907,5.866670131670139,9.374771349862304,1.6395023328732903,0.0,True
post,fasthttp,1,2,gke-bench-apps-2978ac17-5dh9,12,65000,65000.24,0.0,0.0,1.0000036923076923,1.6828289603287023,3.8333277986645644,6.497734996102879,9.331987341772122,1.5104209742074948,0.0,True
post,fasthttp,1,2,gke-bench-apps-2978ac17-5dh9,13,70000,70019.96,0.0,0.0,1.0002851428571429,2.2809033138720465,4.711829417497875,25.929815785294593,41.03150113507358,1.572562349496296,0.004773351707974521,True
post,fasthttp,1,2,gke-bench-apps-2978ac17-5dh9,14,75000,75003.0,0.0,0.0,1.00004,2.5995788192621583,6.38392930622994,49.854523778837475,70.746615312792,1.8745458501929155,0.011081324931498503,True
post,fasthttp,1,2,gke-bench-apps-2978ac17-5dh9,15,80000,79456.16,0.0,0.0,0.993202,87.59796407185628,280.2682299887261,375.71066309655055,441.38479235135867,1.985224367197834,0.3183879986891463,False
post,fasthttp,1,2,gke-bench-apps-2978ac17-5dh9,16,85000,79404.68,3411.92,3411.92,0.5176658823529412,984.3985060631309,1387.8562543145963,1488.7856254314597,1498.878562543146,1.8274505914316206,0.4864724373194309,False
post,fasthttp,1,2,gke-bench-apps-2978ac17-5dh9,17,90000,79544.08,10453.16,10453.16,0.09879155555555555,1218.5389858355304,1443.7077971671063,1494.3707797167108,1499.437077971671,2.022105689678477,0.38752892813500656,False
post,fasthttp,1,2,gke-bench-apps-2978ac17-5dh9,18,95000,78577.48,16420.84,16420.84,0.03939115789473684,1237.4986837765912,1447.4997367553183,1494.749973675532,1499.4749973675532,2.057012367987094,0.5431647419443983,False
post,fasthttp,1,2,gke-bench-apps-2978ac17-5dh9,19,100000,78750.04,21247.64,21247.64,0.0204696,1243.3282992025875,1448.6656598405175,1494.8665659840517,1499.486656598405,1.8753944641364872,0.5123664965790313,False
post,gin,1,2,gke-bench-apps-2978ac17-rd8n,0,5000,5000.08,0.0,0.0,1.000016,0.715599593495935,1.2914540859309183,1.4810106149957876,1.4999662679022747,0.5739833468315018,0.0,True
post,gin,1,2,gke-bench-apps-2978ac17-rd8n,1,10000,9997.08,0.0,0.0,0.999708,0.7154560155239328,1.3024008436059251,1.4862728476604652,1.9567892628205157,0.6841344040464254,0.0,True
post,gin,1,2,gke-bench-apps-2978ac17-rd8n,2,15000,15000.12,0.0,0.0,1.000008,0.699257359500446,1.3476438266246002,1.868508602788488,2.893732662192365,0.7778871755652722,0.0,True
post,gin,1,2,gke-bench-apps-2978ac17-rd8n,3,20000,20000.12,0.0,0.0,1.000006,0.7817815049864008,1.7232414905830156,3.5708736263736216,5.230897569444399,0.9298288560266095,0.0,True
post,gin,1,2,gke-bench-apps-2978ac17-rd8n,4,25000,24999.36,0.0,0.0,0.9999744,0.8032997630331753,2.027476876132354,4.828620915032685,7.159422818791854,1.2163971733333347,0.0,True
post,gin,1,2,gke-bench-apps-2978ac17-rd8n,5,30000,29999.88,0.0,0.0,0.999996,1.5816498698625991,5.573342765970258,9.139250943396231,14.311122235505119,1.3422668541330374,0.0,True
post,gin,1,2,gke-bench-apps-2978ac17-rd8n,6,35000,35000.64,0.0,0.0,1.0000182857142856,2.4858215962441315,6.795352824399929,10.966013836110283,14.802681477150955,1.4920001323281318,0.0,True
post,gin,1,2,gke-bench-apps-2978ac17-rd8n,7,40000,40000.56,0.0,0.0,1.000014,2.8354456423339647,7.4778601997146925,16.799082905355807,43.19828609986527,1.6808995599999996,0.0036363636363636364,True
post,gin,1,2,gke-bench-apps-2978ac17-rd8n,8,45000,45013.24,0.0,0.0,1.0002942222222222,4.254030385765494,13.91610573312762,56.66429940119753,82.18835473515244,1.8650952266666658,0.06228373702422145,False
post,gin,1,2,gke-bench-apps-2978ac17-rd8n,9,50000,45617.76,2642.08,2642.08,0.4903528,989.021525714697,1391.901657431332,1489.1901657431333,1498.9190165743134,1.8941817999999997,0.20743034055727555,False
post,gin,1,2,gke-bench-apps-2978ac17-rd8n,10,55000,45228.88,9665.68,9665.68,0.08496436363636363,1221.193791079164,1444.2387582158326,1494.4238758215834,1499.4423875821583,1.9969073546054126,0.3942307692307692,False
post,gin,1,2,gke-bench-apps-2978ac17-rd8n,11,60000,45723.64,14175.88,14175.88,0.049253333333333336,1232.7255798902181,1446.5451159780437,1494.6545115978042,1499.4654511597805,2.0001984066666667,0.3779264214046823,False
post,gin,1,2,gke-bench-apps-2978ac17-rd8n,12,65000,45894.8,19002.24,19002.24,0.03183446153846154,1238.1961576760227,1447.6392315352045,1494.7639231535206,1499.476392315352,1.987315453333334,0.40942992035025094,False
post,gin,1,2,gke-bench-apps-2978ac17-rd8n,13,70000,45410.48,24487.88,24487.88,0.021841714285714287,1241.2895074833257,1448.2579014966652,1494.8257901496665,1499.4825790149666,2.0375160935981405,0.37337832092613116,False
post,gin,1,2,gke-bench-apps-2978ac17-rd8n,14,75000,45729.08,29168.76,29168.76,0.016903466666666665,1242.8715566699325,1448.5743113339863,1494.8574311333987,1499.4857431133398,2.0152810233068386,0.3464052287581699,False
post,gin,1,2,gke-bench-apps-2978ac17-rd8n,15,80000,45610.88,34288.36,34288.36,0.0136295,1243.8772053875382,1448.7754410775078,1494.8775441077507,1499.4877544107749,2.059716089147761,0.3406701552549683,False
post,gin,1,2,gke-bench-apps-2978ac17-rd8n,16,85000,45972.24,38929.36,38929.36,0.01173835294117647,1244.4537435452282,1448.8907487090457,1494.8890748709046,1499.4889074870903,2.074486911196227,0.37091616577281356,False
post,gin,1,2,gke-bench-apps-2978ac17-rd8n,17,90000,45622.88,44273.88,44273.88,0.010278222222222222,1244.8261481986601,1448.965229639732,1494.8965229639732,1499.4896522963975,1.9073613866666665,0.3581516151957219,False
post,gin,1,2,gke-bench-apps-2978ac17-rd8n,18,95000,45428.72,49468.32,49468.32,0.009111157894736842,1245.1441953398278,1449.0288390679655,1494.9028839067967,1499.4902883906796,1.803076324668992,0.3960556715661397,False
post,gin,1,2,gke-bench-apps-2978ac17-rd8n,19,100000,45237.56,54662.64,54662.64,0.0083076,1245.3230135925128,1449.0646027185026,1494.9064602718502,1499.490646027185,1.7795742389330473,0.3691943410249378,False
get,echo,1,3,gke-bench-apps-2978ac17-5dh9,0,5000,4999.92,0.0,0.0,0.999984,0.7187681862269641,1.2839794993375637,1.4800923924412523,1.4997036817516212,0.46118988888888884,0.0,True
get,echo,1,3,gke-bench-apps-2978ac17-5dh9,1,10000,10000.24,0.0,0.0,1.000024,0.7187444933920705,1.2961561481678527,1.4831992751213672,1.8234378531073532,0.5889874270004996,0.0,True
get,echo,1,3,gke-bench-apps-2978ac17-5dh9,2,15000,15000.08,0.0,0.0,1.0000053333333334,0.6844354838709678,1.319865636834335,1.5118320363164692,2.3596818181818393,0.671215184204724,0.0,True
get,echo,1,3,gke-bench-apps-2978ac17-5dh9,3,20000,20000.88,0.0,0.0,1.000044,0.7172150610583446,1.4490560198081088,2.463297246725473,3.6484970588235335,0.8275038275818138,0.0,True
get,echo,1,3,gke-bench-apps-2978ac17-5dh9,4,25000,25000.88,0.0,0.0,1.0000352,0.7144206974128234,1.534085955675279,2.89391078316284,5.387977611940308,1.036709262234225,0.0,True
get,echo,1,3,gke-bench-apps-2978ac17-5dh9,5,30000,30000.28,0.0,0.0,1.0000093333333333,1.172666602077775,3.822768873508789,7.012904635258369,9.74353709677422,1.1545603333333334,0.0,True
get,echo,1,3,gke-bench-apps-2978ac17-5dh9,6,35000,34998.96,0.0,0.0,0.9999702857142857,1.6831093168302471,5.100987938912444,8.015039393939395,11.907657091561735,1.3044582850662667,0.0,True
get,echo,1,3,gke-bench-apps-2978ac17-5dh9,7,40000,39998.84,0.0,0.0,0.999971,1.6685180682612528,4.961096587195589,7.770937500000004,10.192467032966926,1.5761500334019263,0.0,True
get,echo,1,3,gke-bench-apps-2978ac17-5dh9,8,45000,45000.56,0.0,0.0,1.0000124444444445,1.8129591327294772,5.333372351281589,9.019980190174346,22.911913407821462,1.682862064971175,0.0,True
get,echo,1,3,gke-bench-apps-2978ac17-5dh9,9,50000,50000.0,0.0,0.0,1.0,3.2434328443404308,7.463565728685427,19.587876844130854,34.11764705882353,1.7657044612476724,0.0021641972501407355,True
get,echo,1,3,gke-bench-apps-2978ac17-5dh9,10,55000,54380.52,0.0,0.0,0.9887367272727273,130.01017389075218,296.18461550182076,399.4518569254184,483.1400738916247,1.9850670972710671,0.21078073312231124,False
get,echo,1,3,gke-bench-apps-2978ac17-5dh9,11,60000,54988.8,3662.88,3662.88,0.391066,1063.9248288016688,1412.7849657603338,1491.2784965760336,1499.1278496576035,1.90858264,0.36688789390972176,False
get,echo,1,3,gke-bench-apps-2978ac17-5dh9,12,65000,53155.56,11823.88,11823.88,0.07426338461538462,1225.0296098942983,1445.0059219788595,1494.500592197886,1499.4500592197885,1.8766841365723748,0.33231965714486267,False
get,echo,1,3,gke-bench-apps-2978ac17-5dh9,13,70000,54810.64,15168.8,15168.8,0.05063142857142857,1232.7167636371864,1446.5433527274374,1494.6543352727438,1499.4654335272744,1.9317778283621583,0.3557380871921643,False
get,echo,1,3,gke-bench-apps-2978ac17-5dh9,14,75000,54846.72,20133.8,20133.8,0.03287893333333333,1238.2308021259698,1447.646160425194,1494.7646160425195,1499.4764616042519,2.0892044572372535,0.3732592807931375,False
get,echo,1,3,gke-bench-apps-2978ac17-5dh9,15,80000,54745.76,25236.0,25236.0,0.0226865,1241.427870783838,1448.2855741567678,1494.8285574156769,1499.4828557415676,1.9083516693955993,0.2939765772882041,False
get,echo,1,3,gke-bench-apps-2978ac17-5dh9,16,85000,54478.44,30502.04,30502.04,0.016964235294117648,1243.2029802882846,1448.640596057657,1494.8640596057655,1499.4864059605766,2.0436984199999997,0.3650249493291802,False
get,echo,1,3,gke-bench-apps-2978ac17-5dh9,17,90000,54563.32,35415.28,35415.28,0.013448444444444445,1244.3285246029461,1448.865704920589,1494.8865704920588,1499.4886570492058,1.9877137524876418,0.33080621433174867,False
get,echo,1,3,gke-bench-apps-2978ac17-5dh9,18,95000,55123.52,39859.0,39859.0,0.01126021052631579,1245.052521746852,1449.0105043493704,1494.901050434937,1499.4901050434937,1.9964576500000002,0.3717105263157895,False
get,echo,1,3,gke-bench-apps-2978ac17-5dh9,19,100000,54793.04,45187.32,45187.32,0.0097572,1245.46744430975,1449.09348886195,1494.909348886195,1499.4909348886194,1.7846350099125263,0.2951388888888889,False
get,fiber,1,3,gke-bench-apps-2978ac17-rd8n,0,5000,4999.96,0.0,0.0,0.999992,0.6946529142108709,1.2631065179185452,1.4780127225490944,1.4995033430121496,0.33105565876363124,0.0,True
get,fiber,1,3,gke-bench-apps-2978ac17-rd8n,1,10000,10000.16,0.0,0.0,1.000016,0.7082213930348259,1.2854373137431563,1.4803603853350888,1.4998526924942825,0.3352692235729988,0.0,True
get,fiber,1,3,gke-bench-apps-2978ac17-rd8n,2,15000,15000.08,0.0,0.0,1.0000053333333334,0.680870523415978,1.300241793190581,1.4840382730302568,1.8425910493827327,0.42769617219173245,0.0,True
get,fiber,1,3,gke-bench-apps-2978ac17-rd8n,3,20000,19997.52,0.0,0.0,0.999876,0.6763332159210991,1.363198387394695,1.860272373540856,2.261017928286829,0.6164854668809283,0.0,True
get,fiber,1,3,gke-bench-apps-2978ac17-rd8n,4,25000,24999.36,0.0,0.0,0.9999744,0.6641104997707473,1.3866151306106256,1.9303945735792876,2.784588652482221,0.7348387457059871,0.0,True
get,fiber,1,3,gke-bench-apps-2978ac17-rd8n,5,30000,29998.92,0.0,0.0,0.999964,0.7109162355750099,1.5362046895318602,2.895647648996707,5.020743630573252,0.8234736392400508,0.0,True
get,fiber,1,3,gke-bench-apps-2978ac17-rd8n,6,35000,34998.24,0.0,0.0,0.9999497142857143,0.8999061637534498,2.3360314602482712,4.350231939163492,6.71490104166666,0.9874837966270487,0.0,True
get,fiber,1,3,gke-bench-apps-2978ac17-rd8n,7,40000,39996.68,0.0,0.0,0.999917,0.8839412949194548,2.276602039956167,4.10155653883972,6.340748305084732,1.10400038,0.0,True
get,fiber,1,3,gke-bench-apps-2978ac17-rd8n,8,45000,44997.8,0.0,0.0,0.9999511111111111,0.8980072678730346,2.2712061706907067,4.049694148936174,6.180047826086899,1.129412372302755,0.0,True
get,fiber,1,3,gke-bench-apps-2978ac17-rd8n,9,50000,49998.48,0.0,0.0,0.9999696,1.4661497187772103,3.602267203836305,5.263882235528936,7.133402102496676,1.2859490871057508,0.0,True
get,fiber,1,3,gke-bench-apps-2978ac17-rd8n,10,55000,54996.8,0.0,0.0,0.9999418181818182,1.5003077387588257,3.689129185227763,5.576141924959222,9.505621621621822,1.3860138764056635,0.0,True
get,fiber,1,3,gke-bench-apps-2978ac17-rd8n,11,60000,60001.72,0.0,0.0,1.0000286666666667,1.4585472999298683,3.5340208928897265,5.38044688411079,7.661907741935443,1.4947345506270255,0.0,True
get,fiber,1,3,gke-bench-apps-2978ac17-rd8n,12,65000,64997.76,0.0,0.0,0.9999655384615385,1.641150320173216,3.781375011269529,9.642002635046149,28.031377368151816,1.603355404869565,0.0,True
get,fiber,1,3,gke-bench-apps-2978ac17-rd8n,13,70000,69998.2,0.0,0.0,0.9999742857142857,2.16548340681616,4.159456180839103,6.717531070745694,9.861715148188763,1.704543646123135,0.0,True
get,fiber,1,3,gke-bench-apps-2978ac17-rd8n,14,75000,74989.12,0.0,0.0,0.9998549333333333,2.3785794920460726,4.667598111591111,14.550478485858074,35.64972043010794,1.7473701576831522,0.003901793222538464,True
get,fiber,1,3,gke-bench-apps-2978ac17-rd8n,15,80000,79992.88,0.0,0.0,0.999911,2.8249928474887285,11.38490978676873,61.173101809058515,81.32379646017732,1.7668225679545064,0.030779752722161654,False
get,fiber,1,3,gke-bench-apps-2978ac17-rd8n,16,85000,80095.12,1917.44,1917.44,0.7031604705882353,786.60164192567,1302.9783809100247,1480.2978380910026,1498.0297838091,1.8603122394125926,0.2748758686225704,False
get,fiber,1,3,gke-bench-apps-2978ac17-rd8n,17,90000,80244.68,9729.28,9729.28,0.10847377777777778,1215.3718876468388,1443.0743775293677,1494.307437752937,1499.4307437752936,1.9710066841297718,0.3946944645356898,False
get,fiber,1,3,gke-bench-apps-2978ac17-rd8n,18,95000,80241.88,14731.36,14731.36,0.04997894736842105,1234.27687118479,1446.8553742369581,1494.685537423696,1499.4685537423695,2.02781996996518,0.4634146341463415,False
get,fiber,1,3,gke-bench-apps-2978ac17-rd8n,19,100000,79637.36,20335.08,20335.08,0.0218804,1242.9371878281179,1448.5874375656235,1494.8587437565623,1499.4858743756563,2.076603353062967,0.4248989634781573,False
post,echo,1,3,gke-bench-apps-2978ac17-5dh9,0,5000,4999.96,0.0,0.0,0.999992,0.7215845724907064,1.285222060050042,1.480695892410342,1.5921118421052884,0.5472367000000001,0.0,True
post,echo,1,3,gke-bench-apps-2978ac17-5dh9,1,10000,9999.96,0.0,0.0,0.999996,0.7205585284280936,1.2994196251159096,1.4857018313683932,1.9493135738831524,0.6799379499999996,0.0,True
post,echo,1,3,gke-bench-apps-2978ac17-5dh9,2,15000,15000.16,0.0,0.0,1.0000106666666666,0.692721238938053,1.3361196628378524,1.7673322178843671,2.4882396416573265,0.7307843788866119,0.0,True
post,echo,1,3,gke-bench-apps-2978ac17-5dh9,3,20000,19998.16,0.0,0.0,0.999908,0.764,1.6492816233022425,3.3126683480453996,4.766541547277899,1.0261995373891137,0.0,True
post,echo,1,3,gke-bench-apps-2978ac17-5dh9,4,25000,24997.72,0.0,0.0,0.9999088,0.7694782096584217,1.901772796387597,4.431023571611574,6.298284448818927,1.162217554248382,0.0,True
post,echo,1,3,gke-bench-apps-2978ac17-5dh9,5,30000,29998.56,0.0,0.0,0.999952,1.451307603982794,5.0839062317315555,8.658441358024689,14.786702230843753,1.3586751286027234,0.0,True
post,echo,1,3,gke-bench-apps-2978ac17-5dh9,6,35000,35002.28,0.0,0.0,1.0000651428571428,2.2745869944384114,6.43829378231473,9.903743610438516,14.628874450478387,1.521659842133976,0.0,True
post,echo,1,3,gke-bench-apps-2978ac17-5dh9,7,40000,39996.76,0.0,0.0,0.999919,2.4997763076832813,6.680378255158024,11.261619114437144,14.76928632678516,1.7047685236192682,0.0,True
post,echo,1,3,gke-bench-apps-2978ac17-5dh9,8,45000,44995.08,0.0,0.0,0.9998906666666667,2.8988694053218564,7.364989521480965,13.320173752745525,18.12624999999981,1.7557993481655527,0.01968712550493234,True
post,echo,1,3,gke-bench-apps-2978ac17-5dh9,9,50000,48271.72,95.08,95.08,0.9407776,493.23458103178143,883.929981300644,1304.2255280490585,1480.4225528049046,1.871336371012024,0.26728859366338853,False
post,echo,1,3,gke-bench-apps-2978ac17-5dh9,10,55000,48447.8,6496.52,6496.52,0.1516530909090909,1198.0081721639779,1439.6016344327954,1493.9601634432795,1499.3960163443278,2.000470974822912,0.35813614490007395,False
post,echo,1,3,gke-bench-apps-2978ac17-5dh9,11,60000,47233.88,12729.76,12729.76,0.06005133333333333,1229.3547218937083,1445.8709443787416,1494.5870944378742,1499.4587094437875,1.9769226993817635,0.3217917710290907,False
post,echo,1,3,gke-bench-apps-2978ac17-5dh9,12,65000,47829.64,17132.4,17132.4,0.03877292307692308,1236.0942762428988,1447.2188552485798,1494.7218855248582,1499.4721885524857,1.9868043810970342,0.3644761102070619,False
post,echo,1,3,gke-bench-apps-2978ac17-5dh9,13,70000,47916.08,22044.92,22044.92,0.027074285714285714,1239.704673183129,1447.9409346366258,1494.7940934636626,1499.479409346366,1.9640906405234075,0.3524376886412854,False
post,echo,1,3,gke-bench-apps-2978ac17-5dh9,14,75000,48263.44,26697.16,26697.16,0.0205376,1241.7582558698991,1448.3516511739797,1494.835165117398,1499.4835165117397,2.0104453923333754,0.339969836500127,False
post,echo,1,3,gke-bench-apps-2978ac17-5dh9,15,80000,47459.36,32503.64,32503.64,0.0156795,1243.2130721783356,1448.6426144356672,1494.8642614435666,1499.4864261443568,1.9181443665566182,0.34414088519320235,False
post,echo,1,3,gke-bench-apps-2978ac17-5dh9,16,85000,47469.6,37493.72,37493.72,0.012774588235294117,1244.1475205977263,1448.8295041195454,1494.8829504119544,1499.4882950411954,1.9395229118175938,0.35869429529714253,False
post,echo,1,3,gke-bench-apps-2978ac17-5dh9,17,90000,47323.16,42639.48,42639.48,0.011103555555555556,1244.6068806040257,1448.9213761208052,1494.8921376120804,1499.4892137612082,2.004161824368986,0.3502175483975878,False
post,echo,1,3,gke-bench-apps-2978ac17-5dh9,18,95000,47854.24,47109.2,47109.2,0.009958736842105263,1244.9578069146178,1448.9915613829237,1494.8991561382923,1499.4899156138292,2.0291765657703422,0.3269044544762805,False
post,echo,1,3,gke-bench-apps-2978ac17-5dh9,19,100000,48056.4,51911.8,51911.8,0.0089292,1245.2668887028692,1449.0533777405738,1494.9053377740572,1499.4905337774057,2.0101120482864316,0.3649557689940699,False
post,fiber,1,3,gke-bench-apps-2978ac17-rd8n,0,5000,5000.0,0.0,0.0,1.0,0.7043706563706563,1.2759813993727696,1.478749864821023,1.4990267113658482,0.37325903670115523,0.0,True
post,fiber,1,3,gke-bench-apps-2978ac17-rd8n,1,10000,10000.08,0.0,0.0,1.000008,0.7093610049153468,1.2927511224284662,1.4812200964953428,1.5259675324675077,0.44603810741570554,0.0,True
post,fiber,1,3,gke-bench-apps-2978ac17-rd8n,2,15000,15000.16,0.0,0.0,1.0000106666666666,0.6847694524495678,1.309276877133106,1.4892595989761093,1.9632389380530921,0.5311284697017936,0.0,True
post,fiber,1,3,gke-bench-apps-2978ac17-rd8n,3,20000,19998.48,0.0,0.0,0.999924,0.6836063791228706,1.3951173039962885,1.9577798976268035,2.9577184801381695,0.6293507072962946,0.0,True
post,fiber,1,3,gke-bench-apps-2978ac17-rd8n,4,25000,24996.36,0.0,0.0,0.9998544,0.6661427598729006,1.4200697358510865,1.9962086618986499,3.180758741258759,0.7773279128606032,0.0,True
post,fiber,1,3,gke-bench-apps-2978ac17-rd8n,5,30000,30001.4,0.0,0.0,1.0000466666666668,0.8016885610347616,1.871098879719849,4.137167042889396,7.199265202702648,0.9302580396601176,0.0,True
post,fiber,1,3,gke-bench-apps-2978ac17-rd8n,6,35000,34999.52,0.0,0.0,0.9999862857142857,1.0680784122471556,2.9522203353852694,5.176985221674877,7.295426146010176,1.0760625730889373,0.0,True
post,fiber,1,3,gke-bench-apps-2978ac17-rd8n,7,40000,39996.52,0.0,0.0,0.999913,1.0641944015869518,2.9276263968191163,5.190250433651344,7.265078104138812,1.198350773333334,0.0,True
post,fiber,1,3,gke-bench-apps-2978ac17-rd8n,8,45000,44999.4,0.0,0.0,0.9999866666666667,1.0550946536396606,2.9028257005437057,5.184209717097161,7.435101760175961,1.3842516359441357,0.0,True
post,fiber,1,3,gke-bench-apps-2978ac17-rd8n,9,50000,50000.2,0.0,0.0,1.000004,1.6787801685519095,4.045097229954121,6.079713707345282,8.485876123234988,1.369823243155281,0.0,True
post,fiber,1,3,gke-bench-apps-2978ac17-rd8n,10,55000,55001.8,0.0,0.0,1.0000327272727272,1.7302824966012225,4.123603399529925,6.475780894617138,9.593434959349695,1.5765938946876494,0.0,True
post,fiber,1,3,gke-bench-apps-2978ac17-rd8n,11,60000,60004.96,0.0,0.0,1.0000826666666667,1.7819647377536971,4.217238222993767,7.0759537310047635,11.395665545410695,1.6539137007901012,0.0,True
post,fiber,1,3,gke-bench-apps-2978ac17-rd8n,12,65000,65000.04,0.0,0.0,1.0000006153846155,2.03698687623989,4.610084042122319,9.286982574679941,29.858121238177425,1.7415656999999996,0.0,True
post,fiber,1,3,gke-bench-apps-2978ac17-rd8n,13,70000,69999.2,0.0,0.0,0.9999885714285714,3.7673126719533907,64.62479486796957,133.9292144026186,151.09055338177805,1.817179273333333,0.10437981937614453,False
post,fiber,1,3,gke-bench-apps-2978ac17-rd8n,14,75000,70855.52,1482.24,1482.24,0.7170154666666667,886.7222153597377,1292.5697450021544,1479.2569745002154,1497.9256974500215,1.8700821700083408,0.36354601659881924,False
post,fiber,1,3,gke-bench-apps-2978ac17-rd8n,15,80000,71198.96,8776.12,8776.12,0.1090475,1215.0909257375251,1443.018185147505,1494.3018185147505,1499.430181851475,1.880476051644194,0.3924914675767918,False
post,fiber,1,3,gke-bench-apps-2978ac17-rd8n,16,85000,71484.28,13497.44,13497.44,0.048321411764705884,1234.7599238671498,1446.95198477343,1494.6951984773432,1499.4695198477343,1.9864555823565948,0.3934327510328281,False
post,fiber,1,3,gke-bench-apps-2978ac17-rd8n,17,90000,72148.32,17830.28,17830.28,0.025087111111111112,1241.9236496873393,1448.384729937468,1494.8384729937468,1499.4838472993747,1.9505311662732128,0.3800821280088359,False
post,fiber,1,3,gke-bench-apps-2978ac17-rd8n,18,95000,71832.72,23143.28,23143.28,0.012129684210526315,1245.9241883181194,1449.1848376636237,1494.9184837663622,1499.4918483766362,1.9503516578415163,0.4077523240643534,False
post,fiber,1,3,gke-bench-apps-2978ac17-rd8n,19,100000,71628.28,28347.76,28347.76,0.0063516,1247.7633043878056,1449.552660877561,1494.9552660877562,1499.4955266087757,2.1478092129369566,0.45731527512249975,False
get,stdlib,2,1,gke-bench-apps-2978ac17-5dh9,0,5000,4999.88,0.0,0.0,0.999976,0.7139219474497682,1.2739973018303798,1.479089732370743,1.4995989754247794,0.46747441023337577,0.0,True
get,stdlib,2,1,gke-bench-apps-2978ac17-5dh9,1,10000,9999.88,0.0,0.0,0.999988,0.7127347883597884,1.2923512963904424,1.4829946619217083,1.884498417721514,0.5570752660083651,0.0,True
get,stdlib,2,1,gke-bench-apps-2978ac17-5dh9,2,15000,14999.84,0.0,0.0,0.9999893333333333,0.6814074717636838,1.3159628122429545,1.4985986406337937,2.3298361344537977,0.6527470394733588,0.0,True
get,stdlib,2,1,gke-bench-apps-2978ac17-5dh9,3,20000,20000.52,0.0,0.0,1.000026,0.716776466732219,1.4436010059402509,2.436632199861207,3.8174647239264154,0.8396867418048906,0.0,True
get,stdlib,2,1,gke-bench-apps-2978ac17-5dh9,4,25000,25001.88,0.0,0.0,1.0000752,0.7094028797289667,1.5425036113434203,2.9956313508667085,4.494427285318546,1.07974486,0.0,True
get,stdlib,2,1,gke-bench-apps-2978ac17-5dh9,5,30000,30000.68,0.0,0.0,1.0000226666666667,1.1839375659112532,3.778683881901705,6.930069665118547,8.991887334315175,1.21380195207304,0.0,True
get,stdlib,2,1,gke-bench-apps-2978ac17-5dh9,6,35000,34999.96,0.0,0.0,0.9999988571428572,1.7036105639005172,5.185291566455072,8.018063567628117,9.96524131016046,1.4067693984543757,0.0,True
get,stdlib,2,1,gke-bench-apps-2978ac17-5dh9,7,40000,39998.12,0.0,0.0,0.999953,1.7588797314116578,5.307943649249585,8.942512874886393,16.946342315369364,1.527373551451049,0.0,True
get,stdlib,2,1,gke-bench-apps-2978ac17-5dh9,8,45000,45001.68,0.0,0.0,1.0000373333333332,1.8425931692214619,5.374858822844502,8.59092525773197,13.487759731167882,1.6406959810248123,0.0,True
get,stdlib,2,1,gke-bench-apps-2978ac17-5dh9,9,50000,49998.36,0.0,0.0,0.9999672,3.3975607618602477,7.6357173981936315,17.162121693121648,28.72642419175019,1.778248677048394,0.006162337796402781,True
get,stdlib,2,1,gke-bench-apps-2978ac17-5dh9,10,55000,54904.08,0.0,0.0,0.998256,7.835528442146089,93.48447917805227,161.18032492056824,198.20873448834018,1.8783206626303057,0.08553311745416212,False
get,stdlib,2,1,gke-bench-apps-2978ac17-5dh9,11,60000,54779.64,3132.96,3132.96,0.48908266666666667,988.4058778879453,1392.3130937759,1489.23130937759,1498.9231309377592,1.8808709282933918,0.26184948433183897,False
get,stdlib,2,1,gke-bench-apps-2978ac17-5dh9,12,65000,54727.44,10268.96,10268.96,0.08862892307692308,1220.5876826961094,1444.1175365392219,1494.411753653922,1499.4411753653922,1.9263918981168175,0.27081160403472165,False
get,stdlib,2,1,gke-bench-apps-2978ac17-5dh9,13,70000,52965.8,17030.68,17030.68,0.040656,1235.8044352859583,1447.1608870571918,1494.7160887057191,1499.471608870572,1.9594565178187273,0.26423240427855454,False
get,stdlib,2,1,gke-bench-apps-2978ac17-5dh9,14,75000,53116.16,21880.72,21880.72,0.0273616,1239.9532038593109,1447.9906407718622,1494.7990640771861,1499.4799064077188,1.9282899777048825,0.3507717470727324,False
get,stdlib,2,1,gke-bench-apps-2978ac17-5dh9,15,80000,53156.92,26840.8,26840.8,0.0199835,1242.2481838014642,1448.4496367602928,1494.8449636760292,1499.4844963676028,1.9991896765136588,0.3328880730023665,False
get,stdlib,2,1,gke-bench-apps-2978ac17-5dh9,16,85000,53632.72,31366.56,31366.56,0.015864,1243.5523641140321,1448.7104728228064,1494.8710472822806,1499.4871047282281,1.985583573252233,0.2635894844606127,False
get,stdlib,2,1,gke-bench-apps-2978ac17-5dh9,17,90000,53416.04,36583.36,36583.36,0.01286711111111111,1244.4599869876383,1448.8919973975278,1494.889199739753,1499.488919973975,2.0267074847611743,0.3094126422861109,False
get,stdlib,2,1,gke-bench-apps-2978ac17-5dh9,18,95000,53207.56,41787.2,41787.2,0.010649263157894736,1245.1544068229139,1449.030881364583,1494.9030881364583,1499.4903088136457,2.0289326110235435,0.3418977370512682,False
get,stdlib,2,1,gke-bench-apps-2978ac17-5dh9,19,100000,53682.56,46316.0,46316.0,0.0093196,1245.5831782008167,1449.1166356401632,1494.9116635640162,1499.4911663564017,2.01371228818183,0.3249287900325305,False
get,chi,2,1,gke-bench-apps-2978ac17-rd8n,0,5000,5000.04,0.0,0.0,1.000008,0.7211944777911165,1.2973810927672957,1.4816396422955977,1.5289782608695375,0.5153734673810517,0.0,True
get,chi,2,1,gke-bench-apps-2978ac17-rd8n,1,10000,9999.88,0.0,0.0,0.999988,0.7144521452145215,1.302437385659009,1.4845712921139118,1.9047094117647023,0.6556800462598125,0.0,True
get,chi,2,1,gke-bench-apps-2978ac17-rd8n,2,15000,15000.2,0.0,0.0,1.0000133333333334,0.6923704453441295,1.334107210466535,1.7178119438402226,2.4514688041594415,0.7712493242956878,0.0,True
get,chi,2,1,gke-bench-apps-2978ac17-rd8n,3,20000,20001.88,0.0,0.0,1.000094,0.7511232199941877,1.5316249716084231,3.028937499999994,5.228161417322754,0.938345890901161,0.0,True
get,chi,2,1,gke-bench-apps-2978ac17-rd8n,4,25000,25000.6,0.0,0.0,1.000024,0.7530797375725461,1.732863385364581,3.3733965448768846,4.871562499999988,1.1382105006733285,0.0,True
get,chi,2,1,gke-bench-apps-2978ac17-rd8n,5,30000,29999.2,0.0,0.0,0.9999733333333334,1.3340718838499286,4.496657843972903,7.991647331786536,11.154408352668321,1.2644389066666668,0.0,True
get,chi,2,1,gke-bench-apps-2978ac17-rd8n,6,35000,35001.64,0.0,0.0,1.0000468571428571,2.0570398108001577,5.8722903262648956,8.96243696644828,13.547830252100892,1.4481711567541142,0.0,True
get,chi,2,1,gke-bench-apps-2978ac17-rd8n,7,40000,39995.48,0.0,0.0,0.999887,2.2116544081729494,6.225525061940157,12.991409891248061,34.91530493273548,1.6316094229194362,0.0,True
get,chi,2,1,gke-bench-apps-2978ac17-rd8n,8,45000,45002.2,0.0,0.0,1.000048888888889,2.4553137897547948,6.53637563607147,11.448281031381155,14.821422146711994,1.7108114198337152,0.0,True
get,chi,2,1,gke-bench-apps-2978ac17-rd8n,9,50000,49971.52,0.0,0.0,0.9994304,5.570526296875281,18.574847785009446,50.74646823633927,74.22837310195258,1.7877897708519728,0.07372732422907853,False
get,chi,2,1,gke-bench-apps-2978ac17-rd8n,10,55000,50448.72,2966.56,2966.56,0.4601832727272727,999.571734047443,1399.6590109886613,1489.9659010988662,1498.9965901098865,1.9023357725318324,0.3240362066282029,False
get,chi,2,1,gke-bench-apps-2978ac17-rd8n,11,60000,51068.08,8929.84,8929.84,0.10131466666666666,1216.2203373254026,1443.2440674650807,1494.324406746508,1499.4324406746507,1.9085139767662296,0.3545696226261064,False
get,chi,2,1,gke-bench-apps-2978ac17-rd8n,12,65000,49796.36,15207.48,15207.48,0.045500307692307694,1234.2143827643897,1446.8428765528781,1494.6842876552878,1499.4684287655286,1.8534216795019793,0.3595598114394119,False
get,chi,2,1,gke-bench-apps-2978ac17-rd8n,13,70000,49938.8,20060.68,20060.68,0.029726285714285716,1239.1301258975518,1447.8260251795102,1494.7826025179509,1499.478260251795,1.9659112399320646,0.3291962911089883,False
get,chi,2,1,gke-bench-apps-2978ac17-rd8n,14,75000,48939.64,26059.28,26059.28,0.019657066666666667,1242.2349688277936,1448.4469937655588,1494.8446993765558,1499.4844699376558,1.989189062779942,0.3806917346522723,False
get,chi,2,1,gke-bench-apps-2978ac17-rd8n,15,80000,49498.04,30500.4,30500.4,0.0158455,1243.4292479432058,1448.6858495886413,1494.8685849588642,1499.4868584958865,1.9968049808015007,0.37396477934150574,False
get,chi,2,1,gke-bench-apps-2978ac17-rd8n,16,85000,49228.84,35769.28,35769.28,0.012668235294117647,1244.4093749714445,1448.881874994289,1494.8881874994288,1499.488818749943,2.011995676567104,0.3867814012773831,False
get,chi,2,1,gke-bench-apps-2978ac17-rd8n,17,90000,49106.24,40889.28,40889.28,0.010699555555555556,1244.9995097965905,1448.999901959318,1494.8999901959317,1499.4899990195931,2.104179667111,0.3277556033762915,False
get,chi,2,1,gke-bench-apps-2978ac17-rd8n,18,95000,49525.8,45474.32,45474.32,0.009569684210526315,1245.325061275266,1449.0650122550533,1494.9065012255053,1499.4906501225505,2.0930514505425863,0.29337539432176657,False
get,chi,2,1,gke-bench-apps-2978ac17-rd8n,19,100000,49487.4,50512.08,50512.08,0.0084748,1245.6441129015016,1449.1288225803003,1494.91288225803,1499.491288225803,2.131303591856915,0.3086214479597098,False
post,stdlib,2,1,gke-bench-apps-2978ac17-5dh9,0,5000,4999.92,0.0,0.0,0.999984,0.7181453867660764,1.2821492789902338,1.4804678630610302,1.6036707317072751,0.5779240389673544,0.0,True
post,stdlib,2,1,gke-bench-apps-2978ac17-5dh9,1,10000,9999.84,0.0,0.0,0.999984,0.718287255563048,1.297612059765208,1.4852091115261474,1.9212424778760941,0.6381390880500892,0.0,True
post,stdlib,2,1,gke-bench-apps-2978ac17-5dh9,2,15000,15000.32,0.0,0.0,1.0000213333333334,0.6874306393244873,1.3283533715557077,1.6845533526397845,2.4082646616541563,0.8226811534717611,0.0,True
post,stdlib,2,1,gke-bench-apps-2978ac17-5dh9,3,20000,19999.72,0.0,0.0,0.999986,0.7552524822695036,1.6484168771567826,3.790396056727777,6.483131756756699,0.9960821757050371,0.0,True
post,stdlib,2,1,gke-bench-apps-2978ac17-5dh9,4,25000,24997.68,0.0,0.0,0.9999072,0.7700362056480811,1.8884845682580056,4.379667917990176,6.798689045936327,1.1735773305662882,0.0,True
post,stdlib,2,1,gke-bench-apps-2978ac17-5dh9,5,30000,29999.04,0.0,0.0,0.999968,1.4558122854654438,5.097151951750712,8.397412413793102,12.52007999999992,1.3187651680787038,0.0,True
post,stdlib,2,1,gke-bench-apps-2978ac17-5dh9,6,35000,34999.88,0.0,0.0,0.9999965714285715,2.2897515111937174,6.379235806084269,9.401417702528935,14.082267801857615,1.5005831023841907,0.0,True
post,stdlib,2,1,gke-bench-apps-2978ac17-5dh9,7,40000,39998.6,0.0,0.0,0.999965,2.4956712324770614,6.704749396019481,12.075544260525358,32.160598377282284,1.6620149236308757,0.0,True
post,stdlib,2,1,gke-bench-apps-2978ac17-5dh9,8,45000,44994.4,0.0,0.0,0.9998755555555555,3.1789835292657957,8.322613652974711,21.83007608533486,37.45548455803993,1.6720479954672691,0.0009830530022232329,True
post,stdlib,2,1,gke-bench-apps-2978ac17-5dh9,9,50000,47980.68,254.28,254.28,0.886432,544.8016634676904,988.6000880775082,1434.4361424183132,1493.4436142418313,1.8576447705877157,0.22455559098522682,False
post,stdlib,2,1,gke-bench-apps-2978ac17-5dh9,10,55000,48252.24,6722.76,6722.76,0.14736436363636363,1199.529232424677,1439.9058464849354,1493.9905846484935,1499.3990584648493,1.9115791755903107,0.35363739590927573,False
post,stdlib,2,1,gke-bench-apps-2978ac17-5dh9,11,60000,48232.56,11747.68,11747.68,0.06886266666666667,1226.577749156478,1445.3155498312956,1494.5315549831296,1499.4531554983128,2.0266823442783743,0.2859277677539032,False
post,stdlib,2,1,gke-bench-apps-2978ac17-5dh9,12,65000,48364.84,16615.48,16615.48,0.041204923076923076,1235.3440358337646,1447.068807166753,1494.7068807166752,1499.4706880716676,1.9557265000000006,0.3289200446890149,False
post,stdlib,2,1,gke-bench-apps-2978ac17-5dh9,13,70000,48158.28,21823.72,21823.72,0.02781257142857143,1239.4675339851206,1447.893506797024,1494.7893506797022,1499.4789350679703,2.0964402564325018,0.2866319714891472,False
post,stdlib,2,1,gke-bench-apps-2978ac17-5dh9,14,75000,48239.76,26739.88,26739.88,0.020467733333333335,1241.7830504352025,1448.3566100870407,1494.8356610087042,1499.4835661008703,2.07278963217933,0.33993399339933994,False
post,stdlib,2,1,gke-bench-apps-2978ac17-5dh9,15,80000,48300.44,31678.12,31678.12,0.0162055,1243.1046293932432,1448.6209258786487,1494.862092587865,1499.4862092587864,1.940052093674423,0.2802785773773747,False
post,stdlib,2,1,gke-bench-apps-2978ac17-5dh9,16,85000,48495.28,36482.08,36482.08,0.013294117647058824,1244.0357156127864,1448.8071431225574,1494.8807143122558,1499.4880714312255,2.071198340000001,0.2816094782396392,False
post,stdlib,2,1,gke-bench-apps-2978ac17-5dh9,17,90000,48316.24,41665.16,41665.16,0.011437333333333334,1244.5578985122302,1448.911579702446,1494.8911579702446,1499.4891157970244,2.056104139999999,0.2944387669912073,False
post,stdlib,2,1,gke-bench-apps-2978ac17-5dh9,18,95000,48077.68,46898.24,46898.24,0.010090526315789473,1244.9139499328085,1448.9827899865618,1494.8982789986562,1499.4898278998655,2.090543367511642,0.2954440087213183,False
post,stdlib,2,1,gke-bench-apps-2978ac17-5dh9,19,100000,48063.32,51923.76,51923.76,0.0088768,1245.2958772790364,1449.0591754558072,1494.9059175455807,1499.490591754558,2.0179678555555536,0.2979452054794521,False
post,chi,2,1,gke-bench-apps-2978ac17-rd8n,0,5000,4999.92,0.0,0.0,0.999984,0.7242146017699115,1.2947579975417733,1.4816134604524467,1.6304492753622692,0.5207043333333331,0.0,True
post,chi,2,1,gke-bench-apps-2978ac17-rd8n,1,10000,10000.12,0.0,0.0,1.000012,0.7189389830508475,1.3020900504803778,1.485287168213646,1.9300941747572844,0.6940661166666663,0.0,True
post,chi,2,1,gke-bench-apps-2978ac17-rd8n,2,15000,14999.44,0.0,0.0,0.9999626666666667,0.6981131279020684,1.3453273796927245,1.8392318099819616,2.710302180685397,0.8080439066666668,0.0,True
post,chi,2,1,gke-bench-apps-2978ac17-rd8n,3,20000,19998.84,0.0,0.0,0.999942,0.7866618682021753,1.8106731205076738,4.423735503179944,8.852696721311315,1.0038289,0.0,True
post,chi,2,1,gke-bench-apps-2978ac17-rd8n,4,25000,24999.52,0.0,0.0,0.9999808,0.8150402298850574,2.1415672754379442,4.916216360245137,6.988406189555114,1.3119225301684878,0.0,True
post,chi,2,1,gke-bench-apps-2978ac17-rd8n,5,30000,30001.08,0.0,0.0,1.000036,1.6789963727974988,5.779767664266428,9.34785870927318,14.351590797244091,1.4335148600000003,0.0,True
post,chi,2,1,gke-bench-apps-2978ac17-rd8n,6,35000,34998.8,0.0,0.0,0.9999657142857142,2.6951426790806594,7.087101216433325,11.605324074074092,14.748176085568339,1.6747324282742875,0.0,True
post,chi,2,1,gke-bench-apps-2978ac17-rd8n,7,40000,40000.28,0.0,0.0,1.000007,3.2813174946004318,8.305037715517242,22.833824626865553,44.77701486374904,1.7183486625001356,0.0,True
post,chi,2,1,gke-bench-apps-2978ac17-rd8n,8,45000,43769.32,3.4,3.4,0.9713395555555555,392.91615667074666,726.867678664782,918.3370999438513,1129.3248644986425,1.9565459968297378,0.20969000537288165,False
post,chi,2,1,gke-bench-apps-2978ac17-rd8n,9,50000,44526.8,5218.28,5218.28,0.2064576,1174.5489990620958,1434.9097998124191,1493.490979981242,1499.3490979981243,1.9599521338403625,0.31012105477257473,False
post,chi,2,1,gke-bench-apps-2978ac17-rd8n,10,55000,44608.16,10369.92,10369.92,0.07699563636363636,1223.7775366949527,1444.7555073389906,1494.475550733899,1499.4475550733898,2.006709599130424,0.2969653471428808,False
post,chi,2,1,gke-bench-apps-2978ac17-rd8n,11,60000,44565.68,15413.28,15413.28,0.042911333333333336,1234.67123907504,1446.9342478150081,1494.6934247815009,1499.46934247815,1.9582459951305873,0.34065978682964343,False
post,chi,2,1,gke-bench-apps-2978ac17-rd8n,12,65000,44730.8,20248.08,20248.08,0.029296,1238.884000956416,1447.7768001912832,1494.7776800191284,1499.4777680019129,2.0031196696627314,0.32015191087631084,False
post,chi,2,1,gke-bench-apps-2978ac17-rd8n,13,70000,44643.56,25338.16,25338.16,0.021772,1241.1638626775066,1448.2327725355012,1494.82327725355,1499.4823277253552,1.9590414956713842,0.34419492827327036,False
post,chi,2,1,gke-bench-apps-2978ac17-rd8n,14,75000,45498.72,29479.8,29479.8,0.0170512,1242.7699939484232,1448.5539987896848,1494.8553998789685,1499.4855399878968,1.83320499599115,0.30259365933393106,False
post,chi,2,1,gke-bench-apps-2978ac17-rd8n,15,80000,45069.48,34913.04,34913.04,0.0139015,1243.6750068702943,1448.7350013740588,1494.873500137406,1499.4873500137408,2.069648747919514,0.31466968858738,False
post,chi,2,1,gke-bench-apps-2978ac17-rd8n,16,85000,45395.56,39588.36,39588.36,0.011879058823529411,1244.3128258922216,1448.8625651784444,1494.8862565178445,1499.4886256517846,1.9275503699284582,0.28750569232396955,False
post,chi,2,1,gke-bench-apps-2978ac17-rd8n,17,90000,45126.4,44857.48,44857.48,0.010584444444444445,1244.6087952587282,1448.9217590517455,1494.8921759051746,1499.4892175905175,2.014623706771487,0.3115329898198123,False
post,chi,2,1,gke-bench-apps-2978ac17-rd8n,18,95000,45162.96,49810.88,49810.88,0.00938021052631579,1244.9679073650427,1448.9935814730086,1494.899358147301,1499.48993581473,1.9538242247082072,0.3213750835938031,False
post,chi,2,1,gke-bench-apps-2978ac17-rd8n,19,100000,45250.08,54732.68,54732.68,0.0085012,1245.2132839759315,1449.0426567951863,1494.9042656795186,1499.4904265679518,2.1185230537794797,0.3404551245636393,False
get,gin,2,2,gke-bench-apps-2978ac17-5dh9,0,5000,5000.04,0.0,0.0,1.000008,0.7176974612129761,1.2767768326966051,1.4795103798745766,1.4997837345923737,0.5039897369966999,0.0,True
get,gin,2,2,gke-bench-apps-2978ac17-5dh9,1,10000,9999.8,0.0,0.0,0.99998,0.7176198749131342,1.2954189934737266,1.4846434939110542,1.9453834033613495,0.5945725444141916,0.0,True
get,gin,2,2,gke-bench-apps-2978ac17-5dh9,2,15000,15000.4,0.0,0.0,1.0000266666666666,0.6892538631346579,1.3281274951295072,1.680928217821785,2.6075738396624275,0.6839878355313533,0.0,True
get,gin,2,2,gke-bench-apps-2978ac17-5dh9,3,20000,19998.24,0.0,0.0,0.999912,0.7322633872976338,1.4849513872842646,3.028334015554646,5.092755555555534,0.9288304991378727,0.0,True
get,gin,2,2,gke-bench-apps-2978ac17-5dh9,4,25000,25000.28,0.0,0.0,1.0000112,0.7399443493150685,1.7232805828287465,3.707958462842618,5.553679530201371,1.1238527852610392,0.0,True
get,gin,2,2,gke-bench-apps-2978ac17-5dh9,5,30000,30000.88,0.0,0.0,1.0000293333333334,1.2531075261414661,4.213761467889909,7.856376318475676,12.891823432343244,1.243465790510125,0.0,True
get,gin,2,2,gke-bench-apps-2978ac17-5dh9,6,35000,34999.44,0.0,0.0,0.999984,1.7981873642719959,5.409962592564318,8.516579194001876,12.747203913491159,1.4124133466666668,0.0,True
get,gin,2,2,gke-bench-apps-2978ac17-5dh9,7,40000,40003.04,0.0,0.0,1.000076,1.8138469290280592,5.439979489215297,8.645837807290194,13.495550949913643,1.6198244333333331,0.0,True
get,gin,2,2,gke-bench-apps-2978ac17-5dh9,8,45000,45001.6,0.0,0.0,1.0000355555555556,1.9448626099573774,5.616079688119466,8.916778251166575,13.863542354235381,1.5832618524716198,0.0,True
get,gin,2,2,gke-bench-apps-2978ac17-5dh9,9,50000,50003.56,0.0,0.0,1.0000712,3.7937061417127245,8.86056145070493,26.578014263427793,48.404145597210466,1.723658700125283,0.011594202898550725,True
get,gin,2,2,gke-bench-apps-2978ac17-5dh9,10,55000,53133.76,19.0,19.0,0.9613010909090909,514.322422911885,812.5995757318627,981.0913893884893,1398.6770404271517,1.858430794427258,0.29986313906914747,False
get,gin,2,2,gke-bench-apps-2978ac17-5dh9,11,60000,52786.4,7188.68,7188.68,0.144548,1200.8490820954664,1440.1698164190932,1494.0169816419093,1499.401698164191,1.979598101443933,0.32888827998076586,False
get,gin,2,2,gke-bench-apps-2978ac17-5dh9,12,65000,52400.0,12594.6,12594.6,0.06448861538461538,1228.2622223918568,1445.6524444783713,1494.5652444478371,1499.4565244447838,1.8970598333333333,0.338278711935593,False
get,gin,2,2,gke-bench-apps-2978ac17-5dh9,13,70000,52408.64,17582.64,17582.64,0.03839371428571429,1236.4868180658987,1447.2973636131799,1494.7297363613181,1499.4729736361319,2.0795708613257746,0.3275170333696486,False
get,gin,2,2,gke-bench-apps-2978ac17-5dh9,14,75000,52188.24,22803.48,22803.48,0.025273066666666667,1240.577769046678,1448.1155538093358,1494.8115553809337,1499.4811555380934,2.0676892152384334,0.3000652117311511,False
get,gin,2,2,gke-bench-apps-2978ac17-5dh9,15,80000,53069.48,26927.36,26927.36,0.0197235,1242.3391388109906,1448.467827762198,1494.8467827762197,1499.484678277622,2.020302735185526,0.3268597341451855,False
get,gin,2,2,gke-bench-apps-2978ac17-5dh9,16,85000,53490.6,31504.24,31504.24,0.015657882352941178,1243.620934791011,1448.7241869582022,1494.8724186958202,1499.487241869582,1.9712146918894002,0.2677458010371142,False
get,gin,2,2,gke-bench-apps-2978ac17-5dh9,17,90000,53077.4,36917.4,36917.4,0.012537777777777778,1244.5696741034476,1448.9139348206895,1494.891393482069,1499.489139348207,1.9440551252991563,0.3649825293806974,False
get,gin,2,2,gke-bench-apps-2978ac17-5dh9,18,95000,53270.28,41722.92,41722.92,0.010581894736842106,1245.1914282980963,1449.0382856596193,1494.903828565962,1499.4903828565962,1.8425703977105352,0.4032432738369108,False
get,gin,2,2,gke-bench-apps-2978ac17-5dh9,19,100000,53063.12,46928.72,46928.72,0.0091864,1245.5956987201712,1449.119139744034,1494.9119139744034,1499.4911913974404,1.7705050387812877,0.38763962597127527,False
get,fasthttp,2,2,gke-bench-apps-2978ac17-rd8n,0,5000,5000.0,0.0,0.0,1.0,0.6950029638411381,1.262816353017521,1.4775355956788945,1.4990075199450321,0.32545134286622285,0.0,True
get,fasthttp,2,2,gke-bench-apps-2978ac17-rd8n,1,10000,10000.08,0.0,0.0,1.000008,0.7063226507332971,1.2862060032468656,1.4805013643742877,1.4999309004870298,0.39124701332157785,0.0,True
get,fasthttp,2,2,gke-bench-apps-2978ac17-rd8n,2,15000,15000.08,0.0,0.0,1.0000053333333334,0.6798891820580475,1.299987974199191,1.4844756750847272,1.8986572280178997,0.4217803699067774,0.0,True
get,fasthttp,2,2,gke-bench-apps-2978ac17-rd8n,3,20000,20002.6,0.0,0.0,1.00013,0.6751568770521708,1.3624747259120824,1.871633134879901,2.4933695652173897,0.5227941217933633,0.0,True
get,fasthttp,2,2,gke-bench-apps-2978ac17-rd8n,4,25000,24999.88,0.0,0.0,0.9999952,0.6655964872262774,1.3794624245399087,1.900922912950799,2.4090225535168295,0.6645345701872974,0.0,True
get,fasthttp,2,2,gke-bench-apps-2978ac17-rd8n,5,30000,30000.28,0.0,0.0,1.0000093333333333,0.69116368006993,1.4888401485580023,2.8337908763898016,5.54844273127757,0.8144382065118041,0.0,True
get,fasthttp,2,2,gke-bench-apps-2978ac17-rd8n,6,35000,35002.16,0.0,0.0,1.0000617142857142,0.8798590113810091,2.2496084208893885,3.9929648651803413,5.8366661849710955,0.8719384327652108,0.0,True
get,fasthttp,2,2,gke-bench-apps-2978ac17-rd8n,7,40000,40003.76,0.0,0.0,1.000094,0.8648137494606644,2.193118302349805,3.980545321459067,5.973350194552503,1.1315379957873861,0.0,True
get,fasthttp,2,2,gke-bench-apps-2978ac17-rd8n,8,45000,44998.0,0.0,0.0,0.9999555555555556,0.875561049306414,2.1813881107998756,3.902790438569837,5.7202848101266115,1.2798646802236497,0.0,True
get,fasthttp,2,2,gke-bench-apps-2978ac17-rd8n,9,50000,49999.24,0.0,0.0,0.9999848,1.4063488641263646,3.440052234474754,5.294994456762745,8.39399879518083,1.2310214939101842,0.0,True
get,fasthttp,2,2,gke-bench-apps-2978ac17-rd8n,10,55000,55000.44,0.0,0.0,1.000008,1.3361394182508466,3.2972231135526444,4.941757177832179,7.236910610465159,1.3113739521805283,0.0,True
get,fasthttp,2,2,gke-bench-apps-2978ac17-rd8n,11,60000,59998.88,0.0,0.0,0.9999813333333334,1.332391731121214,3.283345063031695,5.3549766178910865,8.295016697588064,1.477657305331151,0.0,True
get,fasthttp,2,2,gke-bench-apps-2978ac17-rd8n,12,65000,65001.88,0.0,0.0,1.000028923076923,1.561112049687232,3.546746613215372,6.648678643384827,14.998909829237794,1.5068956253115127,0.0,True
get,fasthttp,2,2,gke-bench-apps-2978ac17-rd8n,13,70000,69999.8,0.0,0.0,0.9999971428571428,2.1067064387573824,4.114766766278906,7.811454814189199,17.760337779689948,1.6097129749506174,0.0,True
get,fasthttp,2,2,gke-bench-apps-2978ac17-rd8n,14,75000,75000.92,0.0,0.0,1.0000122666666666,2.269935146370126,4.3157617849843914,8.179449662459644,16.296685043144667,1.8975988657483334,0.0005063433532165732,True
get,fasthttp,2,2,gke-bench-apps-2978ac17-rd8n,15,80000,79718.0,0.0,0.0,0.996475,107.66884721870443,197.0859538152308,280.0017176681994,333.49736905046694,1.8986227441769112,0.3247852353700214,False
get,fasthttp,2,2,gke-bench-apps-2978ac17-rd8n,16,85000,81528.04,763.84,763.84,0.8589105882352941,588.3143821117771,1021.5849983099865,1452.1584998309986,1495.2158499830996,1.9556128702994424,0.5175444134327134,False
get,fasthttp,2,2,gke-bench-apps-2978ac17-rd8n,17,90000,81225.92,8717.88,8717.88,0.1357377777777778,1205.743787233993,1441.1487574467988,1494.11487574468,1499.4114875744679,1.983726676632491,0.5157408587406466,False
get,fasthttp,2,2,gke-bench-apps-2978ac17-rd8n,18,95000,80838.64,14105.84,14105.84,0.05625642105263158,1232.302102887795,1446.460420577559,1494.646042057756,1499.4646042057755,2.0045687170431035,0.4256515328525332,False
get,fasthttp,2,2,gke-bench-apps-2978ac17-rd8n,19,100000,80493.48,19451.2,19451.2,0.0268264,1241.380892430926,1448.2761784861852,1494.8276178486185,1499.4827617848619,1.9274790266248716,0.43321011244159385,False
post,gin,2,2,gke-bench-apps-2978ac17-5dh9,0,5000,5000.08,0.0,0.0,1.000016,0.7214526315789473,1.2819625176803395,1.4808695190947667,1.7171616161616508,0.6103026392779397,0.0,True
post,gin,2,2,gke-bench-apps-2978ac17-5dh9,1,10000,10000.04,0.0,0.0,1.000004,0.7210524632117722,1.2991697817235164,1.4869083338895934,1.9638957765667646,0.6674448466433602,0.0,True
post,gin,2,2,gke-bench-apps-2978ac17-5dh9,2,15000,14999.96,0.0,0.0,0.9999973333333333,0.6959397007042254,1.3412533153661876,1.8359525384488184,2.7077935064934926,0.7642283943607284,0.0,True
post,gin,2,2,gke-bench-apps-2978ac17-5dh9,3,20000,20002.16,0.0,0.0,1.000108,0.7684860788863108,1.745096546473805,4.236632612966605,6.338292929292923,0.9853481794497687,0.0,True
post,gin,2,2,gke-bench-apps-2978ac17-5dh9,4,25000,25000.4,0.0,0.0,1.000016,0.7924576976421637,2.122030473485883,5.331805975159454,7.936649999999984,1.2114148999625354,0.0,True
post,gin,2,2,gke-bench-apps-2978ac17-5dh9,5,30000,30001.04,0.0,0.0,1.0000346666666666,1.4853095852782923,5.458783137276974,10.564852675886938,46.78223188405863,1.3514196800789622,0.0,True
post,gin,2,2,gke-bench-apps-2978ac17-5dh9,6,35000,34999.48,0.0,0.0,0.9999851428571429,2.407971183865636,6.6848605104320145,10.529333401913386,14.57978242979119,1.570213493333334,0.0,True
post,gin,2,2,gke-bench-apps-2978ac17-5dh9,7,40000,40001.76,0.0,0.0,1.000044,2.551192380952381,6.816928867143394,11.69312327017243,14.886791569086652,1.6702539325200814,0.0,True
post,gin,2,2,gke-bench-apps-2978ac17-5dh9,8,45000,45002.76,0.0,0.0,1.0000613333333332,3.3103780834550065,8.509912400766492,22.35852601156077,41.480708108108644,1.7435649298977236,0.006288444000395466,True
post,gin,2,2,gke-bench-apps-2978ac17-5dh9,9,50000,47463.08,887.68,887.68,0.7300032,892.5489386378014,1283.5290232894156,1478.3529023289414,1497.835290232894,1.843257532218413,0.2430846754848975,False
post,gin,2,2,gke-bench-apps-2978ac17-5dh9,10,55000,47100.84,7901.0,7901.0,0.11846545454545454,1209.8647192920382,1441.9729438584077,1494.197294385841,1499.419729438584,1.9115670285443018,0.3496762655802189,False
post,gin,2,2,gke-bench-apps-2978ac17-5dh9,11,60000,47386.44,12613.56,12613.56,0.062140666666666663,1228.6497320078795,1445.7299464015757,1494.5729946401575,1499.457299464016,1.9428984653328023,0.3823513848442001,False
post,gin,2,2,gke-bench-apps-2978ac17-5dh9,12,65000,47391.64,17608.64,17608.64,0.038224,1236.168328023109,1447.2336656046218,1494.7233665604622,1499.4723366560463,2.0231858771005453,0.35143553100811886,False
post,gin,2,2,gke-bench-apps-2978ac17-5dh9,13,70000,47189.2,22812.16,22812.16,0.025686857142857143,1240.0967413890646,1448.019348277813,1494.8019348277812,1499.480193482778,2.031931155401244,0.3136098577167107,False
post,gin,2,2,gke-bench-apps-2978ac17-5dh9,14,75000,47392.48,27603.44,27603.44,0.019653866666666665,1241.9746838089447,1448.394936761789,1494.8394936761788,1499.483949367618,2.0447603759696857,0.2635348585921988,False
post,gin,2,2,gke-bench-apps-2978ac17-5dh9,15,80000,47381.04,32618.96,32618.96,0.0154655,1243.2968242754173,1448.6593648550836,1494.8659364855084,1499.4865936485508,2.0050445983786087,0.31338028169014087,False
post,gin,2,2,gke-bench-apps-2978ac17-5dh9,16,85000,47389.04,37611.08,37611.08,0.012689882352941176,1244.1771178828083,1448.8354235765617,1494.883542357656,1499.4883542357657,1.9837290885949976,0.31743645406286747,False
post,gin,2,2,gke-bench-apps-2978ac17-5dh9,17,90000,47484.36,42517.24,42517.24,0.01118,1244.5877805833968,1448.9175561166794,1494.8917556116678,1499.4891755611668,1.9956886275759658,0.32319174356716335,False
post,gin,2,2,gke-bench-apps-2978ac17-5dh9,18,95000,47458.48,47539.72,47539.72,0.010021052631578948,1244.8824335877496,1448.97648671755,1494.897648671755,1499.4897648671754,2.0236154928032914,0.2815413808936768,False
post,gin,2,2,gke-bench-apps-2978ac17-5dh9,19,100000,47300.08,52702.08,52702.08,0.0087852,1245.268793207294,1449.053758641459,1494.905375864146,1499.4905375864146,1.968466654597776,0.3146038146665122,False
post,fasthttp,2,2,gke-bench-apps-2978ac17-rd8n,0,5000,5000.08,0.0,0.0,1.000016,0.6994464944649447,1.2717613823971825,1.478133690428147,1.4987709212312437,0.3530937925889677,0.0,True
post,fasthttp,2,2,gke-bench-apps-2978ac17-rd8n,1,10000,10000.12,0.0,0.0,1.000012,0.707072315164598,1.2906341933520442,1.4808437595103643,1.4998647161261962,0.3959532333469364,0.0,True
post,fasthttp,2,2,gke-bench-apps-2978ac17-rd8n,2,15000,15000.48,0.0,0.0,1.000032,0.6810563002680966,1.3063034349090124,1.488014859480995,1.9795442404006731,0.46943811023371,0.0,True
post,fasthttp,2,2,gke-bench-apps-2978ac17-rd8n,3,20000,19998.08,0.0,0.0,0.999904,0.6809280742459397,1.3829636508575702,1.926088347610692,2.734971128608937,0.6024381601079244,0.0,True
post,fasthttp,2,2,gke-bench-apps-2978ac17-rd8n,4,25000,24998.16,0.0,0.0,0.9999264,0.6659766963673749,1.404338599386937,1.9666918694976692,2.905731082654233,0.7969568149739401,0.0,True
post,fasthttp,2,2,gke-bench-apps-2978ac17-rd8n,5,30000,29998.44,0.0,0.0,0.999948,0.7752173415694349,1.7962730149113064,3.9256143700104156,6.911650724637666,0.9494590270090233,0.0,True
post,fasthttp,2,2,gke-bench-apps-2978ac17-rd8n,6,35000,35003.24,0.0,0.0,1.0000925714285713,1.0414001606258632,2.844476697857615,5.064635506003423,7.7981677966101595,1.0940423032343043,0.0,True
post,fasthttp,2,2,gke-bench-apps-2978ac17-rd8n,7,40000,39998.8,0.0,0.0,0.99997,0.9902112528759673,2.694925769515434,4.857379753429419,6.97656166219841,1.180065695901062,0.0,True
post,fasthttp,2,2,gke-bench-apps-2978ac17-rd8n,8,45000,44998.6,0.0,0.0,0.9999688888888889,1.0132521441747115,2.7454418804697434,4.925799627079754,7.49184533551548,1.3481757243059156,0.0,True
post,fasthttp,2,2,gke-bench-apps-2978ac17-rd8n,9,50000,49998.84,0.0,0.0,0.9999768,1.5578603437942684,3.8439480247332627,5.859158664499929,8.150249620637403,1.357522744803783,0.0,True
post,fasthttp,2,2,gke-bench-apps-2978ac17-rd8n,10,55000,55002.16,0.0,0.0,1.0000392727272727,1.6074709784908214,3.962125898792566,8.83447268106732,34.05352324819908,1.429558172990978,0.0,True
post,fasthttp,2,2,gke-bench-apps-2978ac17-rd8n,11,60000,60001.08,0.0,0.0,1.000018,1.6095174546127216,3.9267330728332595,6.815661707882533,10.5249791169451,1.4552091869707062,0.0,True
post,fasthttp,2,2,gke-bench-apps-2978ac17-rd8n,12,65000,64999.24,0.0,0.0,0.9999883076923077,1.9290377537449612,4.46393745439066,35.946961520412884,54.07931859700418,1.6204581251980752,0.006557377049180328,True
post,fasthttp,2,2,gke-bench-apps-2978ac17-rd8n,13,70000,70000.6,0.0,0.0,1.0000085714285714,2.6298013991706175,5.3905599092596415,13.011341270222287,24.601685049019817,1.6474577551480645,0.01720853460564738,True
post,fasthttp,2,2,gke-bench-apps-2978ac17-rd8n,14,75000,74997.28,0.0,0.0,0.9999637333333333,12.716291452676266,122.77843424278232,186.72113964921385,210.62721545569028,1.8464412799999992,0.09002829266124457,False
post,fasthttp,2,2,gke-bench-apps-2978ac17-rd8n,15,80000,74898.04,2326.52,2326.52,0.6407765,876.9140080569716,1341.5588646433057,1484.1558864643305,1498.415588646433,1.9578574200000003,0.29504601081278886,False
post,fasthttp,2,2,gke-bench-apps-2978ac17-rd8n,16,85000,74470.16,10471.8,10471.8,0.08868094117647059,1221.8451246543523,1444.3690249308704,1494.436902493087,1499.4436902493087,2.105622045337488,0.4149050795401593,False
post,fasthttp,2,2,gke-bench-apps-2978ac17-rd8n,17,90000,75297.32,14650.44,14650.44,0.044077333333333336,1236.0965232756432,1447.2193046551288,1494.7219304655127,1499.4721930465514,2.030636736387925,0.37058823529411766,False
post,fasthttp,2,2,gke-bench-apps-2978ac17-rd8n,18,95000,74731.8,20213.92,20213.92,0.01885221052631579,1243.8616007164162,1448.7723201432832,1494.8772320143285,1499.4877232014328,2.0755995492250974,0.449685534591195,False
post,fasthttp,2,2,gke-bench-apps-2978ac17-rd8n,19,100000,75540.8,24403.48,24403.48,0.0112324,1246.2265626553733,1449.2453125310747,1494.9245312531075,1499.4924531253107,2.006004086945652,0.4616990368252952,False
get,echo,2,3,gke-bench-apps-2978ac17-5dh9,0,5000,4999.84,0.0,0.0,0.999968,0.7183812405446294,1.2753113234868232,1.478932088039386,1.4992941644946423,0.5383701333333333,0.0,True
get,echo,2,3,gke-bench-apps-2978ac17-5dh9,1,10000,10000.0,0.0,0.0,1.0,0.7161974649766512,1.2918343875790683,1.4821060108919935,1.7454212454212454,0.5981932149271978,0.0,True
get,echo,2,3,gke-bench-apps-2978ac17-5dh9,2,15000,14999.76,0.0,0.0,0.999984,0.6823004904146234,1.3163651689035858,1.498719769175906,2.2922777777777705,0.703763116963529,0.0,True
get,echo,2,3,gke-bench-apps-2978ac17-5dh9,3,20000,19999.4,0.0,0.0,0.99997,0.7125320829220139,1.4425235226720368,2.429509775938349,3.526622340425557,0.8844921442954131,0.0,True
get,echo,2,3,gke-bench-apps-2978ac17-5dh9,4,25000,24999.12,0.0,0.0,0.9999648,0.7121687090339128,1.5496236666334373,3.0300640243902395,4.711508960573471,1.0191894074498593,0.0,True
get,echo,2,3,gke-bench-apps-2978ac17-5dh9,5,30000,29999.8,0.0,0.0,0.9999933333333333,1.1707795569690471,3.731520902214774,6.871569501018336,8.877171242774569,1.2274037466666667,0.0,True
get,echo,2,3,gke-bench-apps-2978ac17-5dh9,6,35000,35000.76,0.0,0.0,1.0000217142857142,1.713438361511625,5.167918124271197,8.4206307154384,15.387694063927599,1.3662747347249085,0.0,True
get,echo,2,3,gke-bench-apps-2978ac17-5dh9,7,40000,39999.28,0.0,0.0,0.999982,1.7420257677153042,5.275889715218575,9.05300348735831,19.236850335070887,1.386821384971493,0.0,True
get,echo,2,3,gke-bench-apps-2978ac17-5dh9,8,45000,45000.28,0.0,0.0,1.0000062222222221,1.8314603511565166,5.377315772123828,8.841237636003948,16.958922574626946,1.6880193290379202,0.0,True
get,echo,2,3,gke-bench-apps-2978ac17-5dh9,9,50000,50001.32,0.0,0.0,1.0000264,3.221138711122856,7.353265240180942,19.130624416554262,33.46488713318264,1.6970039330047806,0.0,True
get,echo,2,3,gke-bench-apps-2978ac17-5dh9,10,55000,54783.04,0.0,0.0,0.9960552727272727,9.14940818397024,161.59891424808472,237.33275675675674,284.9896183929827,1.8581154333333336,0.1294016559564714,False
get,echo,2,3,gke-bench-apps-2978ac17-5dh9,11,60000,55027.44,3265.2,3265.2,0.48251533333333335,991.8677289393871,1394.488528377253,1489.448852837725,1498.9448852837725,1.8661016629517633,0.4226056297828139,False
get,echo,2,3,gke-bench-apps-2978ac17-5dh9,12,65000,54722.68,10216.4,10216.4,0.09182276923076924,1219.3950469908232,1443.8790093981647,1494.3879009398165,1499.4387900939817,2.117432178064978,0.40278258856907434,False
get,echo,2,3,gke-bench-apps-2978ac17-5dh9,13,70000,54940.24,15001.64,15001.64,0.051314285714285715,1232.5115719642972,1446.5023143928595,1494.650231439286,1499.4650231439286,1.9749300866666661,0.3535923043226074,False
get,echo,2,3,gke-bench-apps-2978ac17-5dh9,14,75000,54674.64,20271.56,20271.56,0.0314912,1238.7128962701288,1447.742579254026,1494.7742579254027,1499.4774257925403,2.1030607462120265,0.3843087819991972,False
get,echo,2,3,gke-bench-apps-2978ac17-5dh9,15,80000,54670.8,25277.8,25277.8,0.022758,1241.3877271137874,1448.2775454227574,1494.8277545422757,1499.4827754542275,2.0035115999999995,0.3254237288135593,False
get,echo,2,3,gke-bench-apps-2978ac17-5dh9,16,85000,54591.96,30357.84,30357.84,0.01677270588235294,1243.296126793148,1448.6592253586298,1494.8659225358629,1499.4865922535862,1.9914756128827722,0.40559440559440557,False
get,echo,2,3,gke-bench-apps-2978ac17-5dh9,17,90000,54600.4,35349.24,35349.24,0.013284,1244.4033162537328,1448.8806632507465,1494.8880663250745,1499.4888066325075,1.9122310957204953,0.4276923076923077,False
get,echo,2,3,gke-bench-apps-2978ac17-5dh9,18,95000,55028.44,39916.84,39916.84,0.011343578947368422,1245.0063761797785,1449.0012752359557,1494.9001275235955,1499.4900127523597,1.900339186317286,0.41911817508196325,False
get,echo,2,3,gke-bench-apps-2978ac17-5dh9,19,100000,54772.0,45173.36,45173.36,0.0097512,1245.4685104414978,1449.0937020882996,1494.90937020883,1499.490937020883,1.8991875373119367,0.4278971246357065,False
get,fiber,2,3,gke-bench-apps-2978ac17-rd8n,0,5000,4999.92,0.0,0.0,0.999984,0.692465495608532,1.261458173445894,1.4773027628549502,1.4988872217958555,0.3274099523261184,0.0,True
get,fiber,2,3,gke-bench-apps-2978ac17-rd8n,1,10000,9999.92,0.0,0.0,0.999992,0.7059940298507462,1.2852062168967615,1.4805680298688895,1.550428571428604,0.32224997466216126,0.0,True
get,fiber,2,3,gke-bench-apps-2978ac17-rd8n,2,15000,15000.24,0.0,0.0,1.000016,0.6792978087649403,1.2986032477507135,1.483760917270134,1.8314648562300369,0.40071109094627777,0.0,True
get,fiber,2,3,gke-bench-apps-2978ac17-rd8n,3,20000,19997.64,0.0,0.0,0.999882,0.6777450634696757,1.3635988622498043,1.8669515939378092,2.353869601328911,0.6185647666811778,0.0,True
get,fiber,2,3,gke-bench-apps-2978ac17-rd8n,4,25000,24999.52,0.0,0.0,0.9999808,0.66461775147929,1.38790785838206,1.9281586016116747,2.8021869565217257,0.6600191653413602,0.0,True
get,fiber,2,3,gke-bench-apps-2978ac17-rd8n,5,30000,29999.2,0.0,0.0,0.9999733333333334,0.7119589886521999,1.5425192530428953,2.948183391003457,5.667444933920746,0.88569584,0.0,True
get,fiber,2,3,gke-bench-apps-2978ac17-rd8n,6,35000,34999.0,0.0,0.0,0.9999714285714286,0.8978369933940368,2.3332606233872317,4.22593939952109,6.385828189300435,0.9546638537681054,0.0,True
get,fiber,2,3,gke-bench-apps-2978ac17-rd8n,7,40000,39998.24,0.0,0.0,0.999956,0.8840258920113672,2.324069899461932,4.30113794780353,6.37165465465465,1.1794169404493933,0.0,True
get,fiber,2,3,gke-bench-apps-2978ac17-rd8n,8,45000,44998.92,0.0,0.0,0.999976,0.9163343658298011,2.344218907306837,4.242897956023538,6.316246185852983,1.20299776,0.0,True
get,fiber,2,3,gke-bench-apps-2978ac17-rd8n,9,50000,50000.44,0.0,0.0,1.0000088,1.4486068811768054,3.5333697900769847,5.201857124616949,7.920319597069651,1.4035551846797012,0.0,True
get,fiber,2,3,gke-bench-apps-2978ac17-rd8n,10,55000,54999.48,0.0,0.0,0.9999905454545455,1.4550471723951945,3.5742493832141142,5.436039543641996,9.294138888888945,1.2572171207418472,0.0,True
get,fiber,2,3,gke-bench-apps-2978ac17-rd8n,11,60000,60000.28,0.0,0.0,1.0000046666666667,1.393564572923559,3.411385232472742,5.319317792462062,8.752839407744894,1.5934663245645033,0.0,True
get,fiber,2,3,gke-bench-apps-2978ac17-rd8n,12,65000,64997.96,0.0,0.0,0.9999686153846153,1.6265824948826777,3.6712231440387337,6.423027511961723,25.15828202994999,1.5431558188459682,0.0,True
get,fiber,2,3,gke-bench-apps-2978ac17-rd8n,13,70000,69998.72,0.0,0.0,0.9999817142857143,2.17696670059619,4.163492318091724,6.4423944982807155,9.338437894736785,1.7281775200000007,0.0,True
get,fiber,2,3,gke-bench-apps-2978ac17-rd8n,14,75000,74997.36,0.0,0.0,0.9999648,2.3676150909499216,4.606280424841422,12.63290892114418,30.460788601723355,1.673010926912785,0.0008024419739797408,True
get,fiber,2,3,gke-bench-apps-2978ac17-rd8n,15,80000,79518.24,0.0,0.0,0.993978,68.6124675951046,197.64267261406937,282.72416720771105,337.1817715019255,2.043838612591486,0.17978559673958044,False
get,fiber,2,3,gke-bench-apps-2978ac17-rd8n,16,85000,78577.72,4206.0,4206.0,0.520252705882353,974.8661940827823,1385.6427245822013,1488.56427245822,1498.856427245822,1.9346555533333336,0.2772550015603436,False
get,fiber,2,3,gke-bench-apps-2978ac17-rd8n,17,90000,79772.92,10206.56,10206.56,0.1032311111111111,1217.045542897972,1443.4091085795944,1494.3409108579594,1499.434091085796,1.8887257459707136,0.35323881160195064,False
get,fiber,2,3,gke-bench-apps-2978ac17-rd8n,18,95000,78633.32,16342.04,16342.04,0.038678315789473686,1237.7451477396676,1447.5490295479335,1494.7549029547934,1499.4754902954792,1.7869602643541849,0.33955223880597013,False
get,fiber,2,3,gke-bench-apps-2978ac17-rd8n,19,100000,79926.0,20051.32,20051.32,0.0230224,1242.5852599771,1448.51705199542,1494.851705199542,1499.4851705199542,1.9462815631731611,0.34769384694082806,False
post,echo,2,3,gke-bench-apps-2978ac17-5dh9,0,5000,5000.04,0.0,0.0,1.000008,0.7218419170243205,1.2811365164761266,1.4802320107599194,1.556330985915466,0.6042385656411992,0.0,True
post,echo,2,3,gke-bench-apps-2978ac17-5dh9,1,10000,9999.92,0.0,0.0,0.999992,0.7203049967553536,1.2970895534863507,1.4851553854126616,1.9372712177121842,0.671971138233359,0.0,True
post,echo,2,3,gke-bench-apps-2978ac17-5dh9,2,15000,14999.48,0.0,0.0,0.9999653333333334,0.6859580216126351,1.3266528219692926,1.6567872914622184,2.4824523411371047,0.793544430586688,0.0,True
post,echo,2,3,gke-bench-apps-2978ac17-5dh9,3,20000,20000.56,0.0,0.0,1.000028,0.7560692640692641,1.5786212314642056,3.0197625830959143,4.239013856812904,0.948001490585015,0.0,True
post,echo,2,3,gke-bench-apps-2978ac17-5dh9,4,25000,24997.56,0.0,0.0,0.9999024,0.7671161369193154,1.8529448941124291,3.884036995515694,6.301431677018593,1.209721403638195,0.0,True
post,echo,2,3,gke-bench-apps-2978ac17-5dh9,5,30000,29999.48,0.0,0.0,0.9999826666666667,1.4100019203152658,4.955053060823426,8.242830380482138,11.788533963886653,1.2976987178686348,0.0,True
post,echo,2,3,gke-bench-apps-2978ac17-5dh9,6,35000,35000.2,0.0,0.0,1.0000057142857144,2.214273379165159,6.319340410050079,9.558606674272667,14.32187613019891,1.4793949205533938,0.0,True
post,echo,2,3,gke-bench-apps-2978ac17-5dh9,7,40000,40002.52,0.0,0.0,1.000063,2.497894898137879,6.6846011601199065,11.27038492063492,14.842038492063505,1.6616433288322106,0.0,True
post,echo,2,3,gke-bench-apps-2978ac17-5dh9,8,45000,44996.88,0.0,0.0,0.9999306666666666,3.0553704931870254,7.781050109802357,14.724890181465664,44.596522366522215,1.8593825055723725,0.003848468313974645,True
post,echo,2,3,gke-bench-apps-2978ac17-5dh9,9,50000,47535.56,825.44,825.44,0.737716,827.3883920554538,1276.8233274740467,1477.6823327474049,1497.7682332747406,1.7582072189842757,0.2686685606156333,False
post,echo,2,3,gke-bench-apps-2978ac17-5dh9,10,55000,47646.36,7351.6,7351.6,0.1310029090909091,1205.4590368238332,1441.0918073647667,1494.1091807364767,1499.4109180736477,2.0079178569712046,0.4006178796809869,False
post,echo,2,3,gke-bench-apps-2978ac17-5dh9,11,60000,47745.72,12251.68,12251.68,0.06292466666666667,1228.5338901948226,1445.7067780389646,1494.5706778038966,1499.4570677803897,1.9706079594466064,0.46461788585821323,False
post,echo,2,3,gke-bench-apps-2978ac17-5dh9,12,65000,48029.4,16972.4,16972.4,0.039767384615384614,1235.7800236420144,1447.1560047284029,1494.7156004728402,1499.471560047284,1.980568237834456,0.4264390469405681,False
post,echo,2,3,gke-bench-apps-2978ac17-5dh9,13,70000,47873.6,22126.88,22126.88,0.026058285714285714,1240.0971823376226,1448.0194364675244,1494.8019436467525,1499.480194364675,1.9463591062128671,0.4313721395006617,False
post,echo,2,3,gke-bench-apps-2978ac17-5dh9,14,75000,47849.6,27150.92,27150.92,0.020025066666666667,1241.8988463725939,1448.3797692745188,1494.8379769274518,1499.4837976927454,2.0352567318869235,0.3768545994065282,False
post,echo,2,3,gke-bench-apps-2978ac17-5dh9,15,80000,48321.32,31679.68,31679.68,0.0159705,1243.210352591464,1448.6420705182927,1494.8642070518292,1499.4864207051828,1.9232412408566035,0.386986301369863,False
post,echo,2,3,gke-bench-apps-2978ac17-5dh9,16,85000,48567.12,36433.16,36433.16,0.013500235294117646,1243.95018093784,1448.790036187568,1494.879003618757,1499.4879003618755,1.9619283733333335,0.3671574266041513,False
post,echo,2,3,gke-bench-apps-2978ac17-5dh9,17,90000,48528.04,41469.32,41469.32,0.01155911111111111,1244.5232156860764,1448.9046431372153,1494.8904643137216,1499.4890464313721,1.9780299330490925,0.38281088985806705,False
post,echo,2,3,gke-bench-apps-2978ac17-5dh9,18,95000,48454.4,46550.0,46550.0,0.010126315789473685,1244.9360318703623,1448.9872063740725,1494.8987206374072,1499.4898720637407,1.988751791311366,0.44271665729328513,False
post,echo,2,3,gke-bench-apps-2978ac17-5dh9,19,100000,48737.92,51258.88,51258.88,0.0092212,1245.1787902743445,1449.035758054869,1494.903575805487,1499.4903575805488,2.0292838130480604,0.41734719627195166,False
post,fiber,2,3,gke-bench-apps-2978ac17-rd8n,0,5000,5000.08,0.0,0.0,1.000016,0.7009311224489796,1.2701610204157525,1.4793421590866833,1.65906818181826,0.337372551619583,0.0,True
post,fiber,2,3,gke-bench-apps-2978ac17-rd8n,1,10000,9999.92,0.0,0.0,0.999992,0.7089547856723429,1.289616957724488,1.4805425725098857,1.499635133988426,0.4294960781593839,0.0,True
post,fiber,2,3,gke-bench-apps-2978ac17-rd8n,2,15000,15000.24,0.0,0.0,1.000016,0.6832977173385139,1.3071384073381884,1.4883941268716032,1.9612439209726467,0.4939844378861312,0.0,True
post,fiber,2,3,gke-bench-apps-2978ac17-rd8n,3,20000,20000.48,0.0,0.0,1.000024,0.681416600159617,1.3855883689232167,1.9360100806451614,2.795440909090923,0.6840694303924723,0.0,True
post,fiber,2,3,gke-bench-apps-2978ac17-rd8n,4,25000,24998.64,0.0,0.0,0.9999456,0.6638589306029579,1.4044391736094137,1.9690176486746322,3.2206790830945344,0.8431695497570384,0.0,True
post,fiber,2,3,gke-bench-apps-2978ac17-rd8n,5,30000,29998.4,0.0,0.0,0.9999466666666667,0.7914347557204701,1.825164174704813,3.8085733200926883,6.362285714285751,0.9690823156949174,0.0,True
post,fiber,2,3,gke-bench-apps-2978ac17-rd8n,6,35000,35002.32,0.0,0.0,1.0000662857142857,1.0967120263472188,3.0665728030036385,5.349657478719096,7.451987837837865,1.090097096752279,0.0,True
post,fiber,2,3,gke-bench-apps-2978ac17-rd8n,7,40000,39997.84,0.0,0.0,0.999946,1.083432504417621,2.973432977115914,5.126454081632657,7.9422562814070385,1.243222557300841,0.0,True
post,fiber,2,3,gke-bench-apps-2978ac17-rd8n,8,45000,45000.04,0.0,0.0,1.000000888888889,1.0795776488062494,2.9222023180557395,5.129169907881268,7.633729982964283,1.272233233333334,0.0,True
post,fiber,2,3,gke-bench-apps-2978ac17-rd8n,9,50000,49999.32,0.0,0.0,0.9999864,1.8500217570876478,4.306344558700177,6.400082743988679,9.069203874538738,1.419610789702965,0.0,True
post,fiber,2,3,gke-bench-apps-2978ac17-rd8n,10,55000,54994.76,0.0,0.0,0.9999047272727273,1.8401992666985494,4.3611235836547735,8.225736914600564,18.671275957545113,1.567660586666666,0.0,True
post,fiber,2,3,gke-bench-apps-2978ac17-rd8n,11,60000,59998.6,0.0,0.0,0.9999766666666666,1.859454625845327,4.348610414726738,7.504407129000981,12.118514563106633,1.6691247721278304,0.0,True
post,fiber,2,3,gke-bench-apps-2978ac17-rd8n,12,65000,64998.56,0.0,0.0,0.9999778461538461,2.1232437197003082,4.642463770805114,8.190421354511347,13.40970977295171,1.7540671714796947,0.0,True
post,fiber,2,3,gke-bench-apps-2978ac17-rd8n,13,70000,69997.76,0.0,0.0,0.999968,3.147634803098655,7.8109554408511555,32.960110803324135,50.651318864775035,1.9178499866666652,0.05046334468533735,True
post,fiber,2,3,gke-bench-apps-2978ac17-rd8n,14,75000,71062.4,1515.52,1515.52,0.7005317333333333,926.4845804264892,1308.1729699846458,1480.8172969984646,1498.0817296998464,1.8144983277618014,0.3273143095813733,False
post,fiber,2,3,gke-bench-apps-2978ac17-rd8n,15,80000,71321.0,8677.8,8677.8,0.109274,1215.0765079959629,1443.0153015991928,1494.3015301599191,1499.430153015992,1.9305302529379105,0.35294117647058826,False
post,fiber,2,3,gke-bench-apps-2978ac17-rd8n,16,85000,71386.32,13611.68,13611.68,0.045624,1235.638650547755,1447.127730109551,1494.712773010955,1499.4712773010954,1.9045716530149852,0.30393919657574664,False
post,fiber,2,3,gke-bench-apps-2978ac17-rd8n,17,90000,70318.44,19681.32,19681.32,0.017878222222222222,1244.145488099154,1448.829097619831,1494.8829097619832,1499.4882909761984,1.9998417841436973,0.37132127492574724,False
post,fiber,2,3,gke-bench-apps-2978ac17-rd8n,18,95000,71492.2,23507.44,23507.44,0.011300631578947368,1246.1886511866744,1449.237730237335,1494.9237730237335,1499.4923773023734,1.9917018301796228,0.3214689416388502,False
post,fiber,2,3,gke-bench-apps-2978ac17-rd8n,19,100000,71748.36,28250.96,28250.96,0.0061944,1247.8228264958896,1449.564565299178,1494.956456529918,1499.4956456529917,2.18475721619205,0.3316485800136448,False
get,chi,3,1,gke-bench-apps-2978ac17-5dh9,0,5000,4999.88,0.0,0.0,0.999976,0.7156320541760722,1.2754545454545456,1.4795868263473055,1.5000249999999746,0.449810814069998,0.0,True
get,chi,3,1,gke-bench-apps-2978ac17-5dh9,1,10000,10000.08,0.0,0.0,1.000008,0.7183803278688525,1.293373565459138,1.4840821481242903,1.9142516703786108,0.5856886858776804,0.0,True
get,chi,3,1,gke-bench-apps-2978ac17-5dh9,2,15000,14999.92,0.0,0.0,0.9999946666666667,0.6931313578062804,1.3341495541016175,1.8208628365486559,3.290705426356506,0.6889348299275356,0.0,True
get,chi,3,1,gke-bench-apps-2978ac17-5dh9,3,20000,19998.56,0.0,0.0,0.999928,0.7246186860349951,1.4719096870736326,2.806257115749524,3.9849025755879177,0.9043845605989621,0.0,True
get,chi,3,1,gke-bench-apps-2978ac17-5dh9,4,25000,25001.6,0.0,0.0,1.000064,0.7252766798418973,1.6656226319777723,4.002848722986242,11.855210237659623,1.1065900533333333,0.0,True
get,chi,3,1,gke-bench-apps-2978ac17-5dh9,5,30000,30001.36,0.0,0.0,1.0000453333333332,1.2218827234914704,4.033932113107043,7.4813721995926725,9.75330563002683,1.342839978799513,0.0,True
get,chi,3,1,gke-bench-apps-2978ac17-5dh9,6,35000,35001.84,0.0,0.0,1.0000525714285715,1.7650864234750276,5.384447792328196,8.678884792626734,13.953934865900434,1.4530216656967219,0.0,True
get,chi,3,1,gke-bench-apps-2978ac17-5dh9,7,40000,40000.68,0.0,0.0,1.000017,1.791929609745377,5.384719589515655,8.444779411764701,12.685145833333351,1.52701241154679,0.0,True
get,chi,3,1,gke-bench-apps-2978ac17-5dh9,8,45000,45000.8,0.0,0.0,1.0000177777777777,1.9928137270227775,5.776149595421354,9.654646017699124,19.802152414194246,1.7408916891227755,0.0,True
get,chi,3,1,gke-bench-apps-2978ac17-5dh9,9,50000,49999.68,0.0,0.0,0.9999936,3.5362846586952164,7.605464557539197,14.202057559578082,27.2875889328059,1.8200205002359857,0.0011038111691147236,True
get,chi,3,1,gke-bench-apps-2978ac17-5dh9,10,55000,53097.96,92.28,92.28,0.9490589090909091,531.7381256715202,848.3920165889062,1204.9195305206067,1470.4919530520601,1.8578002207365087,0.17644682419312582,False
get,chi,3,1,gke-bench-apps-2978ac17-5dh9,11,60000,53360.16,6580.56,6580.56,0.161838,1194.385414117977,1438.8770828235954,1493.8877082823594,1499.3887708282361,1.9392317336926177,0.3334655788891903,False
get,chi,3,1,gke-bench-apps-2978ac17-5dh9,12,65000,53075.04,11891.96,11891.96,0.0736523076923077,1225.21415418107,1445.042830836214,1494.5042830836214,1499.450428308362,2.0082623131703623,0.28507496265606697,False
get,chi,3,1,gke-bench-apps-2978ac17-5dh9,13,70000,53418.76,16544.36,16544.36,0.044916,1234.3652783988111,1446.8730556797623,1494.6873055679762,1499.4687305567975,1.828157474210904,0.3240739922280741,False
get,chi,3,1,gke-bench-apps-2978ac17-5dh9,14,75000,53670.36,21299.32,21299.32,0.0302416,1238.968768676229,1447.793753735246,1494.7793753735245,1499.4779375373523,1.9223122162344344,0.38361415435911245,False
get,chi,3,1,gke-bench-apps-2978ac17-5dh9,15,80000,53425.56,26538.96,26538.96,0.021995,1241.4856899978247,1448.297137999565,1494.8297137999566,1499.4829713799954,1.9703727971717246,0.3681988003631122,False
get,chi,3,1,gke-bench-apps-2978ac17-5dh9,16,85000,53151.48,31814.52,31814.52,0.01664941176470588,1243.1614719883223,1448.6322943976643,1494.8632294397664,1499.4863229439766,2.0304346532198703,0.3339992857517046,False
get,chi,3,1,gke-bench-apps-2978ac17-5dh9,17,90000,53600.4,36367.12,36367.12,0.01336488888888889,1244.2609923057487,1448.8521984611498,1494.885219846115,1499.4885219846115,2.0652624466666665,0.2833668196812088,False
get,chi,3,1,gke-bench-apps-2978ac17-5dh9,18,95000,53633.0,41334.0,41334.0,0.011661052631578947,1244.727292804216,1448.9454585608432,1494.8945458560843,1499.4894545856084,2.21390410723637,0.3088811557310779,False
get,chi,3,1,gke-bench-apps-2978ac17-5dh9,19,100000,53565.16,46402.36,46402.36,0.0099404,1245.2728798625556,1449.0545759725112,1494.9054575972511,1499.4905457597251,2.123262505882634,0.3779264214046823,False
get,echo,3,1,gke-bench-apps-2978ac17-rd8n,0,5000,4999.96,0.0,0.0,0.999992,0.716276332094176,1.292638498594942,1.480814431955038,1.4996320252910478,0.5218066,0.0,True
get,echo,3,1,gke-bench-apps-2978ac17-rd8n,1,10000,10000.0,0.0,0.0,1.0,0.7128978457261989,1.3001944222066104,1.4839969284558956,1.9770491803278687,0.6097350249999999,0.0,True
get,echo,3,1,gke-bench-apps-2978ac17-rd8n,2,15000,14999.8,0.0,0.0,0.9999866666666667,0.6881382508833922,1.3273605525905332,1.6495851906884582,2.4549290484140274,0.74833704248702,0.0,True
get,echo,3,1,gke-bench-apps-2978ac17-rd8n,3,20000,19999.68,0.0,0.0,0.999984,0.7335662491760053,1.4727105778648384,2.6633379083173234,3.9957551020407927,0.8817587213292797,0.0,True
get,echo,3,1,gke-bench-apps-2978ac17-rd8n,4,25000,25001.28,0.0,0.0,1.0000512,0.7371268452706397,1.6404004711425213,3.1513466404273336,5.911670588235275,1.0766205258045967,0.0,True
get,echo,3,1,gke-bench-apps-2978ac17-rd8n,5,30000,29999.96,0.0,0.0,0.9999986666666667,1.2578517351109235,4.141895140664961,7.397097222222223,9.446324264705918,1.300838368410449,0.0,True
get,echo,3,1,gke-bench-apps-2978ac17-rd8n,6,35000,34998.96,0.0,0.0,0.9999702857142857,1.8513283944309618,5.474697537087714,8.688813411078717,20.281629213481864,1.45179016,0.0,True
get,echo,3,1,gke-bench-apps-2978ac17-rd8n,7,40000,40000.84,0.0,0.0,1.000021,1.8826269500800998,5.433274356031625,8.586678302150244,13.223072311046602,1.5073783270884507,0.0,True
get,echo,3,1,gke-bench-apps-2978ac17-rd8n,8,45000,44999.88,0.0,0.0,0.9999973333333333,2.1014455655135125,5.906658104208291,13.448554873892316,38.0161554800341,1.7308595764946653,0.0,True
get,echo,3,1,gke-bench-apps-2978ac17-rd8n,9,50000,50005.56,0.0,0.0,1.0001112,3.9825990549350583,8.878057505999468,21.026711647727346,36.27852699530536,1.7168592321371678,0.015687832291743253,True
get,echo,3,1,gke-bench-apps-2978ac17-rd8n,10,55000,52464.36,620.84,620.84,0.8291192727272727,570.9918426177225,1117.7627207553771,1461.7762720755375,1496.177627207554,1.7863423782446475,0.25583224675130595,False
get,echo,3,1,gke-bench-apps-2978ac17-rd8n,11,60000,52507.08,7495.12,7495.12,0.13005666666666665,1206.3604159657548,1441.272083193151,1494.127208319315,1499.4127208319314,1.8533759187856242,0.2912652435011262,False
get,echo,3,1,gke-bench-apps-2978ac17-rd8n,12,65000,52231.92,12770.92,12770.92,0.06205784615384615,1229.077209586424,1445.815441917285,1494.5815441917284,1499.4581544191728,2.064001443757862,0.3339921284719803,False
get,echo,3,1,gke-bench-apps-2978ac17-rd8n,13,70000,52122.0,17876.28,17876.28,0.03531942857142857,1237.5509671369218,1447.5101934273844,1494.7510193427386,1499.4751019342739,1.8690482905802541,0.3470415901042216,False
get,echo,3,1,gke-bench-apps-2978ac17-rd8n,14,75000,51395.72,23605.92,23605.92,0.0227456,1241.4171520110767,1448.2834304022151,1494.8283430402216,1499.4828343040224,2.045744269281222,0.3721156640281333,False
get,echo,3,1,gke-bench-apps-2978ac17-rd8n,15,80000,51655.36,28342.8,28342.8,0.017277,1243.1267554084482,1448.6253510816898,1494.8625351081687,1499.4862535108168,2.0708744333449034,0.4081351324806369,False
get,echo,3,1,gke-bench-apps-2978ac17-rd8n,16,85000,51273.4,33721.36,33721.36,0.013261176470588235,1244.3804316179492,1448.8760863235898,1494.887608632359,1499.488760863236,2.1134135222492803,0.43035393959912177,False
get,echo,3,1,gke-bench-apps-2978ac17-rd8n,17,90000,51848.88,38151.32,38151.32,0.011231111111111112,1245.029316606764,1449.0058633213528,1494.9005863321352,1499.4900586332137,1.898399161240546,0.40826099159153206,False
get,echo,3,1,gke-bench-apps-2978ac17-rd8n,18,95000,51063.76,43934.96,43934.96,0.009434526315789473,1245.5335607847953,1449.1067121569592,1494.9106712156959,1499.4910671215696,2.0762407799920313,0.36971017427124636,False
get,echo,3,1,gke-bench-apps-2978ac17-rd8n,19,100000,51370.2,48628.12,48628.12,0.0083808,1245.8537263031908,1449.1707452606381,1494.9170745260637,1499.4917074526063,2.0197560341462486,0.4217030337677625,False
post,chi,3,1,gke-bench-apps-2978ac17-5dh9,0,5000,4999.96,0.0,0.0,0.999992,0.7245688291139241,1.2812649964714187,1.4797461185603387,1.499594230769231,0.5705555575440131,0.0,True
post,chi,3,1,gke-bench-apps-2978ac17-5dh9,1,10000,9999.76,0.0,0.0,0.999976,0.7232712956335003,1.298084602256723,1.4844834556691464,1.9027841880341816,0.7069278550749564,0.0,True
post,chi,3,1,gke-bench-apps-2978ac17-5dh9,2,15000,14999.76,0.0,0.0,0.999984,0.6948371262829094,1.3392052384926496,1.816511827219746,2.7374385474860254,0.8363470298013416,0.0,True
post,chi,3,1,gke-bench-apps-2978ac17-5dh9,3,20000,20001.56,0.0,0.0,1.000078,0.7975144151565075,1.81464716735731,3.6421791187739445,5.398144642857162,0.968673812684962,0.0,True
post,chi,3,1,gke-bench-apps-2978ac17-5dh9,4,25000,24999.04,0.0,0.0,0.9999616,0.7919008035466888,1.9408739713980614,3.9560312321462567,5.846761904761869,1.170544336891919,0.0,True
post,chi,3,1,gke-bench-apps-2978ac17-5dh9,5,30000,30000.56,0.0,0.0,1.0000186666666666,1.6203588299558387,5.6515123581264035,9.288808104886767,17.614923312883693,1.3381040026936026,0.0,True
post,chi,3,1,gke-bench-apps-2978ac17-5dh9,6,35000,34998.52,0.0,0.0,0.9999577142857143,2.3874572319871192,6.674130518790456,11.21121148642751,14.647829711093658,1.5016735207998773,0.0,True
post,chi,3,1,gke-bench-apps-2978ac17-5dh9,7,40000,40000.4,0.0,0.0,1.00001,2.8982703613131,7.427472265298818,14.04413512525142,29.23832781456946,1.6072851407520026,0.0,True
post,chi,3,1,gke-bench-apps-2978ac17-5dh9,8,45000,45000.28,0.0,0.0,1.0000062222222221,3.445220651544326,8.749316707433799,19.520639330650805,29.308496317512308,1.7748626187798164,0.012613296676855,True
post,chi,3,1,gke-bench-apps-2978ac17-5dh9,9,50000,47191.6,1121.28,1121.28,0.7333608,768.7277533500838,1275.7811995180339,1477.5781199518035,1497.7578119951802,1.8935173580877638,0.20077113757966414,False
post,chi,3,1,gke-bench-apps-2978ac17-5dh9,10,55000,47286.48,7684.24,7684.24,0.12011418181818181,1209.4011337210732,1441.8802267442147,1494.1880226744213,1499.418802267442,1.9899408423339628,0.299422177978423,False
post,chi,3,1,gke-bench-apps-2978ac17-5dh9,11,60000,47221.2,12747.68,12747.68,0.06172,1228.7260443954226,1445.7452088790844,1494.5745208879084,1499.457452088791,2.027563231273542,0.3273707547956063,False
post,chi,3,1,gke-bench-apps-2978ac17-5dh9,12,65000,47119.8,17851.52,17851.52,0.038171076923076926,1236.1044278191023,1447.2208855638205,1494.722088556382,1499.472208855638,2.0413944287670893,0.32613028977932923,False
post,chi,3,1,gke-bench-apps-2978ac17-5dh9,13,70000,46917.96,23055.24,23055.24,0.026792,1239.5907244976524,1447.9181448995307,1494.791814489953,1499.4791814489954,2.0002018012201823,0.3179088648990984,False
post,chi,3,1,gke-bench-apps-2978ac17-5dh9,14,75000,47198.08,27774.32,27774.32,0.0200736,1241.762772757753,1448.3525545515508,1494.835255455155,1499.4835255455155,2.0658341218695373,0.31151596240022555,False
post,chi,3,1,gke-bench-apps-2978ac17-5dh9,15,80000,46820.28,33148.8,33148.8,0.0160195,1242.9644487152912,1448.5928897430583,1494.8592889743059,1499.4859288974305,2.049095735460651,0.302296731149733,False
post,chi,3,1,gke-bench-apps-2978ac17-5dh9,16,85000,47312.44,37655.08,37655.08,0.013481411764705882,1243.7946373259238,1448.7589274651848,1494.8758927465185,1499.487589274652,2.044772708876491,0.37896868283631785,False
post,chi,3,1,gke-bench-apps-2978ac17-5dh9,17,90000,47288.2,42684.88,42684.88,0.011801777777777777,1244.2556186945712,1448.8511237389143,1494.8851123738914,1499.4885112373893,1.9918026866465985,0.3002612977911415,False
post,chi,3,1,gke-bench-apps-2978ac17-5dh9,18,95000,46874.72,48100.4,48100.4,0.010322105263157895,1244.6583571054418,1448.9316714210884,1494.893167142109,1499.4893167142109,2.0617245859337783,0.3498734809171112,False
post,chi,3,1,gke-bench-apps-2978ac17-5dh9,19,100000,47130.56,52842.08,52842.08,0.009214,1245.0150576206104,1449.003011524122,1494.9003011524123,1499.490030115241,1.9407151924273118,0.35143264073623737,False
post,echo,3,1,gke-bench-apps-2978ac17-rd8n,0,5000,5000.04,0.0,0.0,1.000008,0.7175156903765691,1.2892967555631052,1.480397316120265,1.499507372175981,0.5673580914852904,0.0,True
post,echo,3,1,gke-bench-apps-2978ac17-rd8n,1,10000,10000.08,0.0,0.0,1.000008,0.7156339958875944,1.29942021346686,1.4847227895638426,1.908055785123959,0.6600441214614998,0.0,True
post,echo,3,1,gke-bench-apps-2978ac17-rd8n,2,15000,14999.76,0.0,0.0,0.999984,0.6919552306989493,1.3343061035659973,1.745270833333333,2.445967447916663,0.752813751355039,0.0,True
post,echo,3,1,gke-bench-apps-2978ac17-rd8n,3,20000,20001.68,0.0,0.0,1.000084,0.7646424418604651,1.599211455967701,3.0919044523886927,4.404108808290141,1.039196927023921,0.0,True
post,echo,3,1,gke-bench-apps-2978ac17-rd8n,4,25000,24999.96,0.0,0.0,0.9999984,0.7859987357774969,1.920633448467016,4.075277684844432,6.226603448275979,1.1509304561206841,0.0,True
post,echo,3,1,gke-bench-apps-2978ac17-rd8n,5,30000,30000.72,0.0,0.0,1.000024,1.618074457483676,5.70520139175562,9.50150618374557,16.475106007066785,1.327922916474069,0.0,True
post,echo,3,1,gke-bench-apps-2978ac17-rd8n,6,35000,34998.4,0.0,0.0,0.9999542857142857,2.477326747694746,6.704145101243984,9.989121621621624,14.510054505392576,1.5417900428308,0.0,True
post,echo,3,1,gke-bench-apps-2978ac17-rd8n,7,40000,39996.44,0.0,0.0,0.999911,2.7776557993324045,7.265454434449917,14.621215216431098,47.93480371900864,1.6580455395653766,0.0,True
post,echo,3,1,gke-bench-apps-2978ac17-rd8n,8,45000,44993.48,0.0,0.0,0.9998551111111111,4.150790342038036,10.933304012450101,31.210692963752546,51.9412404580149,1.783480303242098,0.015300308406639504,True
post,echo,3,1,gke-bench-apps-2978ac17-rd8n,9,50000,45833.76,2729.08,2729.08,0.464032,998.3295785224819,1398.7419671829819,1489.8741967182982,1498.98741967183,1.9227384983143885,0.2860067313498459,False
post,echo,3,1,gke-bench-apps-2978ac17-rd8n,10,55000,46073.84,8915.72,8915.72,0.09373454545454546,1218.5019761261672,1443.7003952252335,1494.3700395225235,1499.4370039522523,2.031876015301424,0.35899541545963426,False
post,echo,3,1,gke-bench-apps-2978ac17-rd8n,11,60000,46612.48,13378.64,13378.64,0.05328533333333333,1231.5899257774208,1446.3179851554842,1494.6317985155483,1499.463179851555,2.0853135011963713,0.34627048996060955,False
post,echo,3,1,gke-bench-apps-2978ac17-rd8n,12,65000,46208.16,18787.2,18787.2,0.03191938461538461,1238.2472231915058,1447.649444638301,1494.7649444638303,1499.476494446383,2.0666133757462513,0.3595166163141994,False
post,echo,3,1,gke-bench-apps-2978ac17-rd8n,13,70000,46413.96,23572.04,23572.04,0.023272,1240.9063140003375,1448.1812628000673,1494.818126280007,1499.4818126280006,2.0525291203053637,0.36861199136060496,False
post,echo,3,1,gke-bench-apps-2978ac17-rd8n,14,75000,46737.68,28255.84,28255.84,0.017820266666666668,1242.6404964102237,1448.5280992820449,1494.8528099282046,1499.4852809928204,2.0007385333498164,0.3412553845844718,False
post,echo,3,1,gke-bench-apps-2978ac17-rd8n,15,80000,46386.92,33607.68,33607.68,0.0140235,1243.803827412944,1448.760765482589,1494.8760765482589,1499.4876076548258,1.9819424429781733,0.3504844811156825,False
post,echo,3,1,gke-bench-apps-2978ac17-rd8n,16,85000,46771.32,38226.52,38226.52,0.012021176470588235,1244.4163348599066,1448.8832669719814,1494.8883266971982,1499.4888326697198,1.8991613430458725,0.3171770774292206,False
post,echo,3,1,gke-bench-apps-2978ac17-rd8n,17,90000,46517.16,43476.84,43476.84,0.010494666666666666,1244.818601687328,1448.9637203374657,1494.8963720337465,1499.4896372033745,2.0095086866666665,0.34165711284867123,False
post,echo,3,1,gke-bench-apps-2978ac17-rd8n,18,95000,46269.12,48725.12,48725.12,0.009072842105263159,1245.2544970841627,1449.0508994168326,1494.9050899416832,1499.4905089941683,1.9577988038990062,0.3128104655177716,False
post,echo,3,1,gke-bench-apps-2978ac17-rd8n,19,100000,46648.44,53345.92,53345.92,0.0081636,1245.5470055035687,1449.1094011007137,1494.9109401100714,1499.4910940110071,2.043069455528083,0.3369710642701291,False
get,stdlib,3,2,gke-bench-apps-2978ac17-5dh9,0,5000,5000.0,0.0,0.0,1.0,0.7184790874524716,1.2760878978133796,1.479053907772245,1.4993505087681318,0.4641700064963691,0.0,True
get,stdlib,3,2,gke-bench-apps-2978ac17-5dh9,1,10000,9999.84,0.0,0.0,0.999984,0.7174730354391371,1.2941140909167241,1.483031117231188,1.852313846153825,0.5832416357603739,0.0,True
get,stdlib,3,2,gke-bench-apps-2978ac17-5dh9,2,15000,15000.12,0.0,0.0,1.000008,0.6831699346405229,1.317460155621143,1.4985724174939627,2.220848654708491,0.7135571514606517,0.0,True
get,stdlib,3,2,gke-bench-apps-2978ac17-5dh9,3,20000,19998.8,0.0,0.0,0.99994,0.7090949913644214,1.439579524680073,2.4242598804141746,4.138060344827707,0.8655739416914946,0.0,True
get,stdlib,3,2,gke-bench-apps-2978ac17-5dh9,4,25000,24997.56,0.0,0.0,0.9999024,0.7124734728993404,1.509635887905316,2.75909831661891,4.018226449275339,1.0365289002937685,0.0,True
get,stdlib,3,2,gke-bench-apps-2978ac17-5dh9,5,30000,29999.84,0.0,0.0,0.9999946666666667,1.1856560530287337,3.8443459587883226,7.3274804687500055,11.781634738186188,1.273318433572493,0.0,True
get,stdlib,3,2,gke-bench-apps-2978ac17-5dh9,6,35000,34997.64,0.0,0.0,0.9999325714285714,1.7048300814219044,5.201177913632647,8.234195527679297,12.264524729520897,1.3782399021953484,0.0,True
get,stdlib,3,2,gke-bench-apps-2978ac17-5dh9,7,40000,39998.56,0.0,0.0,0.999964,1.7335500424218264,5.226291148500365,8.857038486627525,18.102251308900364,1.5189058483986935,0.0,True
get,stdlib,3,2,gke-bench-apps-2978ac17-5dh9,8,45000,45000.0,0.0,0.0,1.0,1.8320010587612494,5.32288791551662,8.578556806550665,13.450596512695014,1.683040609780218,0.0,True
get,stdlib,3,2,gke-bench-apps-2978ac17-5dh9,9,50000,50002.44,0.0,0.0,1.0000488,3.240304934041076,7.127529153287141,14.604646409928073,39.326250000000044,1.8139676181140134,0.0005206330021816241,True
get,stdlib,3,2,gke-bench-apps-2978ac17-5dh9,10,55000,54972.68,0.0,0.0,0.9995032727272727,51.734535519125686,184.56446302287628,253.83995593374897,307.7688436830821,1.7335853525937261,0.17441772727911356,False
get,stdlib,3,2,gke-bench-apps-2978ac17-5dh9,11,60000,55137.2,3013.52,3013.52,0.4821586666666667,993.4743581383037,1394.8071710277293,1489.4807171027728,1498.9480717102772,1.8947709081918989,0.27588040089206295,False
get,stdlib,3,2,gke-bench-apps-2978ac17-5dh9,12,65000,54701.04,10259.56,10259.56,0.08949538461538462,1220.2498821696495,1444.04997643393,1494.404997643393,1499.4404997643394,1.9637228736399246,0.31165706712140867,False
get,stdlib,3,2,gke-bench-apps-2978ac17-5dh9,13,70000,54692.44,15270.12,15270.12,0.05075314285714286,1232.6322866061842,1446.5264573212369,1494.6526457321236,1499.4652645732126,1.9655776919165946,0.2973770251242635,False
get,stdlib,3,2,gke-bench-apps-2978ac17-5dh9,14,75000,54553.4,20405.2,20405.2,0.03126506666666667,1238.7715644879418,1447.7543128975885,1494.7754312897587,1499.4775431289759,1.9025537850028502,0.3027702704831219,False
get,stdlib,3,2,gke-bench-apps-2978ac17-5dh9,15,80000,54054.2,25908.4,25908.4,0.021605,1241.7421233884622,1448.3484246776925,1494.8348424677692,1499.483484246777,2.0464136648979765,0.3684499108028625,False
get,stdlib,3,2,gke-bench-apps-2978ac17-5dh9,16,85000,53931.68,31028.0,31028.0,0.016092235294117647,1243.4943870158647,1448.6988774031731,1494.8698877403172,1499.4869887740317,2.000449541041318,0.32396878775749915,False
get,stdlib,3,2,gke-bench-apps-2978ac17-5dh9,17,90000,54486.72,35477.36,35477.36,0.013299555555555556,1244.3846622690737,1448.8769324538148,1494.8876932453813,1499.4887693245382,1.9703734306377108,0.3789851602127621,False
get,stdlib,3,2,gke-bench-apps-2978ac17-5dh9,18,95000,55331.92,39627.64,39627.64,0.011468210526315789,1244.9786550899996,1448.995731018,1494.8995731018,1499.48995731018,1.9898641540979487,0.35123604019693166,False
get,stdlib,3,2,gke-bench-apps-2978ac17-5dh9,19,100000,55000.36,44964.08,44964.08,0.0097656,1245.4808806488993,1449.09617612978,1494.9096176129779,1499.4909617612977,2.1289364694396933,0.31937710123406393,False
get,gin,3,2,gke-bench-apps-2978ac17-rd8n,0,5000,4999.96,0.0,0.0,0.999992,0.7176532663316583,1.287922383780463,1.4799134753225476,1.499112584476756,0.44925063509771535,0.0,True
get,gin,3,2,gke-bench-apps-2978ac17-rd8n,1,10000,10000.08,0.0,0.0,1.000008,0.7135228122662678,1.2990375297692371,1.4838135829843146,1.8567749360613712,0.5841615096566197,0.0,True
get,gin,3,2,gke-bench-apps-2978ac17-rd8n,2,15000,15000.04,0.0,0.0,1.0000026666666666,0.6869360490582567,1.324130488077854,1.600131999999999,2.3844570552147353,0.7730662327336302,0.0,True
get,gin,3,2,gke-bench-apps-2978ac17-rd8n,3,20000,19999.4,0.0,0.0,0.99997,0.7311419441641439,1.4845555087518036,3.4700191570881276,8.39312500000025,0.9328673108546656,0.0,True
get,gin,3,2,gke-bench-apps-2978ac17-rd8n,4,25000,24996.24,0.0,0.0,0.9998496,0.7314158335584976,1.7004926606199948,4.028258575197879,6.107302721088505,1.09071188,0.0,True
get,gin,3,2,gke-bench-apps-2978ac17-rd8n,5,30000,30000.08,0.0,0.0,1.0000026666666666,1.304914831119126,4.424919606194035,8.294635227730751,17.047150943396428,1.287437525699292,0.0,True
get,gin,3,2,gke-bench-apps-2978ac17-rd8n,6,35000,35000.4,0.0,0.0,1.0000114285714286,1.9387569717066229,5.602970934510669,9.0614444082165,14.23462290502792,1.4682008355791893,0.0,True
get,gin,3,2,gke-bench-apps-2978ac17-rd8n,7,40000,40000.92,0.0,0.0,1.000023,1.9954820290765505,5.815332818830794,10.277057524837495,18.80931671554239,1.5157178910307028,0.0,True
get,gin,3,2,gke-bench-apps-2978ac17-rd8n,8,45000,45003.12,0.0,0.0,1.0000693333333333,2.2266065323173505,6.118761927894792,9.749716064757157,14.514363110468361,1.7718421080763718,0.0,True
get,gin,3,2,gke-bench-apps-2978ac17-rd8n,9,50000,50000.72,0.0,0.0,1.0000144,4.1089893630854855,9.681602162777459,45.909585773151235,69.2445817727845,1.8924173916562814,0.013053252043405406,True
get,gin,3,2,gke-bench-apps-2978ac17-rd8n,10,55000,51397.96,1691.52,1691.52,0.6270938181818182,953.4779433554887,1348.0051810407033,1484.8005181040703,1498.4800518104068,1.9511061053827685,0.26005685493152997,False
get,gin,3,2,gke-bench-apps-2978ac17-rd8n,11,60000,51133.64,8846.4,8846.4,0.1013,1216.2750323821833,1443.2550064764366,1494.3255006476436,1499.4325500647642,2.006975393674337,0.28015458394475795,False
get,gin,3,2,gke-bench-apps-2978ac17-rd8n,12,65000,51311.88,13673.6,13673.6,0.05383876923076923,1231.701802630115,1446.340360526023,1494.6340360526024,1499.4634036052603,1.9298108172942958,0.3556648153758302,False
get,gin,3,2,gke-bench-apps-2978ac17-rd8n,13,70000,51384.44,18598.56,18598.56,0.032909714285714285,1238.2658703736454,1447.6531740747291,1494.7653174074728,1499.4765317407473,1.9374180604224094,0.34368239225284153,False
get,gin,3,2,gke-bench-apps-2978ac17-rd8n,14,75000,51126.68,23855.4,23855.4,0.0224576,1241.483416244694,1448.2966832489387,1494.8296683248939,1499.4829668324894,2.0228067191616184,0.4293151952562375,False
get,gin,3,2,gke-bench-apps-2978ac17-rd8n,15,80000,51133.6,28852.8,28852.8,0.016425,1243.4062096042521,1448.6812419208504,1494.8681241920851,1499.4868124192085,2.0580261047072956,0.3135943636039595,False
get,gin,3,2,gke-bench-apps-2978ac17-rd8n,16,85000,51782.4,33202.28,33202.28,0.013343058823529411,1244.4017798051818,1448.8803559610365,1494.8880355961037,1499.4888035596102,1.9895258461484566,0.3857252019429255,False
get,gin,3,2,gke-bench-apps-2978ac17-rd8n,17,90000,51292.2,38695.88,38695.88,0.010896888888888888,1245.1267583462065,1449.0253516692412,1494.902535166924,1499.4902535166925,2.102432236427302,0.359323356529114,False
get,gin,3,2,gke-bench-apps-2978ac17-rd8n,18,95000,51661.32,43322.08,43322.08,0.009511157894736843,1245.5496460048669,1449.1099292009735,1494.9109929200972,1499.4910992920097,2.027163555044799,0.3169991386252571,False
get,gin,3,2,gke-bench-apps-2978ac17-rd8n,19,100000,51503.16,48474.64,48474.64,0.0083628,1245.8736357952178,1449.1747271590436,1494.9174727159043,1499.4917472715906,1.9676448649045584,0.3705189203830773,False
post,stdlib,3,2,gke-bench-apps-2978ac17-5dh9,0,5000,5000.0,0.0,0.0,1.0,0.7195227442207308,1.2793490339463025,1.4809836183102127,1.8855421686746987,0.575145355617729,0.0,True
post,stdlib,3,2,gke-bench-apps-2978ac17-5dh9,1,10000,10000.24,0.0,0.0,1.000024,0.7177311475409837,1.2947056346332013,1.4842157837109409,1.9150044150110443,0.6582899591580845,0.0,True
post,stdlib,3,2,gke-bench-apps-2978ac17-5dh9,2,15000,14999.92,0.0,0.0,0.9999946666666667,0.6902921646746347,1.331425212223193,1.762810457516342,2.9096425702810813,0.8082631332624101,0.0,True
post,stdlib,3,2,gke-bench-apps-2978ac17-5dh9,3,20000,19998.48,0.0,0.0,0.999924,0.7488323267184355,1.5389309397816329,2.977952389166811,4.423183333333334,1.004995715626232,0.0,True
post,stdlib,3,2,gke-bench-apps-2978ac17-5dh9,4,25000,25002.08,0.0,0.0,1.0000832,0.7620757396449704,1.809004384322193,3.790368451352905,7.2997919999999,1.151218740000001,0.0,True
post,stdlib,3,2,gke-bench-apps-2978ac17-5dh9,5,30000,30001.44,0.0,0.0,1.000048,1.43291885372607,4.98754375029966,8.179618656497508,10.312275000000227,1.3123758565599815,0.0,True
post,stdlib,3,2,gke-bench-apps-2978ac17-5dh9,6,35000,35000.96,0.0,0.0,1.0000274285714286,2.2886984822822223,6.432890661462089,10.023425692695222,23.111353811149172,1.5675840534670282,0.0,True
post,stdlib,3,2,gke-bench-apps-2978ac17-5dh9,7,40000,40000.36,0.0,0.0,1.000009,2.4564070460861513,6.606182697387134,10.491058877225026,14.598809219534475,1.6923731234635762,0.0,True
post,stdlib,3,2,gke-bench-apps-2978ac17-5dh9,8,45000,44999.48,0.0,0.0,0.9999884444444445,3.0874465852012896,7.880717624304942,17.73917536534435,41.85547522750271,1.651777831478039,0.011974706980824647,True
post,stdlib,3,2,gke-bench-apps-2978ac17-5dh9,9,50000,46464.48,1667.0,1667.0,0.592896,962.0960496325789,1361.8746611112697,1486.1874661111267,1498.6187466111128,1.9381059778005572,0.3056206059091837,False
post,stdlib,3,2,gke-bench-apps-2978ac17-5dh9,10,55000,46806.92,8155.16,8155.16,0.11143127272727273,1212.3341249121152,1442.466824982423,1494.2466824982423,1499.4246682498242,1.9706855038826172,0.3151530500534214,False
post,stdlib,3,2,gke-bench-apps-2978ac17-5dh9,11,60000,47518.28,12445.96,12445.96,0.06195133333333333,1228.7843712044419,1445.7568742408885,1494.5756874240888,1499.457568742409,1.9210971050058334,0.3206644411063834,False
post,stdlib,3,2,gke-bench-apps-2978ac17-5dh9,12,65000,47607.28,17355.12,17355.12,0.03855076923076923,1236.1102119043544,1447.2220423808708,1494.722204238087,1499.4722204238087,1.8885650550406687,0.3145878448505102,False
post,stdlib,3,2,gke-bench-apps-2978ac17-5dh9,13,70000,47781.72,22181.64,22181.64,0.02676,1239.7992790880648,1447.959855817613,1494.7959855817614,1499.4795985581761,2.107678244693172,0.3288881388099142,False
post,stdlib,3,2,gke-bench-apps-2978ac17-5dh9,14,75000,47287.04,27678.52,27678.52,0.019436266666666667,1242.0481037030443,1448.409620740609,1494.8409620740608,1499.484096207406,2.0211467498809377,0.33442413667438237,False
post,stdlib,3,2,gke-bench-apps-2978ac17-5dh9,15,80000,47573.56,32392.36,32392.36,0.015426,1243.3421782031219,1448.6684356406245,1494.8668435640625,1499.4866843564064,2.0339120398052697,0.35457838829776755,False
post,stdlib,3,2,gke-bench-apps-2978ac17-5dh9,16,85000,47793.92,37166.36,37166.36,0.013011764705882353,1244.0776971859102,1448.815539437182,1494.8815539437182,1499.4881553943717,2.0474212910174554,0.2800456011631446,False
post,stdlib,3,2,gke-bench-apps-2978ac17-5dh9,17,90000,47979.24,41982.32,41982.32,0.011088,1244.6898043733127,1448.9379608746626,1494.8937960874662,1499.4893796087467,1.9789570882333465,0.32392629130349654,False
post,stdlib,3,2,gke-bench-apps-2978ac17-5dh9,18,95000,47755.24,47210.32,47210.32,0.009913263157894737,1244.9706793855105,1448.994135877102,1494.8994135877101,1499.489941358771,1.9085076524668694,0.3458637570731648,False
post,stdlib,3,2,gke-bench-apps-2978ac17-5dh9,19,100000,48199.44,51765.12,51765.12,0.0090424,1245.2202337657945,1449.044046753159,1494.9044046753158,1499.4904404675315,1.8253853205308437,0.31308467990498545,False
post,gin,3,2,gke-bench-apps-2978ac17-rd8n,0,5000,5000.0,0.0,0.0,1.0,0.7203053435114504,1.294295995202239,1.4817085360165256,1.6451612903225807,0.6021654720189404,0.0,True
post,gin,3,2,gke-bench-apps-2978ac17-rd8n,1,10000,9999.76,0.0,0.0,0.999976,0.7173744437380801,1.302413911451779,1.4862720839393988,1.9619173419773046,0.7093971776411185,0.0,True
post,gin,3,2,gke-bench-apps-2978ac17-rd8n,2,15000,14999.36,0.0,0.0,0.9999573333333334,0.7000042643923241,1.3473601943285634,1.8636552034840046,2.822561151079141,0.7944617006527149,0.0,True
post,gin,3,2,gke-bench-apps-2978ac17-rd8n,3,20000,20000.56,0.0,0.0,1.000028,0.7793849864335242,1.7191566940912497,3.4941972132904597,4.985915572232622,1.0628006502208496,0.0,True
post,gin,3,2,gke-bench-apps-2978ac17-rd8n,4,25000,25001.72,0.0,0.0,1.0000688,0.791917314894843,2.0469342755432782,6.009236842105245,20.430107692308507,1.2332995286692736,0.0,True
post,gin,3,2,gke-bench-apps-2978ac17-rd8n,5,30000,30001.88,0.0,0.0,1.0000626666666668,1.595494923857868,5.615686334641807,9.27459255356516,14.28748145305702,1.424106840329282,0.0,True
post,gin,3,2,gke-bench-apps-2978ac17-rd8n,6,35000,34999.32,0.0,0.0,0.9999805714285714,2.563809236065334,7.024590887838332,14.037060461416086,29.969153786707853,1.6257157254808983,0.0,True
post,gin,3,2,gke-bench-apps-2978ac17-rd8n,7,40000,40001.16,0.0,0.0,1.000029,2.8366926044912257,7.320496150219987,13.125431419570218,17.879896242288336,1.6856932193472842,0.0,True
post,gin,3,2,gke-bench-apps-2978ac17-rd8n,8,45000,44997.16,0.0,0.0,0.9999368888888889,4.256100530245644,12.860448875736369,49.90617428267796,69.08130573248407,1.8101999894821181,0.052023759441819015,True
post,gin,3,2,gke-bench-apps-2978ac17-rd8n,9,50000,45621.64,2791.36,2791.36,0.4890136,988.9828709327198,1392.2542010376478,1489.225420103765,1498.9225420103764,1.8916514290241881,0.22518868688278723,False
post,gin,3,2,gke-bench-apps-2978ac17-rd8n,10,55000,45280.56,9719.0,9719.0,0.08523127272727272,1221.1296376405296,1444.225927528106,1494.4225927528105,1499.442259275281,1.9837561393530343,0.25989651617952175,False
post,gin,3,2,gke-bench-apps-2978ac17-rd8n,11,60000,45679.2,14319.36,14319.36,0.047426666666666666,1233.3915430876693,1446.678308617534,1494.6678308617534,1499.4667830861754,1.9152448694053812,0.2790048529036191,False
post,gin,3,2,gke-bench-apps-2978ac17-rd8n,12,65000,45540.92,19460.8,19460.8,0.030435692307692306,1238.6466831639984,1447.7293366327997,1494.77293366328,1499.4772933663278,1.9499278666666668,0.28174589765411834,False
post,gin,3,2,gke-bench-apps-2978ac17-rd8n,13,70000,45900.96,24096.36,24096.36,0.02248,1241.1251200161705,1448.2250240032342,1494.8225024003234,1499.4822502400323,1.9925124054577934,0.3381034738788618,False
post,gin,3,2,gke-bench-apps-2978ac17-rd8n,14,75000,45975.08,29024.08,29024.08,0.0172624,1242.7558840117813,1448.5511768023562,1494.8551176802357,1499.4855117680236,2.017990435037741,0.32185750827126297,False
post,gin,3,2,gke-bench-apps-2978ac17-rd8n,15,80000,45216.64,34781.36,34781.36,0.0132095,1244.017420337193,1448.8034840674386,1494.880348406744,1499.4880348406743,1.9013393171063186,0.27337148367283143,False
post,gin,3,2,gke-bench-apps-2978ac17-rd8n,16,85000,45939.0,39058.6,39058.6,0.012158117647058823,1244.246592181458,1448.8493184362917,1494.8849318436291,1499.4884931843628,2.0230306748775697,0.2675922664934691,False
post,gin,3,2,gke-bench-apps-2978ac17-rd8n,17,90000,45997.4,44001.36,44001.36,0.010367555555555555,1244.8236209932825,1448.9647241986565,1494.8964724198656,1499.4896472419866,2.0116236733333337,0.3093733584126845,False
post,gin,3,2,gke-bench-apps-2978ac17-rd8n,18,95000,45431.8,49567.56,49567.56,0.009066947368421053,1245.1685466869972,1449.0337093373996,1494.90337093374,1499.4903370933741,1.8840435651043834,0.3082015380034259,False
post,gin,3,2,gke-bench-apps-2978ac17-rd8n,19,100000,46180.36,53819.4,53819.4,0.0083524,1245.3950943342966,1449.0790188668593,1494.9079018866857,1499.4907901886686,1.8229690067742643,0.3062729737312423,False
get,fasthttp,3,3,gke-bench-apps-2978ac17-5dh9,0,5000,4999.92,0.0,0.0,0.999984,0.6794441123729827,1.2531770978394938,1.4769828512314487,1.4993634265706441,0.33085538184458946,0.0,True
get,fasthttp,3,3,gke-bench-apps-2978ac17-5dh9,1,10000,9999.88,0.0,0.0,0.999988,0.6988245682888541,1.26629684000527,1.4780271206218356,1.4992001486834925,0.38586436138344204,0.0,True
get,fasthttp,3,3,gke-bench-apps-2978ac17-5dh9,2,15000,15000.2,0.0,0.0,1.0000133333333334,0.6730508893280632,1.2900773093621412,1.4813695206139408,1.6442540983606482,0.41188927815146603,0.0,True
get,fasthttp,3,3,gke-bench-apps-2978ac17-5dh9,3,20000,20001.76,0.0,0.0,1.000088,0.6702980935875217,1.345006671788444,1.8048222932846048,2.2983717277486986,0.5377529777486404,0.0,True
get,fasthttp,3,3,gke-bench-apps-2978ac17-5dh9,4,25000,24997.72,0.0,0.0,0.9999088,0.6617568493150685,1.3637442740111385,1.8687052825142079,2.457859939759051,0.6239723389307625,0.0,True
get,fasthttp,3,3,gke-bench-apps-2978ac17-5dh9,5,30000,30000.08,0.0,0.0,1.0000026666666666,0.6532569245463228,1.4476013215433463,2.6342727272727253,4.972793621013154,0.7751273066666667,0.0,True
get,fasthttp,3,3,gke-bench-apps-2978ac17-5dh9,6,35000,34998.36,0.0,0.0,0.9999531428571429,0.8317014171689201,1.9792469580332752,3.845925370501061,5.8886761280931355,0.9138472466666667,0.0,True
get,fasthttp,3,3,gke-bench-apps-2978ac17-5dh9,7,40000,40001.24,0.0,0.0,1.000031,0.8262123417260953,1.9578534485562797,3.6342687711788786,5.459651381215492,0.939935531918106,0.0,True
get,fasthttp,3,3,gke-bench-apps-2978ac17-5dh9,8,45000,45000.6,0.0,0.0,1.0000133333333334,0.8300245375613439,1.995636233858932,3.775803307340689,5.498325688073437,1.1710587498319402,0.0,True
get,fasthttp,3,3,gke-bench-apps-2978ac17-5dh9,9,50000,50000.88,0.0,0.0,1.0000176,1.223253992847631,3.0270204943147005,4.643887590558543,6.391663625997654,1.2813615547244834,0.0,True
get,fasthttp,3,3,gke-bench-apps-2978ac17-5dh9,10,55000,54999.08,0.0,0.0,0.9999832727272727,1.1998723416870165,3.0037546701880964,4.760885507753293,6.923881630648352,1.3451944036799874,0.0,True
get,fasthttp,3,3,gke-bench-apps-2978ac17-5dh9,11,60000,60000.12,0.0,0.0,1.000002,1.2284340160746694,2.9770193513614363,4.668455428571427,6.464335592011403,1.345896209285657,0.0,True
get,fasthttp,3,3,gke-bench-apps-2978ac17-5dh9,12,65000,64999.4,0.0,0.0,0.9999907692307692,1.4073759140729232,3.248308699370628,5.430068216756332,11.230257784583712,1.644545772909756,0.0,True
get,fasthttp,3,3,gke-bench-apps-2978ac17-5dh9,13,70000,70003.12,0.0,0.0,1.0000445714285715,1.9014227381288682,3.7404245912963385,5.630907227763354,8.203771974522306,1.5371843445846018,0.0,True
get,fasthttp,3,3,gke-bench-apps-2978ac17-5dh9,14,75000,74993.8,0.0,0.0,0.9999173333333333,2.040873590933262,3.9152745383663263,7.324295159680644,21.132626236335312,1.6533998050990026,0.0,True
get,fasthttp,3,3,gke-bench-apps-2978ac17-5dh9,15,80000,80001.64,0.0,0.0,1.0000205,2.0549409912517946,4.502939748715021,24.082804399607706,39.7337927304198,1.7999041163200127,0.038581801590484036,True
get,fasthttp,3,3,gke-bench-apps-2978ac17-5dh9,16,85000,84985.68,0.0,0.0,0.9998315294117647,2.632064254144886,57.37740569668978,135.7744187396593,149.65048764912487,1.806661592299309,0.06920861407662139,False
get,fasthttp,3,3,gke-bench-apps-2978ac17-5dh9,17,90000,87828.0,1.84,1.84,0.975736,457.5556379971531,650.2666235759878,783.382768361582,913.7350478468844,1.816158165843608,0.4589937069877877,False
get,fasthttp,3,3,gke-bench-apps-2978ac17-5dh9,18,95000,88417.84,6412.68,6412.68,0.24287031578947368,1161.7276627679846,1432.345532553597,1493.2345532553597,1499.3234553255359,1.9283563022478092,0.4337437937637299,False
get,fasthttp,3,3,gke-bench-apps-2978ac17-5dh9,19,100000,86047.32,13935.64,13935.64,0.0659628,1229.2441986914205,1445.8488397382841,1494.5848839738285,1499.4584883973828,1.9466018309804212,0.4858580459234666,False
get,fiber,3,3,gke-bench-apps-2978ac17-rd8n,0,5000,5000.04,0.0,0.0,1.000008,0.6976033386327504,1.2684292060173954,1.4784051289708464,1.4994027212661913,0.3499887550746831,0.0,True
get,fiber,3,3,gke-bench-apps-2978ac17-rd8n,1,10000,10000.24,0.0,0.0,1.000024,0.7059303721488596,1.2883021836151913,1.4806769720080026,1.4999144508472837,0.3316714006496698,0.0,True
get,fiber,3,3,gke-bench-apps-2978ac17-rd8n,2,15000,14999.92,0.0,0.0,0.9999946666666667,0.68128078817734,1.3016124834630982,1.4846018130950576,1.8425108834827006,0.4375310471864024,0.0,True
get,fiber,3,3,gke-bench-apps-2978ac17-rd8n,3,20000,20002.36,0.0,0.0,1.000118,0.6804631535611363,1.3663407494617328,1.8733281899483556,2.3757397798742073,0.5599269469018224,0.0,True
get,fiber,3,3,gke-bench-apps-2978ac17-rd8n,4,25000,24999.64,0.0,0.0,0.9999856,0.6646173640635489,1.3836172162920812,1.9116484688755013,2.479797602739713,0.7248523799999999,0.0,True
get,fiber,3,3,gke-bench-apps-2978ac17-rd8n,5,30000,29999.92,0.0,0.0,0.9999973333333333,0.7337632135306554,1.6263144320400875,2.9987001239157385,5.3580271604938,0.8313260187985071,0.0,True
get,fiber,3,3,gke-bench-apps-2978ac17-rd8n,6,35000,35000.68,0.0,0.0,1.0000194285714286,0.9247470324965946,2.441254824185249,4.403552409129329,6.379159777424489,0.9970177151106712,0.0,True
get,fiber,3,3,gke-bench-apps-2978ac17-rd8n,7,40000,40002.8,0.0,0.0,1.00007,0.8818813559322034,2.303365511333685,4.197817065073044,5.940631067961193,1.150880290784823,0.0,True
get,fiber,3,3,gke-bench-apps-2978ac17-rd8n,8,45000,45002.2,0.0,0.0,1.000048888888889,0.9184169132533874,2.3680895459046543,4.326063755580353,6.408422330097133,1.271362291569421,0.0,True
get,fiber,3,3,gke-bench-apps-2978ac17-rd8n,9,50000,49999.4,0.0,0.0,0.999988,1.4876315071835575,3.6500705139505443,5.398226584022034,7.6754654036242975,1.336606274532119,0.0,True
get,fiber,3,3,gke-bench-apps-2978ac17-rd8n,10,55000,54998.24,0.0,0.0,0.999968,1.5111158168326884,3.7098853680861277,5.848399000576586,12.95073764258553,1.3389953220097521,0.0,True
get,fiber,3,3,gke-bench-apps-2978ac17-rd8n,11,60000,59990.8,0.0,0.0,0.9998466666666667,1.5042795457688585,3.6674487474785047,5.822286130913808,10.828796992481063,1.5086589315559953,0.0,True
get,fiber,3,3,gke-bench-apps-2978ac17-rd8n,12,65000,65000.64,0.0,0.0,1.0000098461538462,1.7122064516129032,3.8515920443400327,8.317142857142885,19.963216318785506,1.5593107758818436,0.0,True
get,fiber,3,3,gke-bench-apps-2978ac17-rd8n,13,70000,70000.8,0.0,0.0,1.0000114285714286,2.2673386309353925,4.377387941229743,7.496467124631995,13.115516473731057,1.6688488817639127,0.0,True
get,fiber,3,3,gke-bench-apps-2978ac17-rd8n,14,75000,75001.68,0.0,0.0,1.0000224,2.5778610233615686,5.425880514220306,33.13688587512799,48.45383400661054,1.7508456388012144,0.0,True
get,fiber,3,3,gke-bench-apps-2978ac17-rd8n,15,80000,78203.04,0.0,0.0,0.9775365,482.63655911954714,698.8075182530249,821.6752875976152,897.9537634408589,1.910815353333334,0.3654485049833887,False
get,fiber,3,3,gke-bench-apps-2978ac17-rd8n,16,85000,77588.44,7041.96,7041.96,0.2006225882352941,1179.5747356262902,1435.914947125258,1493.5914947125257,1499.3591494712525,1.9700844400000006,0.45955882352941174,False
get,fiber,3,3,gke-bench-apps-2978ac17-rd8n,17,90000,78401.88,11604.28,11604.28,0.07585066666666666,1226.1560269657195,1445.231205393144,1494.5231205393143,1499.4523120539313,2.0275693321242456,0.5084745762711864,False
get,fiber,3,3,gke-bench-apps-2978ac17-rd8n,18,95000,76531.92,18471.52,18471.52,0.02611242105263158,1241.6251233605271,1448.3250246721054,1494.8325024672106,1499.4832502467211,2.048750215155307,0.4260355029585799,False
get,fiber,3,3,gke-bench-apps-2978ac17-rd8n,19,100000,77269.24,22730.72,22730.72,0.015032,1245.0399941715311,1449.0079988343064,1494.9007998834304,1499.490079988343,2.127899275762632,0.5104461679937545,False
post,fasthttp,3,3,gke-bench-apps-2978ac17-5dh9,0,5000,5000.08,0.0,0.0,1.000016,0.6918204334365324,1.26043248660525,1.4772574490228578,1.4989399452646186,0.31135955587932357,0.0,True
post,fasthttp,3,3,gke-bench-apps-2978ac17-5dh9,1,10000,10000.16,0.0,0.0,1.000016,0.7078598848368522,1.279877538669657,1.4801263772449762,1.5726324786325372,0.3889850979810935,0.0,True
post,fasthttp,3,3,gke-bench-apps-2978ac17-5dh9,2,15000,14999.92,0.0,0.0,0.9999946666666667,0.6762534948741845,1.2968317819148938,1.4838321143617021,1.873367647058806,0.43831991842169754,0.0,True
post,fasthttp,3,3,gke-bench-apps-2978ac17-5dh9,3,20000,20003.24,0.0,0.0,1.000162,0.6740531177829099,1.36766008160627,1.8920995518565942,2.488296888504751,0.583775472187834,0.0,True
post,fasthttp,3,3,gke-bench-apps-2978ac17-5dh9,4,25000,25001.12,0.0,0.0,1.0000448,0.6599074889867842,1.380066935530856,1.924694067159226,2.8025055292258694,0.7135645461053802,0.0,True
post,fasthttp,3,3,gke-bench-apps-2978ac17-5dh9,5,30000,29997.2,0.0,0.0,0.9999066666666667,0.7317751703255109,1.6405389438377833,3.5100394671928847,7.050291666666453,0.9317713896980695,0.0,True
post,fasthttp,3,3,gke-bench-apps-2978ac17-5dh9,6,35000,34998.68,0.0,0.0,0.9999622857142857,0.9277284674484432,2.4565488908576096,4.65255292479108,6.900662162162205,0.9979563730214378,0.0,True
post,fasthttp,3,3,gke-bench-apps-2978ac17-5dh9,7,40000,40002.6,0.0,0.0,1.000065,0.9149453551912569,2.4424271844660193,4.530965197796692,6.9737557781202275,1.1044845182855685,0.0,True
post,fasthttp,3,3,gke-bench-apps-2978ac17-5dh9,8,45000,44998.92,0.0,0.0,0.999976,0.939817420170724,2.4738792203035773,4.641621930919685,6.8751601156069375,1.2993717749392006,0.0,True
post,fasthttp,3,3,gke-bench-apps-2978ac17-5dh9,9,50000,50000.0,0.0,0.0,1.0,1.4734996718892952,3.639870162718152,5.499808502489467,7.871621621621621,1.3025536805612865,0.0,True
post,fasthttp,3,3,gke-bench-apps-2978ac17-5dh9,10,55000,54998.64,0.0,0.0,0.9999752727272727,1.4463053643716108,3.5850156970784224,5.486603534209338,7.979077630234926,1.4323538775986935,0.0,True
post,fasthttp,3,3,gke-bench-apps-2978ac17-5dh9,11,60000,59998.68,0.0,0.0,0.999978,1.4372705643087385,3.5730803484681655,6.346474922440547,18.97541061046531,1.5544420843943219,0.0,True
post,fasthttp,3,3,gke-bench-apps-2978ac17-5dh9,12,65000,65001.36,0.0,0.0,1.000020923076923,1.7118283061758581,3.9086447614593083,7.939283927454646,15.492809611829989,1.6909595508009942,0.0,True
post,fasthttp,3,3,gke-bench-apps-2978ac17-5dh9,13,70000,69998.92,0.0,0.0,0.9999845714285714,2.4169759825327515,5.017477356148828,19.975780903854684,34.231520135259764,1.6351565915074586,0.003493256122772544,True
post,fasthttp,3,3,gke-bench-apps-2978ac17-5dh9,14,75000,75003.12,0.0,0.0,1.0000416,2.800363776098373,12.355153534872644,68.1148545935228,94.64759822090444,1.792102008217254,0.03393520886231109,False
post,fasthttp,3,3,gke-bench-apps-2978ac17-5dh9,15,80000,77885.32,0.0,0.0,0.9735665,434.933019326127,647.9320489514846,770.7122682087554,843.8842635788078,1.8409842970731884,0.3016352202424349,False
post,fasthttp,3,3,gke-bench-apps-2978ac17-5dh9,16,85000,77828.44,6582.48,6582.48,0.22914070588235294,1166.5532733702726,1433.3106546740546,1493.3310654674056,1499.3331065467405,1.90035758936728,0.5722811294819772,False
post,fasthttp,3,3,gke-bench-apps-2978ac17-5dh9,17,90000,77855.04,12100.48,12100.48,0.07233022222222223,1227.189393782241,1445.437878756448,1494.543787875645,1499.4543787875646,1.9639876703523411,0.5184839600342663,False
post,fasthttp,3,3,gke-bench-apps-2978ac17-5dh9,18,95000,78479.8,16479.52,16479.52,0.03786863157894737,1237.9894148522187,1447.5978829704436,1494.7597882970442,1499.4759788297042,2.0581084083333336,0.4645417111497685,False
post,fasthttp,3,3,gke-bench-apps-2978ac17-5dh9,19,100000,77718.8,22237.96,22237.96,0.0176476,1244.1913557198538,1448.8382711439706,1494.8838271143973,1499.4883827114397,2.133626975193465,0.45996524426212737,False
post,fiber,3,3,gke-bench-apps-2978ac17-rd8n,0,5000,5000.0,0.0,0.0,1.0,0.7013853904282116,1.2790962462195339,1.4792385696495287,1.499252801992528,0.34215709967204855,0.0,True
post,fiber,3,3,gke-bench-apps-2978ac17-rd8n,1,10000,9999.92,0.0,0.0,0.999992,0.705605170387779,1.293685281219256,1.48127444931717,1.5146058394160864,0.4594861778060874,0.0,True
post,fiber,3,3,gke-bench-apps-2978ac17-rd8n,2,15000,15000.4,0.0,0.0,1.0000266666666666,0.6864587332053743,1.3116624257845633,1.4905794105173877,1.971661747343563,0.5347467584791298,0.0,True
post,fiber,3,3,gke-bench-apps-2978ac17-rd8n,3,20000,19998.28,0.0,0.0,0.999914,0.6857957371225578,1.3928321649140378,1.9631535657762216,3.1681390041493884,0.6750757996435649,0.0,True
post,fiber,3,3,gke-bench-apps-2978ac17-rd8n,4,25000,25001.12,0.0,0.0,1.0000448,0.6666275204963439,1.4188280087410012,1.9959087249984517,3.114624113475119,0.8251075108037866,0.0,True
post,fiber,3,3,gke-bench-apps-2978ac17-rd8n,5,30000,30000.96,0.0,0.0,1.000032,0.8335724504394032,1.9650539095768778,4.455997140814869,11.901276595745003,0.9491966470277771,0.0,True
post,fiber,3,3,gke-bench-apps-2978ac17-rd8n,6,35000,34998.52,0.0,0.0,0.9999577142857143,1.113717334270463,3.1235696622267195,5.380095284872298,7.469861990950235,1.1163509642017257,0.0,True
post,fiber,3,3,gke-bench-apps-2978ac17-rd8n,7,40000,40001.92,0.0,0.0,1.000048,1.1048144612510145,3.0096055929296934,5.233078423722203,7.39691891891896,1.1559385343589763,0.0,True
post,fiber,3,3,gke-bench-apps-2978ac17-rd8n,8,45000,45000.6,0.0,0.0,1.0000133333333334,1.152006650532793,3.1641990107777707,5.492744677705506,8.417834685598482,1.4039598183672084,0.0,True
post,fiber,3,3,gke-bench-apps-2978ac17-rd8n,9,50000,49998.44,0.0,0.0,0.9999688,1.7996076314416556,4.242983493554546,6.464021661167687,9.112243267504583,1.420172935666795,0.0,True
post,fiber,3,3,gke-bench-apps-2978ac17-rd8n,10,55000,55002.56,0.0,0.0,1.0000465454545455,1.7619604195478968,4.175775924876549,6.42272828198724,8.726509907529714,1.5341091093382337,0.0,True
post,fiber,3,3,gke-bench-apps-2978ac17-rd8n,11,60000,60001.08,0.0,0.0,1.000018,1.8703902352510413,4.4734084950183535,9.919089543269225,22.650668969849242,1.6072287288561475,0.0,True
post,fiber,3,3,gke-bench-apps-2978ac17-rd8n,12,65000,65000.36,0.0,0.0,1.0000055384615385,2.383228709605099,5.933451776649748,17.31603591076716,26.647517527087068,1.7140271209982711,0.01110627181753698,True
post,fiber,3,3,gke-bench-apps-2978ac17-rd8n,13,70000,70005.44,0.0,0.0,1.0000777142857142,4.504137016776632,30.357793601759273,73.56101924640818,94.19735593220356,1.7615027586906231,0.07610594192082583,False
post,fiber,3,3,gke-bench-apps-2978ac17-rd8n,14,75000,70163.6,2253.64,2253.64,0.649088,827.1629424287444,1336.6921143282748,1483.6692114328275,1498.3669211432825,1.9827746003467595,0.2863367414667617,False
post,fiber,3,3,gke-bench-apps-2978ac17-rd8n,15,80000,70612.84,9391.76,9391.76,0.100499,1217.8777976159656,1443.575559523193,1494.3575559523192,1499.435755595232,2.018330786228397,0.43577012101398016,False
post,fiber,3,3,gke-bench-apps-2978ac17-rd8n,16,85000,71739.08,13264.6,13264.6,0.048621647058823526,1234.717239118756,1446.943447823751,1494.694344782375,1499.4694344782376,1.9605930406366527,0.4021514701207385,False
post,fiber,3,3,gke-bench-apps-2978ac17-rd8n,17,90000,70726.0,19273.36,19273.36,0.019301333333333334,1243.70507246965,1448.7410144939302,1494.8741014493928,1499.4874101449393,2.0395946556412414,0.43010709843724,False
post,fiber,3,3,gke-bench-apps-2978ac17-rd8n,18,95000,71367.04,23630.12,23630.12,0.010504,1246.4548390232312,1449.2909678046462,1494.9290967804645,1499.4929096780465,1.9618509386472964,0.4079785304908711,False
post,fiber,3,3,gke-bench-apps-2978ac17-rd8n,19,100000,71514.52,28486.12,28486.12,0.0060496,1247.867142314802,1449.5734284629605,1494.9573428462961,1499.4957342846296,1.853642676774954,0.39836559105191394,False
