scenario,framework,rep,pair,node,stage,target_rps,rps,errors_rps,dropped_rps,availability,p50,p90,p99,p999,cpu_cores,throttled,passed
get,chi,1,1,gke-bench-apps-2978ac17-5dh9,0,5000,5000.04,0.0,0.0,1.000008,0.7177899432278995,1.277443352932741,1.4791156962569914,1.4992829305894162,0.4917922003667036,0.0,True
get,chi,1,1,gke-bench-apps-2978ac17-5dh9,1,10000,10000.08,0.0,0.0,1.000008,0.7165552523874489,1.2925487147420192,1.482677156039276,1.8021117824773298,0.6130551503250837,0.0,True
get,chi,1,1,gke-bench-apps-2978ac17-5dh9,2,15000,14999.76,0.0,0.0,0.999984,0.685659121171771,1.3214878431541162,1.5766886846639858,2.341059105431305,0.7440667899053346,0.0,True
get,chi,1,1,gke-bench-apps-2978ac17-5dh9,3,20000,20002.24,0.0,0.0,1.000112,0.7231686046511628,1.4605440159122038,2.497018718094158,3.540616279069793,0.9616954102615388,0.0,True
get,chi,1,1,gke-bench-apps-2978ac17-5dh9,4,25000,25000.52,0.0,0.0,1.0000208,0.7280349558967657,1.6196311768918603,3.0886176715754368,4.892954849498269,1.1314835767911007,0.0,True
get,chi,1,1,gke-bench-apps-2978ac17-5dh9,5,30000,30000.76,0.0,0.0,1.0000253333333333,1.2277667189832715,4.067725475528959,7.349257907542571,9.314173141891915,1.1807509333333333,0.0,True
get,chi,1,1,gke-bench-apps-2978ac17-5dh9,6,35000,35003.48,0.0,0.0,1.0000994285714286,1.7958481545952218,5.435784402179798,8.412689908665628,12.638051754907622,1.4296391406555207,0.0,True
get,chi,1,1,gke-bench-apps-2978ac17-5dh9,7,40000,40002.52,0.0,0.0,1.000063,1.7776333556611699,5.324477705534838,8.261973210265646,11.539574394463786,1.424987903648021,0.0,True
get,chi,1,1,gke-bench-apps-2978ac17-5dh9,8,45000,45000.36,0.0,0.0,1.000008,1.948045738235994,5.676592356687897,9.35067521141648,17.701849451644676,1.576482507240257,0.0,True
get,chi,1,1,gke-bench-apps-2978ac17-5dh9,9,50000,50000.48,0.0,0.0,1.0000096,3.744512009729401,8.18183745583039,17.98434987252397,30.06271689497657,1.6894722519205694,0.0,True
get,chi,1,1,gke-bench-apps-2978ac17-5dh9,10,55000,52646.56,257.52,257.52,0.8979396363636364,440.17283110203465,976.7386360471917,1419.2507699669932,1491.9250769966984,1.9666652905334074,0.20133685601263848,False
get,chi,1,1,gke-bench-apps-2978ac17-5dh9,11,60000,53508.6,6491.48,6491.48,0.161742,1194.6140633475238,1438.9228126695048,1493.8922812669505,1499.389228126695,1.9566114629044087,0.30097741975845216,False
get,chi,1,1,gke-bench-apps-2978ac17-5dh9,12,65000,53028.68,11971.08,11971.08,0.07319261538461538,1225.3604429642878,1445.0720885928577,1494.5072088592858,1499.4507208859286,2.0645475597746223,0.298356306809731,False
get,chi,1,1,gke-bench-apps-2978ac17-5dh9,13,70000,53531.68,16468.16,16468.16,0.04431771428571429,1234.620888116148,1446.9241776232295,1494.6924177623232,1499.4692417762324,2.0611647795835206,0.336168486080068,False
get,chi,1,1,gke-bench-apps-2978ac17-5dh9,14,75000,53147.76,21851.56,21851.56,0.028620266666666668,1239.4780989638682,1447.8956197927737,1494.7895619792773,1499.4789561979278,2.062329103471083,0.30789105348615564,False
get,chi,1,1,gke-bench-apps-2978ac17-5dh9,15,80000,52835.16,27162.08,27162.08,0.020588,1241.9559460281018,1448.3911892056205,1494.839118920562,1499.4839118920563,1.8510120561332595,0.3038587505948663,False
get,chi,1,1,gke-bench-apps-2978ac17-5dh9,16,85000,52424.64,32578.32,32578.32,0.015743529411764705,1243.451295490545,1448.690259098109,1494.869025909811,1499.4869025909811,1.8851530497333593,0.3030060960457795,False
get,chi,1,1,gke-bench-apps-2978ac17-5dh9,17,90000,53109.08,36892.04,36892.04,0.013125777777777778,1244.312675917467,1448.8625351834935,1494.8862535183493,1499.488625351835,2.013231726903611,0.2770281271623577,False
get,chi,1,1,gke-bench-apps-2978ac17-5dh9,18,95000,52807.16,42189.72,42189.72,0.011273684210526316,1244.8247028770593,1448.964940575412,1494.896494057541,1499.489649405754,1.990607286991146,0.22946175637393768,False
get,chi,1,1,gke-bench-apps-2978ac17-5dh9,19,100000,52633.12,47363.0,47363.0,0.0096108,1245.3500964931904,1449.070019298638,1494.9070019298638,1499.4907001929864,2.0043254810547877,0.320847653375053,False
get,stdlib,1,1,gke-bench-apps-2978ac17-rd8n,0,5000,4999.96,0.0,0.0,0.999992,0.7140881458966566,1.29083491012299,1.480892857142857,1.499898651844844,0.5429571228460627,0.0,True
get,stdlib,1,1,gke-bench-apps-2978ac17-rd8n,1,10000,10000.04,0.0,0.0,1.000004,0.712723445595855,1.299348174561633,1.4833648750327137,1.8428555555555726,0.6407205587970477,0.0,True
get,stdlib,1,1,gke-bench-apps-2978ac17-rd8n,2,15000,14999.64,0.0,0.0,0.999976,0.6880840726658216,1.3268765735079444,1.628096977329978,2.3893071955719742,0.7444957910865737,0.0,True
get,stdlib,1,1,gke-bench-apps-2978ac17-rd8n,3,20000,19997.48,0.0,0.0,0.999874,0.7342617107942973,1.4803871667754627,2.7156818181818188,3.9058766816143673,0.9146649555564109,0.0,True
get,stdlib,1,1,gke-bench-apps-2978ac17-rd8n,4,25000,24999.84,0.0,0.0,0.9999936,0.7354367594378617,1.6869669472001507,4.075487738419628,14.026144578312822,1.141552710773696,0.0,True
get,stdlib,1,1,gke-bench-apps-2978ac17-rd8n,5,30000,29998.12,0.0,0.0,0.9999373333333333,1.2729335936599202,4.210994439479696,7.440402970538102,9.57475542168677,1.1901217396256958,0.0,True
get,stdlib,1,1,gke-bench-apps-2978ac17-rd8n,6,35000,35000.92,0.0,0.0,1.0000262857142856,1.9014405693769585,5.60096518987342,9.215160741301062,28.2308393501801,1.3723737459481467,0.0,True
get,stdlib,1,1,gke-bench-apps-2978ac17-rd8n,7,40000,39999.52,0.0,0.0,0.999988,1.9265826816624199,5.519172537266961,8.855076543209876,13.707976457399086,1.5717826972583373,0.0,True
get,stdlib,1,1,gke-bench-apps-2978ac17-rd8n,8,45000,44998.88,0.0,0.0,0.9999751111111111,2.1805579916044016,6.149055913348947,14.363874873864798,39.58712109061721,1.7363815336153297,0.0,True
get,stdlib,1,1,gke-bench-apps-2978ac17-rd8n,9,50000,49997.36,0.0,0.0,0.9999472,4.013268779121611,9.213089485595452,24.86343978102186,41.2849723145078,1.7621840432094094,0.02093199780942443,True
get,stdlib,1,1,gke-bench-apps-2978ac17-rd8n,10,55000,51791.76,1351.28,1351.28,0.6882894545454545,831.937812025179,1314.1778321220681,1481.4177832122068,1498.1417783212207,1.9634897414908012,0.2864492702100259,False
get,stdlib,1,1,gke-bench-apps-2978ac17-rd8n,11,60000,52290.12,7681.76,7681.76,0.12596666666666667,1207.7596590548358,1441.551931810967,1494.1551931810966,1499.4155193181098,1.9636708136381924,0.31639123133798525,False
get,stdlib,1,1,gke-bench-apps-2978ac17-rd8n,12,65000,52106.6,12860.88,12860.88,0.059776615384615386,1229.8559220524119,1445.9711844104822,1494.5971184410482,1499.459711844105,1.9028243412828283,0.2812639712562282,False
get,stdlib,1,1,gke-bench-apps-2978ac17-rd8n,13,70000,51909.56,18063.8,18063.8,0.034587428571428575,1237.7692649030762,1447.5538529806154,1494.7553852980616,1499.4755385298063,1.9422607596695598,0.352563224287122,False
get,stdlib,1,1,gke-bench-apps-2978ac17-rd8n,14,75000,52435.84,22535.0,22535.0,0.0245808,1240.8901120882474,1448.1780224176496,1494.8178022417649,1499.4817802241764,1.9193098099410528,0.31293724600788064,False
get,stdlib,1,1,gke-bench-apps-2978ac17-rd8n,15,80000,52004.76,27970.32,27970.32,0.0169985,1243.2871792765625,1448.6574358553125,1494.8657435855312,1499.4865743585533,2.0524658870297623,0.35934766204669505,False
get,stdlib,1,1,gke-bench-apps-2978ac17-rd8n,16,85000,52451.12,32524.56,32524.56,0.014097882352941177,1244.1548559298224,1448.8309711859645,1494.8830971185964,1499.4883097118598,2.0067017159269795,0.331425083570967,False
get,stdlib,1,1,gke-bench-apps-2978ac17-rd8n,17,90000,52319.08,37648.72,37648.72,0.01115511111111111,1245.1088490098045,1449.021769801961,1494.902176980196,1499.4902176980197,2.0282585303722604,0.3353769619024411,False
get,stdlib,1,1,gke-bench-apps-2978ac17-rd8n,18,95000,52149.56,42820.36,42820.36,0.009669473684210526,1245.5173590344589,1449.1034718068918,1494.9103471806893,1499.4910347180687,1.9868205848485283,0.3024706160753137,False
get,stdlib,1,1,gke-bench-apps-2978ac17-rd8n,19,100000,51259.0,48709.96,48709.96,0.008282,1245.8943740729871,1449.1788748145975,1494.9178874814597,1499.4917887481458,2.098389644444444,0.3435389237839319,False
post,chi,1,1,gke-bench-apps-2978ac17-5dh9,0,5000,5000.08,0.0,0.0,1.000016,0.7201625320786997,1.2838288665549973,1.480125977107761,1.4997556881630376,0.619962469965598,0.0,True
post,chi,1,1,gke-bench-apps-2978ac17-5dh9,1,10000,9999.92,0.0,0.0,0.999992,0.7213705921490352,1.3000382085188387,1.4869262077214433,1.9714100418410097,0.7100409333196855,0.0,True
post,chi,1,1,gke-bench-apps-2978ac17-5dh9,2,15000,15000.36,0.0,0.0,1.000024,0.6930724946695096,1.3372848429366746,1.787892591921751,2.497587186897871,0.7943717705457364,0.0,True
post,chi,1,1,gke-bench-apps-2978ac17-5dh9,3,20000,19999.84,0.0,0.0,0.999992,0.7699303427138477,1.6817157269650729,3.383763763763761,5.982157142857197,0.9646273383257767,0.0,True
post,chi,1,1,gke-bench-apps-2978ac17-5dh9,4,25000,25000.24,0.0,0.0,1.0000096,0.7919954840530624,1.9724014336917566,4.418548783820708,6.56715298507453,1.1523669077280154,0.0,True
post,chi,1,1,gke-bench-apps-2978ac17-5dh9,5,30000,30000.76,0.0,0.0,1.0000253333333333,1.5776670132766701,5.675486320281124,10.254982324348143,28.46329427083371,1.4203543933333336,0.0,True
post,chi,1,1,gke-bench-apps-2978ac17-5dh9,6,35000,35000.52,0.0,0.0,1.000014857142857,2.396252960841299,6.756763718863735,11.236927282193681,14.653760413051009,1.4452642618565081,0.0,True
post,chi,1,1,gke-bench-apps-2978ac17-5dh9,7,40000,39998.72,0.0,0.0,0.999968,2.6938656311170046,7.140141509433964,13.726672540381776,28.3793293207223,1.648808747849354,0.0,True
post,chi,1,1,gke-bench-apps-2978ac17-5dh9,8,45000,45002.32,0.0,0.0,1.0000515555555556,3.439946401225115,8.30822016874247,14.977244809093817,26.766043872919965,1.89607954834089,0.008812695819010785,True
post,chi,1,1,gke-bench-apps-2978ac17-5dh9,9,50000,47000.52,1216.12,1216.12,0.6837896,845.565963320844,1316.5624336509761,1481.6562433650975,1498.1656243365098,1.9952495051564894,0.17380736918925918,False
post,chi,1,1,gke-bench-apps-2978ac17-5dh9,10,55000,47011.72,7944.96,7944.96,0.11649381818181818,1210.551475006748,1442.1102950013496,1494.211029500135,1499.4211029500136,1.93295508,0.28563224450106867,False
post,chi,1,1,gke-bench-apps-2978ac17-5dh9,11,60000,46771.4,13186.76,13186.76,0.057945333333333335,1229.924092290323,1445.9848184580646,1494.5984818458064,1499.4598481845808,1.9810374254779435,0.29523809523809524,False
post,chi,1,1,gke-bench-apps-2978ac17-5dh9,12,65000,46771.28,18179.12,18179.12,0.03686830769230769,1236.4988808973733,1447.2997761794745,1494.7299776179475,1499.4729977617949,1.9971090688553175,0.3240418118466899,False
post,chi,1,1,gke-bench-apps-2978ac17-5dh9,13,70000,46516.4,23443.16,23443.16,0.025985142857142856,1239.8262629806093,1447.9652525961217,1494.7965252596123,1499.4796525259612,1.9927267799999997,0.34190819553338186,False
post,chi,1,1,gke-bench-apps-2978ac17-5dh9,14,75000,47011.92,27944.72,27944.72,0.019878933333333335,1241.8119109861384,1448.3623821972276,1494.8362382197229,1499.4836238219725,1.9453452526724884,0.3117529559597777,False
post,chi,1,1,gke-bench-apps-2978ac17-5dh9,15,80000,46920.76,33040.12,33040.12,0.0159115,1243.0285857994595,1448.605717159892,1494.8605717159894,1499.486057171599,2.041351526666666,0.27662855153447224,False
post,chi,1,1,gke-bench-apps-2978ac17-5dh9,16,85000,47036.44,37923.52,37923.52,0.013405647058823529,1243.7932708397245,1448.758654167945,1494.8758654167943,1499.4875865416795,1.95050900716151,0.27954913404341425,False
post,chi,1,1,gke-bench-apps-2978ac17-5dh9,17,90000,46733.44,43222.52,43222.52,0.011607555555555555,1244.283714419039,1448.8567428838078,1494.8856742883806,1499.488567428838,1.963577212400181,0.2896802075046725,False
post,chi,1,1,gke-bench-apps-2978ac17-5dh9,18,95000,47115.36,47835.56,47835.56,0.010329684210526316,1244.6822346362903,1448.9364469272582,1494.8936446927257,1499.4893644692727,1.855978588755704,0.275199175276835,False
post,chi,1,1,gke-bench-apps-2978ac17-5dh9,19,100000,46467.88,53486.52,53486.52,0.009158,1244.9738848368725,1448.9947769673745,1494.8994776967374,1499.4899477696738,1.8576200416645685,0.2958035051673784,False
post,stdlib,1,1,gke-bench-apps-2978ac17-rd8n,0,5000,5000.12,0.0,0.0,1.000024,0.7224502923976608,1.30017584615881,1.4816727970832124,1.4998224921756527,0.6021803501777944,0.0,True
post,stdlib,1,1,gke-bench-apps-2978ac17-rd8n,1,10000,10000.24,0.0,0.0,1.000024,0.7204474142940152,1.310163898011963,1.488663112634268,2.0538230769231003,0.7096438599376598,0.0,True
post,stdlib,1,1,gke-bench-apps-2978ac17-rd8n,2,15000,15000.28,0.0,0.0,1.0000186666666666,0.6992779858510195,1.3490695145793474,1.8430330520393805,2.7997392947103483,0.8408991901840257,0.0,True
post,stdlib,1,1,gke-bench-apps-2978ac17-rd8n,3,20000,19999.0,0.0,0.0,0.99995,0.7937843851132687,1.7669157415314547,3.4071914751171613,5.01281887755108,1.0880924679637989,0.0,True
post,stdlib,1,1,gke-bench-apps-2978ac17-rd8n,4,25000,25002.32,0.0,0.0,1.0000928,0.8044553279905017,1.9500756459768291,4.282507826086964,8.731463768116225,1.2447933568784122,0.0,True
post,stdlib,1,1,gke-bench-apps-2978ac17-rd8n,5,30000,29999.44,0.0,0.0,0.9999813333333334,1.7296582801351859,5.979971164936563,11.801870770863749,25.279441489361258,1.3911674053570762,0.0,True
post,stdlib,1,1,gke-bench-apps-2978ac17-rd8n,6,35000,34999.12,0.0,0.0,0.9999748571428572,2.6553040758119426,7.071269077127934,12.400786595894346,14.918789409733321,1.5908716492723411,0.0,True
post,stdlib,1,1,gke-bench-apps-2978ac17-rd8n,7,40000,39997.8,0.0,0.0,0.999945,2.9743567555094033,7.559122934888241,15.018016546919275,33.64846208869851,1.6802932769039125,0.0,True
post,stdlib,1,1,gke-bench-apps-2978ac17-rd8n,8,45000,44999.28,0.0,0.0,0.999984,4.067249867970493,9.797948937733425,26.872680705748373,44.6333008982033,1.8893795459526928,0.027783807923920864,True
post,stdlib,1,1,gke-bench-apps-2978ac17-rd8n,9,50000,45894.88,2502.92,2502.92,0.4959248,988.9343771696713,1391.2373498955383,1489.123734989554,1498.9123734989553,1.9598498183151605,0.2672911565222008,False
post,stdlib,1,1,gke-bench-apps-2978ac17-rd8n,10,55000,45998.36,8990.68,8990.68,0.09341090909090909,1218.5664192247036,1443.7132838449406,1494.3713283844938,1499.4371328384495,2.0218209602859725,0.32113821563571765,False
post,stdlib,1,1,gke-bench-apps-2978ac17-rd8n,11,60000,45773.44,14214.68,14214.68,0.048214,1233.1343311427545,1446.6268662285509,1494.662686622855,1499.4662686622855,1.994946630868776,0.3129424057862779,False
post,stdlib,1,1,gke-bench-apps-2978ac17-rd8n,12,65000,45309.04,19678.16,19678.16,0.02933846153846154,1239.015493280961,1447.8030986561923,1494.780309865619,1499.4780309865619,2.0646110389222136,0.3501363057225019,False
post,stdlib,1,1,gke-bench-apps-2978ac17-rd8n,13,70000,45335.04,24651.6,24651.6,0.020861142857142856,1241.679270724216,1448.3358541448433,1494.8335854144843,1499.4833585414485,1.8534839394168405,0.3406708199828129,False
post,stdlib,1,1,gke-bench-apps-2978ac17-rd8n,14,75000,45706.0,29282.16,29282.16,0.0164576,1243.061202095356,1448.6122404190712,1494.861224041907,1499.4861224041908,1.8592674950294366,0.35987180506143895,False
post,stdlib,1,1,gke-bench-apps-2978ac17-rd8n,15,80000,45850.04,34137.28,34137.28,0.013367,1244.0300147295663,1448.8060029459134,1494.8806002945914,1499.4880600294591,2.0242204070260823,0.3116294054572027,False
post,stdlib,1,1,gke-bench-apps-2978ac17-rd8n,16,85000,45596.56,39395.32,39395.32,0.011415529411764706,1244.5641846590704,1448.9128369318141,1494.8912836931813,1499.4891283693182,2.0046600142675,0.27986348122866894,False
post,stdlib,1,1,gke-bench-apps-2978ac17-rd8n,17,90000,45280.8,44711.36,44711.36,0.009747555555555556,1245.0607519403866,1449.0121503880773,1494.9012150388078,1499.4901215038808,1.9136346477444537,0.32274151740558,False
post,stdlib,1,1,gke-bench-apps-2978ac17-rd8n,18,95000,45513.8,49475.96,49475.96,0.008751578947368421,1245.3482803072352,1449.0696560614472,1494.9069656061447,1499.4906965606144,2.023638625000001,0.29735172242353936,False
post,stdlib,1,1,gke-bench-apps-2978ac17-rd8n,19,100000,45679.96,54308.52,54308.52,0.0080524,1245.5139552959884,1449.1027910591977,1494.9102791059197,1499.491027910592,2.05096828888889,0.30724651718105134,False
get,fasthttp,1,2,gke-bench-apps-2978ac17-5dh9,0,5000,4999.96,0.0,0.0,0.999992,0.6740642545227699,1.2514922984596921,1.4765355071014203,1.4990398279655932,0.2915946678133313,0.0,True
get,fasthttp,1,2,gke-bench-apps-2978ac17-5dh9,1,10000,9999.92,0.0,0.0,0.999992,0.7025643262102049,1.2733830572922382,1.4790411685130342,1.4996069796351141,0.36349733036840276,0.0,True
get,fasthttp,1,2,gke-bench-apps-2978ac17-5dh9,2,15000,15000.32,0.0,0.0,1.0000213333333334,0.6721290626471974,1.288380209402587,1.4808499281461713,1.5306714801444539,0.3688435243660765,0.0,True
get,fasthttp,1,2,gke-bench-apps-2978ac17-5dh9,3,20000,20002.8,0.0,0.0,1.00014,0.6748955613577025,1.341154971352626,1.7857853274249134,2.202061994609155,0.57238011064254,0.0,True
get,fasthttp,1,2,gke-bench-apps-2978ac17-5dh9,4,25000,24999.52,0.0,0.0,0.9999808,0.6623030998851894,1.3606473250873148,1.8485646459382779,2.2680353741496515,0.6356534263468211,0.0,True
get,fasthttp,1,2,gke-bench-apps-2978ac17-5dh9,5,30000,30001.04,0.0,0.0,1.0000346666666666,0.6586595911949685,1.4601326083904482,2.826632763471109,5.841683486238637,0.7409384236780777,0.0,True
get,fasthttp,1,2,gke-bench-apps-2978ac17-5dh9,6,35000,35003.92,0.0,0.0,1.000112,0.8443290891283055,2.0201308811914713,3.7557303974221288,5.588433229813666,0.8866171109848169,0.0,True
get,fasthttp,1,2,gke-bench-apps-2978ac17-5dh9,7,40000,40001.04,0.0,0.0,1.000026,0.8326054131054131,1.9969059751875984,3.869061377734247,7.069971962617036,1.060510652391462,0.0,True
get,fasthttp,1,2,gke-bench-apps-2978ac17-5dh9,8,45000,44998.44,0.0,0.0,0.9999653333333334,0.8391091354996935,2.0293929795861545,3.791730438521059,5.908570887445945,1.1024415331484219,0.0,True
get,fasthttp,1,2,gke-bench-apps-2978ac17-5dh9,9,50000,49998.88,0.0,0.0,0.9999776,1.2225725121205466,3.030992326924735,4.73073124630833,6.870122715404656,1.2954369163618915,0.0,True
get,fasthttp,1,2,gke-bench-apps-2978ac17-5dh9,10,55000,55000.64,0.0,0.0,1.0000116363636364,1.2046586363265277,3.0076436553855923,4.659612750885483,6.550714097496665,1.4367976079716003,0.0,True
get,fasthttp,1,2,gke-bench-apps-2978ac17-5dh9,11,60000,60002.28,0.0,0.0,1.000038,1.2415812757524693,3.0368065449855277,5.0493554492926815,8.292186619718274,1.46738878372938,0.0,True
get,fasthttp,1,2,gke-bench-apps-2978ac17-5dh9,12,65000,64999.52,0.0,0.0,0.9999926153846154,1.4110366448708402,3.244501270441071,5.263625836801147,9.046450000000185,1.5654149021139696,0.0,True
get,fasthttp,1,2,gke-bench-apps-2978ac17-5dh9,13,70000,69997.92,0.0,0.0,0.9999702857142857,1.9260843165605903,3.8150981495876555,6.385834283542381,20.812233009708333,1.6772158244604156,0.0,True
get,fasthttp,1,2,gke-bench-apps-2978ac17-5dh9,14,75000,75001.72,0.0,0.0,1.0000229333333333,2.1130868830688545,4.017053486150908,6.904622420605888,9.764885390428185,1.5951130836381087,0.0,True
get,fasthttp,1,2,gke-bench-apps-2978ac17-5dh9,15,80000,80001.16,0.0,0.0,1.0000145,2.2701990150527287,4.825150694270031,13.426634756225141,28.472317845828762,1.6961207706780919,0.00879174006643648,True
get,fasthttp,1,2,gke-bench-apps-2978ac17-5dh9,16,85000,84300.0,0.0,0.0,0.991764705882353,169.534160046953,311.1358229026585,399.76378332342404,465.31335773101557,1.9241000474491035,0.29036952613679756,False
get,fasthttp,1,2,gke-bench-apps-2978ac17-5dh9,17,90000,84530.52,3398.96,3398.96,0.5298577777777778,984.2542556379798,1385.2837909287218,1488.528379092872,1498.8528379092875,1.9625501552973845,0.5783945452876967,False
get,fasthttp,1,2,gke-bench-apps-2978ac17-5dh9,18,95000,85462.56,9520.48,9520.48,0.12261263157894736,1210.549004285887,1442.1098008571773,1494.2109800857177,1499.4210980085718,1.9850218936059647,0.6015693428986346,False
get,fasthttp,1,2,gke-bench-apps-2978ac17-5dh9,19,100000,85419.36,14563.6,14563.6,0.0548284,1232.8525184734087,1446.570503694682,1494.6570503694684,1499.465705036947,2.2078851385602483,0.5094915937111112,False
get,gin,1,2,gke-bench-apps-2978ac17-rd8n,0,5000,5000.08,0.0,0.0,1.000016,0.7164367816091954,1.2914094321203757,1.4807617733194196,1.4996970074393243,0.5855560845459196,0.0,True
get,gin,1,2,gke-bench-apps-2978ac17-rd8n,1,10000,10000.08,0.0,0.0,1.000008,0.7151381909547739,1.3010728494097699,1.4845022174395097,1.941769620253155,0.6653643898866997,0.0,True
get,gin,1,2,gke-bench-apps-2978ac17-rd8n,2,15000,15000.6,0.0,0.0,1.00004,0.6913944128787878,1.329826844425559,1.6910383671648423,2.4396693313953386,0.7159560133333333,0.0,True
get,gin,1,2,gke-bench-apps-2978ac17-rd8n,3,20000,20000.64,0.0,0.0,1.000032,0.7423648435030035,1.4903483713484686,2.866067702789011,4.732085714285702,0.9069967265680371,0.0,True
get,gin,1,2,gke-bench-apps-2978ac17-rd8n,4,25000,25001.92,0.0,0.0,1.0000768,0.7390518162393163,1.6868555686737514,3.42077665995976,4.964804500703269,1.128511018804092,0.0,True
get,gin,1,2,gke-bench-apps-2978ac17-rd8n,5,30000,29999.44,0.0,0.0,0.9999813333333334,1.3242833810684782,4.456743562745286,7.960413157894738,12.510362737015525,1.2402716641376856,0.0,True
get,gin,1,2,gke-bench-apps-2978ac17-rd8n,6,35000,34999.96,0.0,0.0,0.9999988571428572,1.940848685810854,5.673372027790963,8.816461410195332,13.487935520362079,1.3707370666381227,0.0,True
get,gin,1,2,gke-bench-apps-2978ac17-rd8n,7,40000,40000.68,0.0,0.0,1.000017,2.037254231377914,5.935885122053074,14.754955696202506,33.416103622577964,1.5950491466666665,0.0,True
get,gin,1,2,gke-bench-apps-2978ac17-rd8n,8,45000,44999.4,0.0,0.0,0.9999866666666667,2.242350539961885,6.173630575452438,9.96951410658306,14.604484608208908,1.6928109049304394,0.0,True
get,gin,1,2,gke-bench-apps-2978ac17-rd8n,9,50000,49997.24,0.0,0.0,0.9999448,4.33559780801511,11.884493563800277,54.88999778466985,75.2583928571422,1.7999696432199934,0.023871732501134585,False
get,gin,1,2,gke-bench-apps-2978ac17-rd8n,10,55000,50686.64,2563.32,2563.32,0.5244283636363636,978.9132006361752,1383.9755199358335,1488.3975519935834,1498.8397551993585,1.904931691801429,0.32187082795598165,False
get,gin,1,2,gke-bench-apps-2978ac17-rd8n,11,60000,51178.08,8822.08,8822.08,0.10198333333333333,1216.050127965329,1443.2100255930657,1494.3210025593066,1499.4321002559307,1.9788035014525172,0.4022816293434231,False
get,gin,1,2,gke-bench-apps-2978ac17-rd8n,12,65000,51138.4,13863.8,13863.8,0.052450461538461536,1232.142557834714,1446.428511566943,1494.6428511566942,1499.4642851156693,2.0469538958646685,0.3716216216216216,False
get,gin,1,2,gke-bench-apps-2978ac17-rd8n,13,70000,51082.52,18913.68,18913.68,0.03211657142857143,1238.4908904304264,1447.6981780860854,1494.7698178086084,1499.4769817808608,2.098586504583277,0.44982698961937717,False
get,gin,1,2,gke-bench-apps-2978ac17-rd8n,14,75000,51126.16,23877.76,23877.76,0.022447466666666666,1241.4873004251394,1448.297460085028,1494.8297460085028,1499.4829746008502,1.9787668799999998,0.37669780145594073,False
get,gin,1,2,gke-bench-apps-2978ac17-rd8n,15,80000,50381.0,29621.08,29621.08,0.0157305,1243.5954070797613,1448.7190814159524,1494.871908141595,1499.4871908141597,2.0368736636413187,0.39963774570713984,False
get,gin,1,2,gke-bench-apps-2978ac17-rd8n,16,85000,50851.72,34150.16,34150.16,0.012848470588235295,1244.513018593397,1448.9026037186793,1494.890260371868,1499.4890260371867,1.9520129533333337,0.4051845897010312,False
get,gin,1,2,gke-bench-apps-2978ac17-rd8n,17,90000,51194.0,38806.28,38806.28,0.010825777777777778,1245.1497102331198,1449.029942046624,1494.9029942046623,1499.4902994204663,1.8859647174399448,0.3761079143823271,False
get,gin,1,2,gke-bench-apps-2978ac17-rd8n,18,95000,50813.44,44190.04,44190.04,0.009423157894736842,1245.5166688569147,1449.103333771383,1494.9103333771384,1499.4910333377138,1.8587782630719536,0.39607229199877714,False
get,gin,1,2,gke-bench-apps-2978ac17-rd8n,19,100000,51532.96,48465.68,48465.68,0.008314,1245.9005206151448,1449.180104123029,1494.9180104123027,1499.4918010412302,1.9363943555076881,0.449514608067374,False
post,fasthttp,1,2,gke-bench-apps-2978ac17-5dh9,0,5000,5000.08,0.0,0.0,1.000016,0.6921985294117646,1.2610353176280698,1.4772103301179815,1.498827831366973,0.35484732222222165,0.0,True
post,fasthttp,1,2,gke-bench-apps-2978ac17-5dh9,1,10000,9999.84,0.0,0.0,0.999984,0.7102846790890269,1.2816279847266456,1.4795801587161936,1.4993753761151485,0.4294358833333329,0.0,True
post,fasthttp,1,2,gke-bench-apps-2978ac17-5dh9,2,15000,15000.04,0.0,0.0,1.0000026666666666,0.6765319943951424,1.296963697467807,1.4841335307623198,1.8692521551724215,0.49694563999999974,0.0,True
post,fasthttp,1,2,gke-bench-apps-2978ac17-5dh9,3,20000,20001.08,0.0,0.0,1.000054,0.6754229261920314,1.3646422595161893,1.8893986792956237,2.712724924012155,0.6066712266666665,0.0,True
post,fasthttp,1,2,gke-bench-apps-2978ac17-5dh9,4,25000,25001.64,0.0,0.0,1.0000656,0.6620412999322952,1.3828511742940355,1.927434399212362,2.7730375000000302,0.77991118359107,0.0,True
post,fasthttp,1,2,gke-bench-apps-2978ac17-5dh9,5,30000,30001.72,0.0,0.0,1.0000573333333334,0.7251211709965103,1.6014398527490805,3.4495821854912685,8.807361538461947,0.822325396209682,0.0,True
post,fasthttp,1,2,gke-bench-apps-2978ac17-5dh9,6,35000,34998.52,0.0,0.0,0.9999577142857143,0.9283346479984225,2.471880557977333,4.531038979248457,6.710200847457637,0.9224679871267107,0.0,True
post,fasthttp,1,2,gke-bench-apps-2978ac17-5dh9,7,40000,39996.6,0.0,0.0,0.999915,0.9099906351098246,2.4144347617524784,4.492843222174099,6.845023489932861,1.1186433933333335,0.0,True
post,fasthttp,1,2,gke-bench-apps-2978ac17-5dh9,8,45000,45002.44,0.0,0.0,1.0000542222222222,0.9335226394683975,2.430028708002528,4.648294440631423,7.088088138385514,1.2794561600000005,0.0,True
post,fasthttp,1,2,gke-bench-apps-2978ac17-5dh9,9,50000,50001.96,0.0,0.0,1.0000392,1.4818314303608422,3.668322363633424,5.781230060660527,10.228521205356499,1.273696575211164,0.0,True
post,fasthttp,1,2,gke-bench-apps-2978ac17-5dh9,10,55000,55001.2,0.0,0.0,1.0000218181818181,1.4700648888697263,3.7171250705638843,7.288996340825916,19.273896144278563,1.396902939482668,0.0,True
post,fasthttp,1,2,gke-bench-apps-2978ac17-5dh9,11,60000,59996.64,0.0,0.0,0.999944,1.438502262121894,3.54978612579907,5.866670131670139,9.374771349862304,1.6395023328732903,0.0,True
post,fasthttp,1,2,gke-bench-apps-2978ac17-5dh9,12,65000,65000.24,0.0,0.0,1.0000036923076923,1.6828289603287023,3.8333277986645644,6.497734996102879,9.331987341772122,1.5104209742074948,0.0,True
post,fasthttp,1,2,gke-bench-apps-2978ac17-5dh9,13,70000,70019.96,0.0,0.0,1.0002851428571429,2.2809033138720465,4.711829417497875,25.929815785294593,41.03150113507358,1.572562349496296,0.004773351707974521,True
post,fasthttp,1,2,gke-bench-apps-2978ac17-5dh9,14,75000,75003.0,0.0,0.0,1.00004,2.5995788192621583,6.38392930622994,49.854523778837475,70.746615312792,1.8745458501929155,0.011081324931498503,True
post,fasthttp,1,2,gke-bench-apps-2978ac17-5dh9,15,80000,79456.16,0.0,0.0,0.993202,87.59796407185628,280.2682299887261,375.71066309655055,441.38479235135867,1.985224367197834,0.3183879986891463,False
post,fasthttp,1,2,gke-bench-apps-2978ac17-5dh9,16,85000,79404.68,3411.92,3411.92,0.5176658823529412,984.3985060631309,1387.8562543145963,1488.7856254314597,1498.878562543146,1.8274505914316206,0.4864724373194309,False
post,fasthttp,1,2,gke-bench-apps-2978ac17-5dh9,17,90000,79544.08,10453.16,10453.16,0.09879155555555555,1218.5389858355304,1443.7077971671063,1494.3707797167108,1499.437077971671,2.022105689678477,0.38752892813500656,False
post,fasthttp,1,2,gke-bench-apps-2978ac17-5dh9,18,95000,78577.48,16420.84,16420.84,0.03939115789473684,1237.4986837765912,1447.4997367553183,1494.749973675532,1499.4749973675532,2.057012367987094,0.5431647419443983,False
post,fasthttp,1,2,gke-bench-apps-2978ac17-5dh9,19,100000,78750.04,21247.64,21247.64,0.0204696,1243.3282992025875,1448.6656598405175,1494.8665659840517,1499.486656598405,1.8753944641364872,0.5123664965790313,False
post,gin,1,2,gke-bench-apps-2978ac17-rd8n,0,5000,5000.08,0.0,0.0,1.000016,0.715599593495935,1.2914540859309183,1.4810106149957876,1.4999662679022747,0.5739833468315018,0.0,True
post,gin,1,2,gke-bench-apps-2978ac17-rd8n,1,10000,9997.08,0.0,0.0,0.999708,0.7154560155239328,1.3024008436059251,1.4862728476604652,1.9567892628205157,0.6841344040464254,0.0,True
post,gin,1,2,gke-bench-apps-2978ac17-rd8n,2,15000,15000.12,0.0,0.0,1.000008,0.699257359500446,1.3476438266246002,1.868508602788488,2.893732662192365,0.7778871755652722,0.0,True
post,gin,1,2,gke-bench-apps-2978ac17-rd8n,3,20000,20000.12,0.0,0.0,1.000006,0.7817815049864008,1.7232414905830156,3.5708736263736216,5.230897569444399,0.9298288560266095,0.0,True
post,gin,1,2,gke-bench-apps-2978ac17-rd8n,4,25000,24999.36,0.0,0.0,0.9999744,0.8032997630331753,2.027476876132354,4.828620915032685,7.159422818791854,1.2163971733333347,0.0,True
post,gin,1,2,gke-bench-apps-2978ac17-rd8n,5,30000,29999.88,0.0,0.0,0.999996,1.5816498698625991,5.573342765970258,9.139250943396231,14.311122235505119,1.3422668541330374,0.0,True
post,gin,1,2,gke-bench-apps-2978ac17-rd8n,6,35000,35000.64,0.0,0.0,1.0000182857142856,2.4858215962441315,6.795352824399929,10.966013836110283,14.802681477150955,1.4920001323281318,0.0,True
post,gin,1,2,gke-bench-apps-2978ac17-rd8n,7,40000,40000.56,0.0,0.0,1.000014,2.8354456423339647,7.4778601997146925,16.799082905355807,43.19828609986527,1.6808995599999996,0.0036363636363636364,True
post,gin,1,2,gke-bench-apps-2978ac17-rd8n,8,45000,45013.24,0.0,0.0,1.0002942222222222,4.254030385765494,13.91610573312762,56.66429940119753,82.18835473515244,1.8650952266666658,0.06228373702422145,False
post,gin,1,2,gke-bench-apps-2978ac17-rd8n,9,50000,45617.76,2642.08,2642.08,0.4903528,989.021525714697,1391.901657431332,1489.1901657431333,1498.9190165743134,1.8941817999999997,0.20743034055727555,False
post,gin,1,2,gke-bench-apps-2978ac17-rd8n,10,55000,45228.88,9665.68,9665.68,0.08496436363636363,1221.193791079164,1444.2387582158326,1494.4238758215834,1499.4423875821583,1.9969073546054126,0.3942307692307692,False
post,gin,1,2,gke-bench-apps-2978ac17-rd8n,11,60000,45723.64,14175.88,14175.88,0.049253333333333336,1232.7255798902181,1446.5451159780437,1494.6545115978042,1499.4654511597805,2.0001984066666667,0.3779264214046823,False
post,gin,1,2,gke-bench-apps-2978ac17-rd8n,12,65000,45894.8,19002.24,19002.24,0.03183446153846154,1238.1961576760227,1447.6392315352045,1494.7639231535206,1499.476392315352,1.987315453333334,0.40942992035025094,False
post,gin,1,2,gke-bench-apps-2978ac17-rd8n,13,70000,45410.48,24487.88,24487.88,0.021841714285714287,1241.2895074833257,1448.2579014966652,1494.8257901496665,1499.4825790149666,2.0375160935981405,0.37337832092613116,False
post,gin,1,2,gke-bench-apps-2978ac17-rd8n,14,75000,45729.08,29168.76,29168.76,0.016903466666666665,1242.8715566699325,1448.5743113339863,1494.8574311333987,1499.4857431133398,2.0152810233068386,0.3464052287581699,False
post,gin,1,2,gke-bench-apps-2978ac17-rd8n,15,80000,45610.88,34288.36,34288.36,0.0136295,1243.8772053875382,1448.7754410775078,1494.8775441077507,1499.4877544107749,2.059716089147761,0.3406701552549683,False
post,gin,1,2,gke-bench-apps-2978ac17-rd8n,16,85000,45972.24,38929.36,38929.36,0.01173835294117647,1244.4537435452282,1448.8907487090457,1494.8890748709046,1499.4889074870903,2.074486911196227,0.37091616577281356,False
post,gin,1,2,gke-bench-apps-2978ac17-rd8n,17,90000,45622.88,44273.88,44273.88,0.010278222222222222,1244.8261481986601,1448.965229639732,1494.8965229639732,1499.4896522963975,1.9073613866666665,0.3581516151957219,False
post,gin,1,2,gke-bench-apps-2978ac17-rd8n,18,95000,45428.72,49468.32,49468.32,0.009111157894736842,1245.1441953398278,1449.0288390679655,1494.9028839067967,1499.4902883906796,1.803076324668992,0.3960556715661397,False
post,gin,1,2,gke-bench-apps-2978ac17-rd8n,19,100000,45237.56,54662.64,54662.64,0.0083076,1245.3230135925128,1449.0646027185026,1494.9064602718502,1499.490646027185,1.7795742389330473,0.3691943410249378,False
get,echo,1,3,gke-bench-apps-2978ac17-5dh9,0,5000,4999.92,0.0,0.0,0.999984,0.7187681862269641,1.2839794993375637,1.4800923924412523,1.4997036817516212,0.46118988888888884,0.0,True
get,echo,1,3,gke-bench-apps-2978ac17-5dh9,1,10000,10000.24,0.0,0.0,1.000024,0.7187444933920705,1.2961561481678527,1.4831992751213672,1.8234378531073532,0.5889874270004996,0.0,True
get,echo,1,3,gke-bench-apps-2978ac17-5dh9,2,15000,15000.08,0.0,0.0,1.0000053333333334,0.6844354838709678,1.319865636834335,1.5118320363164692,2.3596818181818393,0.671215184204724,0.0,True
get,echo,1,3,gke-bench-apps-2978ac17-5dh9,3,20000,20000.88,0.0,0.0,1.000044,0.7172150610583446,1.4490560198081088,2.463297246725473,3.6484970588235335,0.8275038275818138,0.0,True
get,echo,1,3,gke-bench-apps-2978ac17-5dh9,4,25000,25000.88,0.0,0.0,1.0000352,0.7144206974128234,1.534085955675279,2.89391078316284,5.387977611940308,1.036709262234225,0.0,True
get,echo,1,3,gke-bench-apps-2978ac17-5dh9,5,30000,30000.28,0.0,0.0,1.0000093333333333,1.172666602077775,3.822768873508789,7.012904635258369,9.74353709677422,1.1545603333333334,0.0,True
get,echo,1,3,gke-bench-apps-2978ac17-5dh9,6,35000,34998.96,0.0,0.0,0.9999702857142857,1.6831093168302471,5.100987938912444,8.015039393939395,11.907657091561735,1.3044582850662667,0.0,True
get,echo,1,3,gke-bench-apps-2978ac17-5dh9,7,40000,39998.84,0.0,0.0,0.999971,1.6685180682612528,4.961096587195589,7.770937500000004,10.192467032966926,1.5761500334019263,0.0,True
get,echo,1,3,gke-bench-apps-2978ac17-5dh9,8,45000,45000.56,0.0,0.0,1.0000124444444445,1.8129591327294772,5.333372351281589,9.019980190174346,22.911913407821462,1.682862064971175,0.0,True
get,echo,1,3,gke-bench-apps-2978ac17-5dh9,9,50000,50000.0,0.0,0.0,1.0,3.2434328443404308,7.463565728685427,19.587876844130854,34.11764705882353,1.7657044612476724,0.0021641972501407355,True
get,echo,1,3,gke-bench-apps-2978ac17-5dh9,10,55000,54380.52,0.0,0.0,0.9887367272727273,130.01017389075218,296.18461550182076,399.4518569254184,483.1400738916247,1.9850670972710671,0.21078073312231124,False
get,echo,1,3,gke-bench-apps-2978ac17-5dh9,11,60000,54988.8,3662.88,3662.88,0.391066,1063.9248288016688,1412.7849657603338,1491.2784965760336,1499.1278496576035,1.90858264,0.36688789390972176,False
get,echo,1,3,gke-bench-apps-2978ac17-5dh9,12,65000,53155.56,11823.88,11823.88,0.07426338461538462,1225.0296098942983,1445.0059219788595,1494.500592197886,1499.4500592197885,1.8766841365723748,0.33231965714486267,False
get,echo,1,3,gke-bench-apps-2978ac17-5dh9,13,70000,54810.64,15168.8,15168.8,0.05063142857142857,1232.7167636371864,1446.5433527274374,1494.6543352727438,1499.4654335272744,1.9317778283621583,0.3557380871921643,False
get,echo,1,3,gke-bench-apps-2978ac17-5dh9,14,75000,54846.72,20133.8,20133.8,0.03287893333333333,1238.2308021259698,1447.646160425194,1494.7646160425195,1499.4764616042519,2.0892044572372535,0.3732592807931375,False
get,echo,1,3,gke-bench-apps-2978ac17-5dh9,15,80000,54745.76,25236.0,25236.0,0.0226865,1241.427870783838,1448.2855741567678,1494.8285574156769,1499.4828557415676,1.9083516693955993,0.2939765772882041,False
get,echo,1,3,gke-bench-apps-2978ac17-5dh9,16,85000,54478.44,30502.04,30502.04,0.016964235294117648,1243.2029802882846,1448.640596057657,1494.8640596057655,1499.4864059605766,2.0436984199999997,0.3650249493291802,False
get,echo,1,3,gke-bench-apps-2978ac17-5dh9,17,90000,54563.32,35415.28,35415.28,0.013448444444444445,1244.3285246029461,1448.865704920589,1494.8865704920588,1499.4886570492058,1.9877137524876418,0.33080621433174867,False
get,echo,1,3,gke-bench-apps-2978ac17-5dh9,18,95000,55123.52,39859.0,39859.0,0.01126021052631579,1245.052521746852,1449.0105043493704,1494.901050434937,1499.4901050434937,1.9964576500000002,0.3717105263157895,False
get,echo,1,3,gke-bench-apps-2978ac17-5dh9,19,100000,54793.04,45187.32,45187.32,0.0097572,1245.46744430975,1449.09348886195,1494.909348886195,1499.4909348886194,1.7846350099125263,0.2951388888888889,False
get,fiber,1,3,gke-bench-apps-2978ac17-rd8n,0,5000,4999.96,0.0,0.0,0.999992,0.6946529142108709,1.2631065179185452,1.4780127225490944,1.4995033430121496,0.33105565876363124,0.0,True
get,fiber,1,3,gke-bench-apps-2978ac17-rd8n,1,10000,10000.16,0.0,0.0,1.000016,0.7082213930348259,1.2854373137431563,1.4803603853350888,1.4998526924942825,0.3352692235729988,0.0,True
get,fiber,1,3,gke-bench-apps-2978ac17-rd8n,2,15000,15000.08,0.0,0.0,1.0000053333333334,0.680870523415978,1.300241793190581,1.4840382730302568,1.8425910493827327,0.42769617219173245,0.0,True
get,fiber,1,3,gke-bench-apps-2978ac17-rd8n,3,20000,19997.52,0.0,0.0,0.999876,0.6763332159210991,1.363198387394695,1.860272373540856,2.261017928286829,0.6164854668809283,0.0,True
get,fiber,1,3,gke-bench-apps-2978ac17-rd8n,4,25000,24999.36,0.0,0.0,0.9999744,0.6641104997707473,1.3866151306106256,1.9303945735792876,2.784588652482221,0.7348387457059871,0.0,True
get,fiber,1,3,gke-bench-apps-2978ac17-rd8n,5,30000,29998.92,0.0,0.0,0.999964,0.7109162355750099,1.5362046895318602,2.895647648996707,5.020743630573252,0.8234736392400508,0.0,True
get,fiber,1,3,gke-bench-apps-2978ac17-rd8n,6,35000,34998.24,0.0,0.0,0.9999497142857143,0.8999061637534498,2.3360314602482712,4.350231939163492,6.71490104166666,0.9874837966270487,0.0,True
get,fiber,1,3,gke-bench-apps-2978ac17-rd8n,7,40000,39996.68,0.0,0.0,0.999917,0.8839412949194548,2.276602039956167,4.10155653883972,6.340748305084732,1.10400038,0.0,True
get,fiber,1,3,gke-bench-apps-2978ac17-rd8n,8,45000,44997.8,0.0,0.0,0.9999511111111111,0.8980072678730346,2.2712061706907067,4.049694148936174,6.180047826086899,1.129412372302755,0.0,True
get,fiber,1,3,gke-bench-apps-2978ac17-rd8n,9,50000,49998.48,0.0,0.0,0.9999696,1.4661497187772103,3.602267203836305,5.263882235528936,7.133402102496676,1.2859490871057508,0.0,True
get,fiber,1,3,gke-bench-apps-2978ac17-rd8n,10,55000,54996.8,0.0,0.0,0.9999418181818182,1.5003077387588257,3.689129185227763,5.576141924959222,9.505621621621822,1.3860138764056635,0.0,True
get,fiber,1,3,gke-bench-apps-2978ac17-rd8n,11,60000,60001.72,0.0,0.0,1.0000286666666667,1.4585472999298683,3.5340208928897265,5.38044688411079,7.661907741935443,1.4947345506270255,0.0,True
get,fiber,1,3,gke-bench-apps-2978ac17-rd8n,12,65000,64997.76,0.0,0.0,0.9999655384615385,1.641150320173216,3.781375011269529,9.642002635046149,28.031377368151816,1.603355404869565,0.0,True
get,fiber,1,3,gke-bench-apps-2978ac17-rd8n,13,70000,69998.2,0.0,0.0,0.9999742857142857,2.16548340681616,4.159456180839103,6.717531070745694,9.861715148188763,1.704543646123135,0.0,True
get,fiber,1,3,gke-bench-apps-2978ac17-rd8n,14,75000,74989.12,0.0,0.0,0.9998549333333333,2.3785794920460726,4.667598111591111,14.550478485858074,35.64972043010794,1.7473701576831522,0.003901793222538464,True
get,fiber,1,3,gke-bench-apps-2978ac17-rd8n,15,80000,79992.88,0.0,0.0,0.999911,2.8249928474887285,11.38490978676873,61.173101809058515,81.32379646017732,1.7668225679545064,0.030779752722161654,False
get,fiber,1,3,gke-bench-apps-2978ac17-rd8n,16,85000,80095.12,1917.44,1917.44,0.7031604705882353,786.60164192567,1302.9783809100247,1480.2978380910026,1498.0297838091,1.8603122394125926,0.2748758686225704,False
get,fiber,1,3,gke-bench-apps-2978ac17-rd8n,17,90000,80244.68,9729.28,9729.28,0.10847377777777778,1215.3718876468388,1443.0743775293677,1494.307437752937,1499.4307437752936,1.9710066841297718,0.3946944645356898,False
get,fiber,1,3,gke-bench-apps-2978ac17-rd8n,18,95000,80241.88,14731.36,14731.36,0.04997894736842105,1234.27687118479,1446.8553742369581,1494.685537423696,1499.4685537423695,2.02781996996518,0.4634146341463415,False
get,fiber,1,3,gke-bench-apps-2978ac17-rd8n,19,100000,79637.36,20335.08,20335.08,0.0218804,1242.9371878281179,1448.5874375656235,1494.8587437565623,1499.4858743756563,2.076603353062967,0.4248989634781573,False
post,echo,1,3,gke-bench-apps-2978ac17-5dh9,0,5000,4999.96,0.0,0.0,0.999992,0.7215845724907064,1.285222060050042,1.480695892410342,1.5921118421052884,0.5472367000000001,0.0,True
post,echo,1,3,gke-bench-apps-2978ac17-5dh9,1,10000,9999.96,0.0,0.0,0.999996,0.7205585284280936,1.2994196251159096,1.4857018313683932,1.9493135738831524,0.6799379499999996,0.0,True
post,echo,1,3,gke-bench-apps-2978ac17-5dh9,2,15000,15000.16,0.0,0.0,1.0000106666666666,0.692721238938053,1.3361196628378524,1.7673322178843671,2.4882396416573265,0.7307843788866119,0.0,True
post,echo,1,3,gke-bench-apps-2978ac17-5dh9,3,20000,19998.16,0.0,0.0,0.999908,0.764,1.6492816233022425,3.3126683480453996,4.766541547277899,1.0261995373891137,0.0,True
post,echo,1,3,gke-bench-apps-2978ac17-5dh9,4,25000,24997.72,0.0,0.0,0.9999088,0.7694782096584217,1.901772796387597,4.431023571611574,6.298284448818927,1.162217554248382,0.0,True
post,echo,1,3,gke-bench-apps-2978ac17-5dh9,5,30000,29998.56,0.0,0.0,0.999952,1.451307603982794,5.0839062317315555,8.658441358024689,14.786702230843753,1.3586751286027234,0.0,True
post,echo,1,3,gke-bench-apps-2978ac17-5dh9,6,35000,35002.28,0.0,0.0,1.0000651428571428,2.2745869944384114,6.43829378231473,9.903743610438516,14.628874450478387,1.521659842133976,0.0,True
post,echo,1,3,gke-bench-apps-2978ac17-5dh9,7,40000,39996.76,0.0,0.0,0.999919,2.4997763076832813,6.680378255158024,11.261619114437144,14.76928632678516,1.7047685236192682,0.0,True
post,echo,1,3,gke-bench-apps-2978ac17-5dh9,8,45000,44995.08,0.0,0.0,0.9998906666666667,2.8988694053218564,7.364989521480965,13.320173752745525,18.12624999999981,1.7557993481655527,0.01968712550493234,True
post,echo,1,3,gke-bench-apps-2978ac17-5dh9,9,50000,48271.72,95.08,95.08,0.9407776,493.23458103178143,883.929981300644,1304.2255280490585,1480.4225528049046,1.871336371012024,0.26728859366338853,False
post,echo,1,3,gke-bench-apps-2978ac17-5dh9,10,55000,48447.8,6496.52,6496.52,0.1516530909090909,1198.0081721639779,1439.6016344327954,1493.9601634432795,1499.3960163443278,2.000470974822912,0.35813614490007395,False
post,echo,1,3,gke-bench-apps-2978ac17-5dh9,11,60000,47233.88,12729.76,12729.76,0.06005133333333333,1229.3547218937083,1445.8709443787416,1494.5870944378742,1499.4587094437875,1.9769226993817635,0.3217917710290907,False
post,echo,1,3,gke-bench-apps-2978ac17-5dh9,12,65000,47829.64,17132.4,17132.4,0.03877292307692308,1236.0942762428988,1447.2188552485798,1494.7218855248582,1499.4721885524857,1.9868043810970342,0.3644761102070619,False
post,echo,1,3,gke-bench-apps-2978ac17-5dh9,13,70000,47916.08,22044.92,22044.92,0.027074285714285714,1239.704673183129,1447.9409346366258,1494.7940934636626,1499.479409346366,1.9640906405234075,0.3524376886412854,False
post,echo,1,3,gke-bench-apps-2978ac17-5dh9,14,75000,48263.44,26697.16,26697.16,0.0205376,1241.7582558698991,1448.3516511739797,1494.835165117398,1499.4835165117397,2.0104453923333754,0.339969836500127,False
post,echo,1,3,gke-bench-apps-2978ac17-5dh9,15,80000,47459.36,32503.64,32503.64,0.0156795,1243.2130721783356,1448.6426144356672,1494.8642614435666,1499.4864261443568,1.9181443665566182,0.34414088519320235,False
post,echo,1,3,gke-bench-apps-2978ac17-5dh9,16,85000,47469.6,37493.72,37493.72,0.012774588235294117,1244.1475205977263,1448.8295041195454,1494.8829504119544,1499.4882950411954,1.9395229118175938,0.35869429529714253,False
post,echo,1,3,gke-bench-apps-2978ac17-5dh9,17,90000,47323.16,42639.48,42639.48,0.011103555555555556,1244.6068806040257,1448.9213761208052,1494.8921376120804,1499.4892137612082,2.004161824368986,0.3502175483975878,False
post,echo,1,3,gke-bench-apps-2978ac17-5dh9,18,95000,47854.24,47109.2,47109.2,0.009958736842105263,1244.9578069146178,1448.9915613829237,1494.8991561382923,1499.4899156138292,2.0291765657703422,0.3269044544762805,False
post,echo,1,3,gke-bench-apps-2978ac17-5dh9,19,100000,48056.4,51911.8,51911.8,0.0089292,1245.2668887028692,1449.0533777405738,1494.9053377740572,1499.4905337774057,2.0101120482864316,0.3649557689940699,False
post,fiber,1,3,gke-bench-apps-2978ac17-rd8n,0,5000,5000.0,0.0,0.0,1.0,0.7043706563706563,1.2759813993727696,1.478749864821023,1.4990267113658482,0.37325903670115523,0.0,True
post,fiber,1,3,gke-bench-apps-2978ac17-rd8n,1,10000,10000.08,0.0,0.0,1.000008,0.7093610049153468,1.2927511224284662,1.4812200964953428,1.5259675324675077,0.44603810741570554,0.0,True
post,fiber,1,3,gke-bench-apps-2978ac17-rd8n,2,15000,15000.16,0.0,0.0,1.0000106666666666,0.6847694524495678,1.309276877133106,1.4892595989761093,1.9632389380530921,0.5311284697017936,0.0,True
post,fiber,1,3,gke-bench-apps-2978ac17-rd8n,3,20000,19998.48,0.0,0.0,0.999924,0.6836063791228706,1.3951173039962885,1.9577798976268035,2.9577184801381695,0.6293507072962946,0.0,True
post,fiber,1,3,gke-bench-apps-2978ac17-rd8n,4,25000,24996.36,0.0,0.0,0.9998544,0.6661427598729006,1.4200697358510865,1.9962086618986499,3.180758741258759,0.7773279128606032,0.0,True
post,fiber,1,3,gke-bench-apps-2978ac17-rd8n,5,30000,30001.4,0.0,0.0,1.0000466666666668,0.8016885610347616,1.871098879719849,4.137167042889396,7.199265202702648,0.9302580396601176,0.0,True
post,fiber,1,3,gke-bench-apps-2978ac17-rd8n,6,35000,34999.52,0.0,0.0,0.9999862857142857,1.0680784122471556,2.9522203353852694,5.176985221674877,7.295426146010176,1.0760625730889373,0.0,True
post,fiber,1,3,gke-bench-apps-2978ac17-rd8n,7,40000,39996.52,0.0,0.0,0.999913,1.0641944015869518,2.9276263968191163,5.190250433651344,7.265078104138812,1.198350773333334,0.0,True
post,fiber,1,3,gke-bench-apps-2978ac17-rd8n,8,45000,44999.4,0.0,0.0,0.9999866666666667,1.0550946536396606,2.9028257005437057,5.184209717097161,7.435101760175961,1.3842516359441357,0.0,True
post,fiber,1,3,gke-bench-apps-2978ac17-rd8n,9,50000,50000.2,0.0,0.0,1.000004,1.6787801685519095,4.045097229954121,6.079713707345282,8.485876123234988,1.369823243155281,0.0,True
post,fiber,1,3,gke-bench-apps-2978ac17-rd8n,10,55000,55001.8,0.0,0.0,1.0000327272727272,1.7302824966012225,4.123603399529925,6.475780894617138,9.593434959349695,1.5765938946876494,0.0,True
post,fiber,1,3,gke-bench-apps-2978ac17-rd8n,11,60000,60004.96,0.0,0.0,1.0000826666666667,1.7819647377536971,4.217238222993767,7.0759537310047635,11.395665545410695,1.6539137007901012,0.0,True
post,fiber,1,3,gke-bench-apps-2978ac17-rd8n,12,65000,65000.04,0.0,0.0,1.0000006153846155,2.03698687623989,4.610084042122319,9.286982574679941,29.858121238177425,1.7415656999999996,0.0,True
post,fiber,1,3,gke-bench-apps-2978ac17-rd8n,13,70000,69999.2,0.0,0.0,0.9999885714285714,3.7673126719533907,64.62479486796957,133.9292144026186,151.09055338177805,1.817179273333333,0.10437981937614453,False
post,fiber,1,3,gke-bench-apps-2978ac17-rd8n,14,75000,70855.52,1482.24,1482.24,0.7170154666666667,886.7222153597377,1292.5697450021544,1479.2569745002154,1497.9256974500215,1.8700821700083408,0.36354601659881924,False
post,fiber,1,3,gke-bench-apps-2978ac17-rd8n,15,80000,71198.96,8776.12,8776.12,0.1090475,1215.0909257375251,1443.018185147505,1494.3018185147505,1499.430181851475,1.880476051644194,0.3924914675767918,False
post,fiber,1,3,gke-bench-apps-2978ac17-rd8n,16,85000,71484.28,13497.44,13497.44,0.048321411764705884,1234.7599238671498,1446.95198477343,1494.6951984773432,1499.4695198477343,1.9864555823565948,0.3934327510328281,False
post,fiber,1,3,gke-bench-apps-2978ac17-rd8n,17,90000,72148.32,17830.28,17830.28,0.025087111111111112,1241.9236496873393,1448.384729937468,1494.8384729937468,1499.4838472993747,1.9505311662732128,0.3800821280088359,False
post,fiber,1,3,gke-bench-apps-2978ac17-rd8n,18,95000,71832.72,23143.28,23143.28,0.012129684210526315,1245.9241883181194,1449.1848376636237,1494.9184837663622,1499.4918483766362,1.9503516578415163,0.4077523240643534,False
post,fiber,1,3,gke-bench-apps-2978ac17-rd8n,19,100000,71628.28,28347.76,28347.76,0.0063516,1247.7633043878056,1449.552660877561,1494.9552660877562,1499.4955266087757,2.1478092129369566,0.45731527512249975,False
get,stdlib,2,1,gke-bench-apps-2978ac17-5dh9,0,5000,4999.88,0.0,0.0,0.999976,0.7139219474497682,1.2739973018303798,1.479089732370743,1.4995989754247794,0.46747441023337577,0.0,True
get,stdlib,2,1,gke-bench-apps-2978ac17-5dh9,1,10000,9999.88,0.0,0.0,0.999988,0.7127347883597884,1.2923512963904424,1.4829946619217083,1.884498417721514,0.5570752660083651,0.0,True
get,stdlib,2,1,gke-bench-apps-2978ac17-5dh9,2,15000,14999.84,0.0,0.0,0.9999893333333333,0.6814074717636838,1.3159628122429545,1.4985986406337937,2.3298361344537977,0.6527470394733588,0.0,True
get,stdlib,2,1,gke-bench-apps-2978ac17-5dh9,3,20000,20000.52,0.0,0.0,1.000026,0.716776466732219,1.4436010059402509,2.436632199861207,3.8174647239264154,0.8396867418048906,0.0,True
get,stdlib,2,1,gke-bench-apps-2978ac17-5dh9,4,25000,25001.88,0.0,0.0,1.0000752,0.7094028797289667,1.5425036113434203,2.9956313508667085,4.494427285318546,1.07974486,0.0,True
get,stdlib,2,1,gke-bench-apps-2978ac17-5dh9,5,30000,30000.68,0.0,0.0,1.0000226666666667,1.1839375659112532,3.778683881901705,6.930069665118547,8.991887334315175,1.21380195207304,0.0,True
get,stdlib,2,1,gke-bench-apps-2978ac17-5dh9,6,35000,34999.96,0.0,0.0,0.9999988571428572,1.7036105639005172,5.185291566455072,8.018063567628117,9.96524131016046,1.4067693984543757,0.0,True
get,stdlib,2,1,gke-bench-apps-2978ac17-5dh9,7,40000,39998.12,0.0,0.0,0.999953,1.7588797314116578,5.307943649249585,8.942512874886393,16.946342315369364,1.527373551451049,0.0,True
get,stdlib,2,1,gke-bench-apps-2978ac17-5dh9,8,45000,45001.68,0.0,0.0,1.0000373333333332,1.8425931692214619,5.374858822844502,8.59092525773197,13.487759731167882,1.6406959810248123,0.0,True
get,stdlib,2,1,gke-bench-apps-2978ac17-5dh9,9,50000,49998.36,0.0,0.0,0.9999672,3.3975607618602477,7.6357173981936315,17.162121693121648,28.72642419175019,1.778248677048394,0.006162337796402781,True
get,stdlib,2,1,gke-bench-apps-2978ac17-5dh9,10,55000,54904.08,0.0,0.0,0.998256,7.835528442146089,93.48447917805227,161.18032492056824,198.20873448834018,1.8783206626303057,0.08553311745416212,False
get,stdlib,2,1,gke-bench-apps-2978ac17-5dh9,11,60000,54779.64,3132.96,3132.96,0.48908266666666667,988.4058778879453,1392.3130937759,1489.23130937759,1498.9231309377592,1.8808709282933918,0.26184948433183897,False
get,stdlib,2,1,gke-bench-apps-2978ac17-5dh9,12,65000,54727.44,10268.96,10268.96,0.08862892307692308,1220.5876826961094,1444.1175365392219,1494.411753653922,1499.4411753653922,1.9263918981168175,0.27081160403472165,False
get,stdlib,2,1,gke-bench-apps-2978ac17-5dh9,13,70000,52965.8,17030.68,17030.68,0.040656,1235.8044352859583,1447.1608870571918,1494.7160887057191,1499.471608870572,1.9594565178187273,0.26423240427855454,False
get,stdlib,2,1,gke-bench-apps-2978ac17-5dh9,14,75000,53116.16,21880.72,21880.72,0.0273616,1239.9532038593109,1447.9906407718622,1494.7990640771861,1499.4799064077188,1.9282899777048825,0.3507717470727324,False
get,stdlib,2,1,gke-bench-apps-2978ac17-5dh9,15,80000,53156.92,26840.8,26840.8,0.0199835,1242.2481838014642,1448.4496367602928,1494.8449636760292,1499.4844963676028,1.9991896765136588,0.3328880730023665,False
get,stdlib,2,1,gke-bench-apps-2978ac17-5dh9,16,85000,53632.72,31366.56,31366.56,0.015864,1243.5523641140321,1448.7104728228064,1494.8710472822806,1499.4871047282281,1.985583573252233,0.2635894844606127,False
get,stdlib,2,1,gke-bench-apps-2978ac17-5dh9,17,90000,53416.04,36583.36,36583.36,0.01286711111111111,1244.4599869876383,1448.8919973975278,1494.889199739753,1499.488919973975,2.0267074847611743,0.3094126422861109,False
get,stdlib,2,1,gke-bench-apps-2978ac17-5dh9,18,95000,53207.56,41787.2,41787.2,0.010649263157894736,1245.1544068229139,1449.030881364583,1494.9030881364583,1499.4903088136457,2.0289326110235435,0.3418977370512682,False
get,stdlib,2,1,gke-bench-apps-2978ac17-5dh9,19,100000,53682.56,46316.0,46316.0,0.0093196,1245.5831782008167,1449.1166356401632,1494.9116635640162,1499.4911663564017,2.01371228818183,0.3249287900325305,False
get,chi,2,1,gke-bench-apps-2978ac17-rd8n,0,5000,5000.04,0.0,0.0,1.000008,0.7211944777911165,1.2973810927672957,1.4816396422955977,1.5289782608695375,0.5153734673810517,0.0,True
get,chi,2,1,gke-bench-apps-2978ac17-rd8n,1,10000,9999.88,0.0,0.0,0.999988,0.7144521452145215,1.302437385659009,1.4845712921139118,1.9047094117647023,0.6556800462598125,0.0,True
get,chi,2,1,gke-bench-apps-2978ac17-rd8n,2,15000,15000.2,0.0,0.0,1.0000133333333334,0.6923704453441295,1.334107210466535,1.7178119438402226,2.4514688041594415,0.7712493242956878,0.0,True
get,chi,2,1,gke-bench-apps-2978ac17-rd8n,3,20000,20001.88,0.0,0.0,1.000094,0.7511232199941877,1.5316249716084231,3.028937499999994,5.228161417322754,0.938345890901161,0.0,True
get,chi,2,1,gke-bench-apps-2978ac17-rd8n,4,25000,25000.6,0.0,0.0,1.000024,0.7530797375725461,1.732863385364581,3.3733965448768846,4.871562499999988,1.1382105006733285,0.0,True
get,chi,2,1,gke-bench-apps-2978ac17-rd8n,5,30000,29999.2,0.0,0.0,0.9999733333333334,1.3340718838499286,4.496657843972903,7.991647331786536,11.154408352668321,1.2644389066666668,0.0,True
get,chi,2,1,gke-bench-apps-2978ac17-rd8n,6,35000,35001.64,0.0,0.0,1.0000468571428571,2.0570398108001577,5.8722903262648956,8.96243696644828,13.547830252100892,1.4481711567541142,0.0,True
get,chi,2,1,gke-bench-apps-2978ac17-rd8n,7,40000,39995.48,0.0,0.0,0.999887,2.2116544081729494,6.225525061940157,12.991409891248061,34.91530493273548,1.6316094229194362,0.0,True
get,chi,2,1,gke-bench-apps-2978ac17-rd8n,8,45000,45002.2,0.0,0.0,1.000048888888889,2.4553137897547948,6.53637563607147,11.448281031381155,14.821422146711994,1.7108114198337152,0.0,True
get,chi,2,1,gke-bench-apps-2978ac17-rd8n,9,50000,49971.52,0.0,0.0,0.9994304,5.570526296875281,18.574847785009446,50.74646823633927,74.22837310195258,1.7877897708519728,0.07372732422907853,False
get,chi,2,1,gke-bench-apps-2978ac17-rd8n,10,55000,50448.72,2966.56,2966.56,0.4601832727272727,999.571734047443,1399.6590109886613,1489.9659010988662,1498.9965901098865,1.9023357725318324,0.3240362066282029,False
get,chi,2,1,gke-bench-apps-2978ac17-rd8n,11,60000,51068.08,8929.84,8929.84,0.10131466666666666,1216.2203373254026,1443.2440674650807,1494.324406746508,1499.4324406746507,1.9085139767662296,0.3545696226261064,False
get,chi,2,1,gke-bench-apps-2978ac17-rd8n,12,65000,49796.36,15207.48,15207.48,0.045500307692307694,1234.2143827643897,1446.8428765528781,1494.6842876552878,1499.4684287655286,1.8534216795019793,0.3595598114394119,False
get,chi,2,1,gke-bench-apps-2978ac17-rd8n,13,70000,49938.8,20060.68,20060.68,0.029726285714285716,1239.1301258975518,1447.8260251795102,1494.7826025179509,1499.478260251795,1.9659112399320646,0.3291962911089883,False
get,chi,2,1,gke-bench-apps-2978ac17-rd8n,14,75000,48939.64,26059.28,26059.28,0.019657066666666667,1242.2349688277936,1448.4469937655588,1494.8446993765558,1499.4844699376558,1.989189062779942,0.3806917346522723,False
get,chi,2,1,gke-bench-apps-2978ac17-rd8n,15,80000,49498.04,30500.4,30500.4,0.0158455,1243.4292479432058,1448.6858495886413,1494.8685849588642,1499.4868584958865,1.9968049808015007,0.37396477934150574,False
get,chi,2,1,gke-bench-apps-2978ac17-rd8n,16,85000,49228.84,35769.28,35769.28,0.012668235294117647,1244.4093749714445,1448.881874994289,1494.8881874994288,1499.488818749943,2.011995676567104,0.3867814012773831,False
get,chi,2,1,gke-bench-apps-2978ac17-rd8n,17,90000,49106.24,40889.28,40889.28,0.010699555555555556,1244.9995097965905,1448.999901959318,1494.8999901959317,1499.4899990195931,2.104179667111,0.3277556033762915,False
get,chi,2,1,gke-bench-apps-2978ac17-rd8n,18,95000,49525.8,45474.32,45474.32,0.009569684210526315,1245.325061275266,1449.0650122550533,1494.9065012255053,1499.4906501225505,2.0930514505425863,0.29337539432176657,False
get,chi,2,1,gke-bench-apps-2978ac17-rd8n,19,100000,49487.4,50512.08,50512.08,0.0084748,1245.6441129015016,1449.1288225803003,1494.91288225803,1499.491288225803,2.131303591856915,0.3086214479597098,False
post,stdlib,2,1,gke-bench-apps-2978ac17-5dh9,0,5000,4999.92,0.0,0.0,0.999984,0.7181453867660764,1.2821492789902338,1.4804678630610302,1.6036707317072751,0.5779240389673544,0.0,True
post,stdlib,2,1,gke-bench-apps-2978ac17-5dh9,1,10000,9999.84,0.0,0.0,0.999984,0.718287255563048,1.297612059765208,1.4852091115261474,1.9212424778760941,0.6381390880500892,0.0,True
post,stdlib,2,1,gke-bench-apps-2978ac17-5dh9,2,15000,15000.32,0.0,0.0,1.0000213333333334,0.6874306393244873,1.3283533715557077,1.6845533526397845,2.4082646616541563,0.8226811534717611,0.0,True
post,stdlib,2,1,gke-bench-apps-2978ac17-5dh9,3,20000,19999.72,0.0,0.0,0.999986,0.7552524822695036,1.6484168771567826,3.790396056727777,6.483131756756699,0.9960821757050371,0.0,True
post,stdlib,2,1,gke-bench-apps-2978ac17-5dh9,4,25000,24997.68,0.0,0.0,0.9999072,0.7700362056480811,1.8884845682580056,4.379667917990176,6.798689045936327,1.1735773305662882,0.0,True
post,stdlib,2,1,gke-bench-apps-2978ac17-5dh9,5,30000,29999.04,0.0,0.0,0.999968,1.4558122854654438,5.097151951750712,8.397412413793102,12.52007999999992,1.3187651680787038,0.0,True
post,stdlib,2,1,gke-bench-apps-2978ac17-5dh9,6,35000,34999.88,0.0,0.0,0.9999965714285715,2.2897515111937174,6.379235806084269,9.401417702528935,14.082267801857615,1.5005831023841907,0.0,True
post,stdlib,2,1,gke-bench-apps-2978ac17-5dh9,7,40000,39998.6,0.0,0.0,0.999965,2.4956712324770614,6.704749396019481,12.075544260525358,32.160598377282284,1.6620149236308757,0.0,True
post,stdlib,2,1,gke-bench-apps-2978ac17-5dh9,8,45000,44994.4,0.0,0.0,0.9998755555555555,3.1789835292657957,8.322613652974711,21.83007608533486,37.45548455803993,1.6720479954672691,0.0009830530022232329,True
post,stdlib,2,1,gke-bench-apps-2978ac17-5dh9,9,50000,47980.68,254.28,254.28,0.886432,544.8016634676904,988.6000880775082,1434.4361424183132,1493.4436142418313,1.8576447705877157,0.22455559098522682,False
post,stdlib,2,1,gke-bench-apps-2978ac17-5dh9,10,55000,48252.24,6722.76,6722.76,0.14736436363636363,1199.529232424677,1439.9058464849354,1493.9905846484935,1499.3990584648493,1.9115791755903107,0.35363739590927573,False
post,stdlib,2,1,gke-bench-apps-2978ac17-5dh9,11,60000,48232.56,11747.68,11747.68,0.06886266666666667,1226.577749156478,1445.3155498312956,1494.5315549831296,1499.4531554983128,2.0266823442783743,0.2859277677539032,False
post,stdlib,2,1,gke-bench-apps-2978ac17-5dh9,12,65000,48364.84,16615.48,16615.48,0.041204923076923076,1235.3440358337646,1447.068807166753,1494.7068807166752,1499.4706880716676,1.9557265000000006,0.3289200446890149,False
post,stdlib,2,1,gke-bench-apps-2978ac17-5dh9,13,70000,48158.28,21823.72,21823.72,0.02781257142857143,1239.4675339851206,1447.893506797024,1494.7893506797022,1499.4789350679703,2.0964402564325018,0.2866319714891472,False
post,stdlib,2,1,gke-bench-apps-2978ac17-5dh9,14,75000,48239.76,26739.88,26739.88,0.020467733333333335,1241.7830504352025,1448.3566100870407,1494.8356610087042,1499.4835661008703,2.07278963217933,0.33993399339933994,False
post,stdlib,2,1,gke-bench-apps-2978ac17-5dh9,15,80000,48300.44,31678.12,31678.12,0.0162055,1243.1046293932432,1448.6209258786487,1494.862092587865,1499.4862092587864,1.940052093674423,0.2802785773773747,False
post,stdlib,2,1,gke-bench-apps-2978ac17-5dh9,16,85000,48495.28,36482.08,36482.08,0.013294117647058824,1244.0357156127864,1448.8071431225574,1494.8807143122558,1499.4880714312255,2.071198340000001,0.2816094782396392,False
post,stdlib,2,1,gke-bench-apps-2978ac17-5dh9,17,90000,48316.24,41665.16,41665.16,0.011437333333333334,1244.5578985122302,1448.911579702446,1494.8911579702446,1499.4891157970244,2.056104139999999,0.2944387669912073,False
post,stdlib,2,1,gke-bench-apps-2978ac17-5dh9,18,95000,48077.68,46898.24,46898.24,0.010090526315789473,1244.9139499328085,1448.9827899865618,1494.8982789986562,1499.4898278998655,2.090543367511642,0.2954440087213183,False
post,stdlib,2,1,gke-bench-apps-2978ac17-5dh9,19,100000,48063.32,51923.76,51923.76,0.0088768,1245.2958772790364,1449.0591754558072,1494.9059175455807,1499.490591754558,2.0179678555555536,0.2979452054794521,False
post,chi,2,1,gke-bench-apps-2978ac17-rd8n,0,5000,4999.92,0.0,0.0,0.999984,0.7242146017699115,1.2947579975417733,1.4816134604524467,1.6304492753622692,0.5207043333333331,0.0,True
post,chi,2,1,gke-bench-apps-2978ac17-rd8n,1,10000,10000.12,0.0,0.0,1.000012,0.7189389830508475,1.3020900504803778,1.485287168213646,1.9300941747572844,0.6940661166666663,0.0,True
post,chi,2,1,gke-bench-apps-2978ac17-rd8n,2,15000,14999.44,0.0,0.0,0.9999626666666667,0.6981131279020684,1.3453273796927245,1.8392318099819616,2.710302180685397,0.8080439066666668,0.0,True
post,chi,2,1,gke-bench-apps-2978ac17-rd8n,3,20000,19998.84,0.0,0.0,0.999942,0.7866618682021753,1.8106731205076738,4.423735503179944,8.852696721311315,1.0038289,0.0,True
post,chi,2,1,gke-bench-apps-2978ac17-rd8n,4,25000,24999.52,0.0,0.0,0.9999808,0.8150402298850574,2.1415672754379442,4.916216360245137,6.988406189555114,1.3119225301684878,0.0,True
post,chi,2,1,gke-bench-apps-2978ac17-rd8n,5,30000,30001.08,0.0,0.0,1.000036,1.6789963727974988,5.779767664266428,9.34785870927318,14.351590797244091,1.4335148600000003,0.0,True
post,chi,2,1,gke-bench-apps-2978ac17-rd8n,6,35000,34998.8,0.0,0.0,0.9999657142857142,2.6951426790806594,7.087101216433325,11.605324074074092,14.748176085568339,1.6747324282742875,0.0,True
post,chi,2,1,gke-bench-apps-2978ac17-rd8n,7,40000,40000.28,0.0,0.0,1.000007,3.2813174946004318,8.305037715517242,22.833824626865553,44.77701486374904,1.7183486625001356,0.0,True
post,chi,2,1,gke-bench-apps-2978ac17-rd8n,8,45000,43769.32,3.4,3.4,0.9713395555555555,392.91615667074666,726.867678664782,918.3370999438513,1129.3248644986425,1.9565459968297378,0.20969000537288165,False
post,chi,2,1,gke-bench-apps-2978ac17-rd8n,9,50000,44526.8,5218.28,5218.28,0.2064576,1174.5489990620958,1434.9097998124191,1493.490979981242,1499.3490979981243,1.9599521338403625,0.31012105477257473,False
post,chi,2,1,gke-bench-apps-2978ac17-rd8n,10,55000,44608.16,10369.92,10369.92,0.07699563636363636,1223.7775366949527,1444.7555073389906,1494.475550733899,1499.4475550733898,2.006709599130424,0.2969653471428808,False
post,chi,2,1,gke-bench-apps-2978ac17-rd8n,11,60000,44565.68,15413.28,15413.28,0.042911333333333336,1234.67123907504,1446.9342478150081,1494.6934247815009,1499.46934247815,1.9582459951305873,0.34065978682964343,False
post,chi,2,1,gke-bench-apps-2978ac17-rd8n,12,65000,44730.8,20248.08,20248.08,0.029296,1238.884000956416,1447.7768001912832,1494.7776800191284,1499.4777680019129,2.0031196696627314,0.32015191087631084,False
post,chi,2,1,gke-bench-apps-2978ac17-rd8n,13,70000,44643.56,25338.16,25338.16,0.021772,1241.1638626775066,1448.2327725355012,1494.82327725355,1499.4823277253552,1.9590414956713842,0.34419492827327036,False
post,chi,2,1,gke-bench-apps-2978ac17-rd8n,14,75000,45498.72,29479.8,29479.8,0.0170512,1242.7699939484232,1448.5539987896848,1494.8553998789685,1499.4855399878968,1.83320499599115,0.30259365933393106,False
post,chi,2,1,gke-bench-apps-2978ac17-rd8n,15,80000,45069.48,34913.04,34913.04,0.0139015,1243.6750068702943,1448.7350013740588,1494.873500137406,1499.4873500137408,2.069648747919514,0.31466968858738,False
post,chi,2,1,gke-bench-apps-2978ac17-rd8n,16,85000,45395.56,39588.36,39588.36,0.011879058823529411,1244.3128258922216,1448.8625651784444,1494.8862565178445,1499.4886256517846,1.9275503699284582,0.28750569232396955,False
post,chi,2,1,gke-bench-apps-2978ac17-rd8n,17,90000,45126.4,44857.48,44857.48,0.010584444444444445,1244.6087952587282,1448.9217590517455,1494.8921759051746,1499.4892175905175,2.014623706771487,0.3115329898198123,False
post,chi,2,1,gke-bench-apps-2978ac17-rd8n,18,95000,45162.96,49810.88,49810.88,0.00938021052631579,1244.9679073650427,1448.9935814730086,1494.899358147301,1499.48993581473,1.9538242247082072,0.3213750835938031,False
post,chi,2,1,gke-bench-apps-2978ac17-rd8n,19,100000,45250.08,54732.68,54732.68,0.0085012,1245.2132839759315,1449.0426567951863,1494.9042656795186,1499.4904265679518,2.1185230537794797,0.3404551245636393,False
get,gin,2,2,gke-bench-apps-2978ac17-5dh9,0,5000,5000.04,0.0,0.0,1.000008,0.7176974612129761,1.2767768326966051,1.4795103798745766,1.4997837345923737,0.5039897369966999,0.0,True
get,gin,2,2,gke-bench-apps-2978ac17-5dh9,1,10000,9999.8,0.0,0.0,0.99998,0.7176198749131342,1.2954189934737266,1.4846434939110542,1.9453834033613495,0.5945725444141916,0.0,True
get,gin,2,2,gke-bench-apps-2978ac17-5dh9,2,15000,15000.4,0.0,0.0,1.0000266666666666,0.6892538631346579,1.3281274951295072,1.680928217821785,2.6075738396624275,0.6839878355313533,0.0,True
get,gin,2,2,gke-bench-apps-2978ac17-5dh9,3,20000,19998.24,0.0,0.0,0.999912,0.7322633872976338,1.4849513872842646,3.028334015554646,5.092755555555534,0.9288304991378727,0.0,True
get,gin,2,2,gke-bench-apps-2978ac17-5dh9,4,25000,25000.28,0.0,0.0,1.0000112,0.7399443493150685,1.7232805828287465,3.707958462842618,5.553679530201371,1.1238527852610392,0.0,True
get,gin,2,2,gke-bench-apps-2978ac17-5dh9,5,30000,30000.88,0.0,0.0,1.0000293333333334,1.2531075261414661,4.213761467889909,7.856376318475676,12.891823432343244,1.243465790510125,0.0,True
get,gin,2,2,gke-bench-apps-2978ac17-5dh9,6,35000,34999.44,0.0,0.0,0.999984,1.7981873642719959,5.409962592564318,8.516579194001876,12.747203913491159,1.4124133466666668,0.0,True
get,gin,2,2,gke-bench-apps-2978ac17-5dh9,7,40000,40003.04,0.0,0.0,1.000076,1.8138469290280592,5.439979489215297,8.645837807290194,13.495550949913643,1.6198244333333331,0.0,True
get,gin,2,2,gke-bench-apps-2978ac17-5dh9,8,45000,45001.6,0.0,0.0,1.0000355555555556,1.9448626099573774,5.616079688119466,8.916778251166575,13.863542354235381,1.5832618524716198,0.0,True
get,gin,2,2,gke-bench-apps-2978ac17-5dh9,9,50000,50003.56,0.0,0.0,1.0000712,3.7937061417127245,8.86056145070493,26.578014263427793,48.404145597210466,1.723658700125283,0.011594202898550725,True
get,gin,2,2,gke-bench-apps-2978ac17-5dh9,10,55000,53133.76,19.0,19.0,0.9613010909090909,514.322422911885,812.5995757318627,981.0913893884893,1398.6770404271517,1.858430794427258,0.29986313906914747,False
get,gin,2,2,gke-bench-apps-2978ac17-5dh9,11,60000,52786.4,7188.68,7188.68,0.144548,1200.8490820954664,1440.1698164190932,1494.0169816419093,1499.401698164191,1.979598101443933,0.32888827998076586,False
get,gin,2,2,gke-bench-apps-2978ac17-5dh9,12,65000,52400.0,12594.6,12594.6,0.06448861538461538,1228.2622223918568,1445.6524444783713,1494.5652444478371,1499.4565244447838,1.8970598333333333,0.338278711935593,False
get,gin,2,2,gke-bench-apps-2978ac17-5dh9,13,70000,52408.64,17582.64,17582.64,0.03839371428571429,1236.4868180658987,1447.2973636131799,1494.7297363613181,1499.4729736361319,2.0795708613257746,0.3275170333696486,False
get,gin,2,2,gke-bench-apps-2978ac17-5dh9,14,75000,52188.24,22803.48,22803.48,0.025273066666666667,1240.577769046678,1448.1155538093358,1494.8115553809337,1499.4811555380934,2.0676892152384334,0.3000652117311511,False
get,gin,2,2,gke-bench-apps-2978ac17-5dh9,15,80000,53069.48,26927.36,26927.36,0.0197235,1242.3391388109906,1448.467827762198,1494.8467827762197,1499.484678277622,2.020302735185526,0.3268597341451855,False
get,gin,2,2,gke-bench-apps-2978ac17-5dh9,16,85000,53490.6,31504.24,31504.24,0.015657882352941178,1243.620934791011,1448.7241869582022,1494.8724186958202,1499.487241869582,1.9712146918894002,0.2677458010371142,False
get,gin,2,2,gke-bench-apps-2978ac17-5dh9,17,90000,53077.4,36917.4,36917.4,0.012537777777777778,1244.5696741034476,1448.9139348206895,1494.891393482069,1499.489139348207,1.9440551252991563,0.3649825293806974,False
get,gin,2,2,gke-bench-apps-2978ac17-5dh9,18,95000,53270.28,41722.92,41722.92,0.010581894736842106,1245.1914282980963,1449.0382856596193,1494.903828565962,1499.4903828565962,1.8425703977105352,0.4032432738369108,False
get,gin,2,2,gke-bench-apps-2978ac17-5dh9,19,100000,53063.12,46928.72,46928.72,0.0091864,1245.5956987201712,1449.119139744034,1494.9119139744034,1499.4911913974404,1.7705050387812877,0.38763962597127527,False
get,fasthttp,2,2,gke-bench-apps-2978ac17-rd8n,0,5000,5000.0,0.0,0.0,1.0,0.6950029638411381,1.262816353017521,1.4775355956788945,1.4990075199450321,0.32545134286622285,0.0,True
get,fasthttp,2,2,gke-bench-apps-2978ac17-rd8n,1,10000,10000.08,0.0,0.0,1.000008,0.7063226507332971,1.2862060032468656,1.4805013643742877,1.4999309004870298,0.39124701332157785,0.0,True
get,fasthttp,2,2,gke-bench-apps-2978ac17-rd8n,2,15000,15000.08,0.0,0.0,1.0000053333333334,0.6798891820580475,1.299987974199191,1.4844756750847272,1.8986572280178997,0.4217803699067774,0.0,True
get,fasthttp,2,2,gke-bench-apps-2978ac17-rd8n,3,20000,20002.6,0.0,0.0,1.00013,0.6751568770521708,1.3624747259120824,1.871633134879901,2.4933695652173897,0.5227941217933633,0.0,True
get,fasthttp,2,2,gke-bench-apps-2978ac17-rd8n,4,25000,24999.88,0.0,0.0,0.9999952,0.6655964872262774,1.3794624245399087,1.900922912950799,2.4090225535168295,0.6645345701872974,0.0,True
get,fasthttp,2,2,gke-bench-apps-2978ac17-rd8n,5,30000,30000.28,0.0,0.0,1.0000093333333333,0.69116368006993,1.4888401485580023,2.8337908763898016,5.54844273127757,0.8144382065118041,0.0,True
get,fasthttp,2,2,gke-bench-apps-2978ac17-rd8n,6,35000,35002.16,0.0,0.0,1.0000617142857142,0.8798590113810091,2.2496084208893885,3.9929648651803413,5.8366661849710955,0.8719384327652108,0.0,True
get,fasthttp,2,2,gke-bench-apps-2978ac17-rd8n,7,40000,40003.76,0.0,0.0,1.000094,0.8648137494606644,2.193118302349805,3.980545321459067,5.973350194552503,1.1315379957873861,0.0,True
get,fasthttp,2,2,gke-bench-apps-2978ac17-rd8n,8,45000,44998.0,0.0,0.0,0.9999555555555556,0.875561049306414,2.1813881107998756,3.902790438569837,5.7202848101266115,1.2798646802236497,0.0,True
get,fasthttp,2,2,gke-bench-apps-2978ac17-rd8n,9,50000,49999.24,0.0,0.0,0.9999848,1.4063488641263646,3.440052234474754,5.294994456762745,8.39399879518083,1.2310214939101842,0.0,True
get,fasthttp,2,2,gke-bench-apps-2978ac17-rd8n,10,55000,55000.44,0.0,0.0,1.000008,1.3361394182508466,3.2972231135526444,4.941757177832179,7.236910610465159,1.3113739521805283,0.0,True
get,fasthttp,2,2,gke-bench-apps-2978ac17-rd8n,11,60000,59998.88,0.0,0.0,0.9999813333333334,1.332391731121214,3.283345063031695,5.3549766178910865,8.295016697588064,1.477657305331151,0.0,True
get,fasthttp,2,2,gke-bench-apps-2978ac17-rd8n,12,65000,65001.88,0.0,0.0,1.000028923076923,1.561112049687232,3.546746613215372,6.648678643384827,14.998909829237794,1.5068956253115127,0.0,True
get,fasthttp,2,2,gke-bench-apps-2978ac17-rd8n,13,70000,69999.8,0.0,0.0,0.9999971428571428,2.1067064387573824,4.114766766278906,7.811454814189199,17.760337779689948,1.6097129749506174,0.0,True
get,fasthttp,2,2,gke-bench-apps-2978ac17-rd8n,14,75000,75000.92,0.0,0.0,1.0000122666666666,2.269935146370126,4.3157617849843914,8.179449662459644,16.296685043144667,1.8975988657483334,0.0005063433532165732,True
get,fasthttp,2,2,gke-bench-apps-2978ac17-rd8n,15,80000,79718.0,0.0,0.0,0.996475,107.66884721870443,197.0859538152308,280.0017176681994,333.49736905046694,1.8986227441769112,0.3247852353700214,False
get,fasthttp,2,2,gke-bench-apps-2978ac17-rd8n,16,85000,81528.04,763.84,763.84,0.8589105882352941,588.3143821117771,1021.5849983099865,1452.1584998309986,1495.2158499830996,1.9556128702994424,0.5175444134327134,False
get,fasthttp,2,2,gke-bench-apps-2978ac17-rd8n,17,90000,81225.92,8717.88,8717.88,0.1357377777777778,1205.743787233993,1441.1487574467988,1494.11487574468,1499.4114875744679,1.983726676632491,0.5157408587406466,False
get,fasthttp,2,2,gke-bench-apps-2978ac17-rd8n,18,95000,80838.64,14105.84,14105.84,0.05625642105263158,1232.302102887795,1446.460420577559,1494.646042057756,1499.4646042057755,2.0045687170431035,0.4256515328525332,False
get,fasthttp,2,2,gke-bench-apps-2978ac17-rd8n,19,100000,80493.48,19451.2,19451.2,0.0268264,1241.380892430926,1448.2761784861852,1494.8276178486185,1499.4827617848619,1.9274790266248716,0.43321011244159385,False
post,gin,2,2,gke-bench-apps-2978ac17-5dh9,0,5000,5000.08,0.0,0.0,1.000016,0.7214526315789473,1.2819625176803395,1.4808695190947667,1.7171616161616508,0.6103026392779397,0.0,True
post,gin,2,2,gke-bench-apps-2978ac17-5dh9,1,10000,10000.04,0.0,0.0,1.000004,0.7210524632117722,1.2991697817235164,1.4869083338895934,1.9638957765667646,0.6674448466433602,0.0,True
post,gin,2,2,gke-bench-apps-2978ac17-5dh9,2,15000,14999.96,0.0,0.0,0.9999973333333333,0.6959397007042254,1.3412533153661876,1.8359525384488184,2.7077935064934926,0.7642283943607284,0.0,True
post,gin,2,2,gke-bench-apps-2978ac17-5dh9,3,20000,20002.16,0.0,0.0,1.000108,0.7684860788863108,1.745096546473805,4.236632612966605,6.338292929292923,0.9853481794497687,0.0,True
post,gin,2,2,gke-bench-apps-2978ac17-5dh9,4,25000,25000.4,0.0,0.0,1.000016,0.7924576976421637,2.122030473485883,5.331805975159454,7.936649999999984,1.2114148999625354,0.0,True
post,gin,2,2,gke-bench-apps-2978ac17-5dh9,5,30000,30001.04,0.0,0.0,1.0000346666666666,1.4853095852782923,5.458783137276974,10.564852675886938,46.78223188405863,1.3514196800789622,0.0,True
post,gin,2,2,gke-bench-apps-2978ac17-5dh9,6,35000,34999.48,0.0,0.0,0.9999851428571429,2.407971183865636,6.6848605104320145,10.529333401913386,14.57978242979119,1.570213493333334,0.0,True
post,gin,2,2,gke-bench-apps-2978ac17-5dh9,7,40000,40001.76,0.0,0.0,1.000044,2.551192380952381,6.816928867143394,11.69312327017243,14.886791569086652,1.6702539325200814,0.0,True
post,gin,2,2,gke-bench-apps-2978ac17-5dh9,8,45000,45002.76,0.0,0.0,1.0000613333333332,3.3103780834550065,8.509912400766492,22.35852601156077,41.480708108108644,1.7435649298977236,0.006288444000395466,True
post,gin,2,2,gke-bench-apps-2978ac17-5dh9,9,50000,47463.08,887.68,887.68,0.7300032,892.5489386378014,1283.5290232894156,1478.3529023289414,1497.835290232894,1.843257532218413,0.2430846754848975,False
post,gin,2,2,gke-bench-apps-2978ac17-5dh9,10,55000,47100.84,7901.0,7901.0,0.11846545454545454,1209.8647192920382,1441.9729438584077,1494.197294385841,1499.419729438584,1.9115670285443018,0.3496762655802189,False
post,gin,2,2,gke-bench-apps-2978ac17-5dh9,11,60000,47386.44,12613.56,12613.56,0.062140666666666663,1228.6497320078795,1445.7299464015757,1494.5729946401575,1499.457299464016,1.9428984653328023,0.3823513848442001,False
post,gin,2,2,gke-bench-apps-2978ac17-5dh9,12,65000,47391.64,17608.64,17608.64,0.038224,1236.168328023109,1447.2336656046218,1494.7233665604622,1499.4723366560463,2.0231858771005453,0.35143553100811886,False
post,gin,2,2,gke-bench-apps-2978ac17-5dh9,13,70000,47189.2,22812.16,22812.16,0.025686857142857143,1240.0967413890646,1448.019348277813,1494.8019348277812,1499.480193482778,2.031931155401244,0.3136098577167107,False
post,gin,2,2,gke-bench-apps-2978ac17-5dh9,14,75000,47392.48,27603.44,27603.44,0.019653866666666665,1241.9746838089447,1448.394936761789,1494.8394936761788,1499.483949367618,2.0447603759696857,0.2635348585921988,False
post,gin,2,2,gke-bench-apps-2978ac17-5dh9,15,80000,47381.04,32618.96,32618.96,0.0154655,1243.2968242754173,1448.6593648550836,1494.8659364855084,1499.4865936485508,2.0050445983786087,0.31338028169014087,False
post,gin,2,2,gke-bench-apps-2978ac17-5dh9,16,85000,47389.04,37611.08,37611.08,0.012689882352941176,1244.1771178828083,1448.8354235765617,1494.883542357656,1499.4883542357657,1.9837290885949976,0.31743645406286747,False
post,gin,2,2,gke-bench-apps-2978ac17-5dh9,17,90000,47484.36,42517.24,42517.24,0.01118,1244.5877805833968,1448.9175561166794,1494.8917556116678,1499.4891755611668,1.9956886275759658,0.32319174356716335,False
post,gin,2,2,gke-bench-apps-2978ac17-5dh9,18,95000,47458.48,47539.72,47539.72,0.010021052631578948,1244.8824335877496,1448.97648671755,1494.897648671755,1499.4897648671754,2.0236154928032914,0.2815413808936768,False
post,gin,2,2,gke-bench-apps-2978ac17-5dh9,19,100000,47300.08,52702.08,52702.08,0.0087852,1245.268793207294,1449.053758641459,1494.905375864146,1499.4905375864146,1.968466654597776,0.3146038146665122,False
post,fasthttp,2,2,gke-bench-apps-2978ac17-rd8n,0,5000,5000.08,0.0,0.0,1.000016,0.6994464944649447,1.2717613823971825,1.478133690428147,1.4987709212312437,0.3530937925889677,0.0,True
post,fasthttp,2,2,gke-bench-apps-2978ac17-rd8n,1,10000,10000.12,0.0,0.0,1.000012,0.707072315164598,1.2906341933520442,1.4808437595103643,1.4998647161261962,0.3959532333469364,0.0,True
post,fasthttp,2,2,gke-bench-apps-2978ac17-rd8n,2,15000,15000.48,0.0,0.0,1.000032,0.6810563002680966,1.3063034349090124,1.488014859480995,1.9795442404006731,0.46943811023371,0.0,True
post,fasthttp,2,2,gke-bench-apps-2978ac17-rd8n,3,20000,19998.08,0.0,0.0,0.999904,0.6809280742459397,1.3829636508575702,1.926088347610692,2.734971128608937,0.6024381601079244,0.0,True
post,fasthttp,2,2,gke-bench-apps-2978ac17-rd8n,4,25000,24998.16,0.0,0.0,0.9999264,0.6659766963673749,1.404338599386937,1.9666918694976692,2.905731082654233,0.7969568149739401,0.0,True
post,fasthttp,2,2,gke-bench-apps-2978ac17-rd8n,5,30000,29998.44,0.0,0.0,0.999948,0.7752173415694349,1.7962730149113064,3.9256143700104156,6.911650724637666,0.9494590270090233,0.0,True
post,fasthttp,2,2,gke-bench-apps-2978ac17-rd8n,6,35000,35003.24,0.0,0.0,1.0000925714285713,1.0414001606258632,2.844476697857615,5.064635506003423,7.7981677966101595,1.0940423032343043,0.0,True
post,fasthttp,2,2,gke-bench-apps-2978ac17-rd8n,7,40000,39998.8,0.0,0.0,0.99997,0.9902112528759673,2.694925769515434,4.857379753429419,6.97656166219841,1.180065695901062,0.0,True
post,fasthttp,2,2,gke-bench-apps-2978ac17-rd8n,8,45000,44998.6,0.0,0.0,0.9999688888888889,1.0132521441747115,2.7454418804697434,4.925799627079754,7.49184533551548,1.3481757243059156,0.0,True
post,fasthttp,2,2,gke-bench-apps-2978ac17-rd8n,9,50000,49998.84,0.0,0.0,0.9999768,1.5578603437942684,3.8439480247332627,5.859158664499929,8.150249620637403,1.357522744803783,0.0,True
post,fasthttp,2,2,gke-bench-apps-2978ac17-rd8n,10,55000,55002.16,0.0,0.0,1.0000392727272727,1.6074709784908214,3.962125898792566,8.83447268106732,34.05352324819908,1.429558172990978,0.0,True
post,fasthttp,2,2,gke-bench-apps-2978ac17-rd8n,11,60000,60001.08,0.0,0.0,1.000018,1.6095174546127216,3.9267330728332595,6.815661707882533,10.5249791169451,1.4552091869707062,0.0,True
post,fasthttp,2,2,gke-bench-apps-2978ac17-rd8n,12,65000,64999.24,0.0,0.0,0.9999883076923077,1.9290377537449612,4.46393745439066,35.946961520412884,54.07931859700418,1.6204581251980752,0.006557377049180328,True
post,fasthttp,2,2,gke-bench-apps-2978ac17-rd8n,13,70000,70000.6,0.0,0.0,1.0000085714285714,2.6298013991706175,5.3905599092596415,13.011341270222287,24.601685049019817,1.6474577551480645,0.01720853460564738,True
post,fasthttp,2,2,gke-bench-apps-2978ac17-rd8n,14,75000,74997.28,0.0,0.0,0.9999637333333333,12.716291452676266,122.77843424278232,186.72113964921385,210.62721545569028,1.8464412799999992,0.09002829266124457,False
post,fasthttp,2,2,gke-bench-apps-2978ac17-rd8n,15,80000,74898.04,2326.52,2326.52,0.6407765,876.9140080569716,1341.5588646433057,1484.1558864643305,1498.415588646433,1.9578574200000003,0.29504601081278886,False
post,fasthttp,2,2,gke-bench-apps-2978ac17-rd8n,16,85000,74470.16,10471.8,10471.8,0.08868094117647059,1221.8451246543523,1444.3690249308704,1494.436902493087,1499.4436902493087,2.105622045337488,0.4149050795401593,False
post,fasthttp,2,2,gke-bench-apps-2978ac17-rd8n,17,90000,75297.32,14650.44,14650.44,0.044077333333333336,1236.0965232756432,1447.2193046551288,1494.7219304655127,1499.4721930465514,2.030636736387925,0.37058823529411766,False
post,fasthttp,2,2,gke-bench-apps-2978ac17-rd8n,18,95000,74731.8,20213.92,20213.92,0.01885221052631579,1243.8616007164162,1448.7723201432832,1494.8772320143285,1499.4877232014328,2.0755995492250974,0.449685534591195,False
post,fasthttp,2,2,gke-bench-apps-2978ac17-rd8n,19,100000,75540.8,24403.48,24403.48,0.0112324,1246.2265626553733,1449.2453125310747,1494.9245312531075,1499.4924531253107,2.006004086945652,0.4616990368252952,False
get,echo,2,3,gke-bench-apps-2978ac17-5dh9,0,5000,4999.84,0.0,0.0,0.999968,0.7183812405446294,1.2753113234868232,1.478932088039386,1.4992941644946423,0.5383701333333333,0.0,True
get,echo,2,3,gke-bench-apps-2978ac17-5dh9,1,10000,10000.0,0.0,0.0,1.0,0.7161974649766512,1.2918343875790683,1.4821060108919935,1.7454212454212454,0.5981932149271978,0.0,True
get,echo,2,3,gke-bench-apps-2978ac17-5dh9,2,15000,14999.76,0.0,0.0,0.999984,0.6823004904146234,1.3163651689035858,1.498719769175906,2.2922777777777705,0.703763116963529,0.0,True
get,echo,2,3,gke-bench-apps-2978ac17-5dh9,3,20000,19999.4,0.0,0.0,0.99997,0.7125320829220139,1.4425235226720368,2.429509775938349,3.526622340425557,0.8844921442954131,0.0,True
get,echo,2,3,gke-bench-apps-2978ac17-5dh9,4,25000,24999.12,0.0,0.0,0.9999648,0.7121687090339128,1.5496236666334373,3.0300640243902395,4.711508960573471,1.0191894074498593,0.0,True
get,echo,2,3,gke-bench-apps-2978ac17-5dh9,5,30000,29999.8,0.0,0.0,0.9999933333333333,1.1707795569690471,3.731520902214774,6.871569501018336,8.877171242774569,1.2274037466666667,0.0,True
get,echo,2,3,gke-bench-apps-2978ac17-5dh9,6,35000,35000.76,0.0,0.0,1.0000217142857142,1.713438361511625,5.167918124271197,8.4206307154384,15.387694063927599,1.3662747347249085,0.0,True
get,echo,2,3,gke-bench-apps-2978ac17-5dh9,7,40000,39999.28,0.0,0.0,0.999982,1.7420257677153042,5.275889715218575,9.05300348735831,19.236850335070887,1.386821384971493,0.0,True
get,echo,2,3,gke-bench-apps-2978ac17-5dh9,8,45000,45000.28,0.0,0.0,1.0000062222222221,1.8314603511565166,5.377315772123828,8.841237636003948,16.958922574626946,1.6880193290379202,0.0,True
get,echo,2,3,gke-bench-apps-2978ac17-5dh9,9,50000,50001.32,0.0,0.0,1.0000264,3.221138711122856,7.353265240180942,19.130624416554262,33.46488713318264,1.6970039330047806,0.0,True
get,echo,2,3,gke-bench-apps-2978ac17-5dh9,10,55000,54783.04,0.0,0.0,0.9960552727272727,9.14940818397024,161.59891424808472,237.33275675675674,284.9896183929827,1.8581154333333336,0.1294016559564714,False
get,echo,2,3,gke-bench-apps-2978ac17-5dh9,11,60000,55027.44,3265.2,3265.2,0.48251533333333335,991.8677289393871,1394.488528377253,1489.448852837725,1498.9448852837725,1.8661016629517633,0.4226056297828139,False
get,echo,2,3,gke-bench-apps-2978ac17-5dh9,12,65000,54722.68,10216.4,10216.4,0.09182276923076924,1219.3950469908232,1443.8790093981647,1494.3879009398165,1499.4387900939817,2.117432178064978,0.40278258856907434,False
get,echo,2,3,gke-bench-apps-2978ac17-5dh9,13,70000,54940.24,15001.64,15001.64,0.051314285714285715,1232.5115719642972,1446.5023143928595,1494.650231439286,1499.4650231439286,1.9749300866666661,0.3535923043226074,False
get,echo,2,3,gke-bench-apps-2978ac17-5dh9,14,75000,54674.64,20271.56,20271.56,0.0314912,1238.7128962701288,1447.742579254026,1494.7742579254027,1499.4774257925403,2.1030607462120265,0.3843087819991972,False
get,echo,2,3,gke-bench-apps-2978ac17-5dh9,15,80000,54670.8,25277.8,25277.8,0.022758,1241.3877271137874,1448.2775454227574,1494.8277545422757,1499.4827754542275,2.0035115999999995,0.3254237288135593,False
get,echo,2,3,gke-bench-apps-2978ac17-5dh9,16,85000,54591.96,30357.84,30357.84,0.01677270588235294,1243.296126793148,1448.6592253586298,1494.8659225358629,1499.4865922535862,1.9914756128827722,0.40559440559440557,False
get,echo,2,3,gke-bench-apps-2978ac17-5dh9,17,90000,54600.4,35349.24,35349.24,0.013284,1244.4033162537328,1448.8806632507465,1494.8880663250745,1499.4888066325075,1.9122310957204953,0.4276923076923077,False
get,echo,2,3,gke-bench-apps-2978ac17-5dh9,18,95000,55028.44,39916.84,39916.84,0.011343578947368422,1245.0063761797785,1449.0012752359557,1494.9001275235955,1499.4900127523597,1.900339186317286,0.41911817508196325,False
get,echo,2,3,gke-bench-apps-2978ac17-5dh9,19,100000,54772.0,45173.36,45173.36,0.0097512,1245.4685104414978,1449.0937020882996,1494.90937020883,1499.490937020883,1.8991875373119367,0.4278971246357065,False
get,fiber,2,3,gke-bench-apps-2978ac17-rd8n,0,5000,4999.92,0.0,0.0,0.999984,0.692465495608532,1.261458173445894,1.4773027628549502,1.4988872217958555,0.3274099523261184,0.0,True
get,fiber,2,3,gke-bench-apps-2978ac17-rd8n,1,10000,9999.92,0.0,0.0,0.999992,0.7059940298507462,1.2852062168967615,1.4805680298688895,1.550428571428604,0.32224997466216126,0.0,True
get,fiber,2,3,gke-bench-apps-2978ac17-rd8n,2,15000,15000.24,0.0,0.0,1.000016,0.6792978087649403,1.2986032477507135,1.483760917270134,1.8314648562300369,0.40071109094627777,0.0,True
get,fiber,2,3,gke-bench-apps-2978ac17-rd8n,3,20000,19997.64,0.0,0.0,0.999882,0.6777450634696757,1.3635988622498043,1.8669515939378092,2.353869601328911,0.6185647666811778,0.0,True
get,fiber,2,3,gke-bench-apps-2978ac17-rd8n,4,25000,24999.52,0.0,0.0,0.9999808,0.66461775147929,1.38790785838206,1.9281586016116747,2.8021869565217257,0.6600191653413602,0.0,True
get,fiber,2,3,gke-bench-apps-2978ac17-rd8n,5,30000,29999.2,0.0,0.0,0.9999733333333334,0.7119589886521999,1.5425192530428953,2.948183391003457,5.667444933920746,0.88569584,0.0,True
get,fiber,2,3,gke-bench-apps-2978ac17-rd8n,6,35000,34999.0,0.0,0.0,0.9999714285714286,0.8978369933940368,2.3332606233872317,4.22593939952109,6.385828189300435,0.9546638537681054,0.0,True
get,fiber,2,3,gke-bench-apps-2978ac17-rd8n,7,40000,39998.24,0.0,0.0,0.999956,0.8840258920113672,2.324069899461932,4.30113794780353,6.37165465465465,1.1794169404493933,0.0,True
get,fiber,2,3,gke-bench-apps-2978ac17-rd8n,8,45000,44998.92,0.0,0.0,0.999976,0.9163343658298011,2.344218907306837,4.242897956023538,6.316246185852983,1.20299776,0.0,True
get,fiber,2,3,gke-bench-apps-2978ac17-rd8n,9,50000,50000.44,0.0,0.0,1.0000088,1.4486068811768054,3.5333697900769847,5.201857124616949,7.920319597069651,1.4035551846797012,0.0,True
get,fiber,2,3,gke-bench-apps-2978ac17-rd8n,10,55000,54999.48,0.0,0.0,0.9999905454545455,1.4550471723951945,3.5742493832141142,5.436039543641996,9.294138888888945,1.2572171207418472,0.0,True
get,fiber,2,3,gke-bench-apps-2978ac17-rd8n,11,60000,60000.28,0.0,0.0,1.0000046666666667,1.393564572923559,3.411385232472742,5.319317792462062,8.752839407744894,1.5934663245645033,0.0,True
get,fiber,2,3,gke-bench-apps-2978ac17-rd8n,12,65000,64997.96,0.0,0.0,0.9999686153846153,1.6265824948826777,3.6712231440387337,6.423027511961723,25.15828202994999,1.5431558188459682,0.0,True
get,fiber,2,3,gke-bench-apps-2978ac17-rd8n,13,70000,69998.72,0.0,0.0,0.9999817142857143,2.17696670059619,4.163492318091724,6.4423944982807155,9.338437894736785,1.7281775200000007,0.0,True
get,fiber,2,3,gke-bench-apps-2978ac17-rd8n,14,75000,74997.36,0.0,0.0,0.9999648,2.3676150909499216,4.606280424841422,12.63290892114418,30.460788601723355,1.673010926912785,0.0008024419739797408,True
get,fiber,2,3,gke-bench-apps-2978ac17-rd8n,15,80000,79518.24,0.0,0.0,0.993978,68.6124675951046,197.64267261406937,282.72416720771105,337.1817715019255,2.043838612591486,0.17978559673958044,False
get,fiber,2,3,gke-bench-apps-2978ac17-rd8n,16,85000,78577.72,4206.0,4206.0,0.520252705882353,974.8661940827823,1385.6427245822013,1488.56427245822,1498.856427245822,1.9346555533333336,0.2772550015603436,False
get,fiber,2,3,gke-bench-apps-2978ac17-rd8n,17,90000,79772.92,10206.56,10206.56,0.1032311111111111,1217.045542897972,1443.4091085795944,1494.3409108579594,1499.434091085796,1.8887257459707136,0.35323881160195064,False
get,fiber,2,3,gke-bench-apps-2978ac17-rd8n,18,95000,78633.32,16342.04,16342.04,0.038678315789473686,1237.7451477396676,1447.5490295479335,1494.7549029547934,1499.4754902954792,1.7869602643541849,0.33955223880597013,False
get,fiber,2,3,gke-bench-apps-2978ac17-rd8n,19,100000,79926.0,20051.32,20051.32,0.0230224,1242.5852599771,1448.51705199542,1494.851705199542,1499.4851705199542,1.9462815631731611,0.34769384694082806,False
post,echo,2,3,gke-bench-apps-2978ac17-5dh9,0,5000,5000.04,0.0,0.0,1.000008,0.7218419170243205,1.2811365164761266,1.4802320107599194,1.556330985915466,0.6042385656411992,0.0,True
post,echo,2,3,gke-bench-apps-2978ac17-5dh9,1,10000,9999.92,0.0,0.0,0.999992,0.7203049967553536,1.2970895534863507,1.4851553854126616,1.9372712177121842,0.671971138233359,0.0,True
post,echo,2,3,gke-bench-apps-2978ac17-5dh9,2,15000,14999.48,0.0,0.0,0.9999653333333334,0.6859580216126351,1.3266528219692926,1.6567872914622184,2.4824523411371047,0.793544430586688,0.0,True
post,echo,2,3,gke-bench-apps-2978ac17-5dh9,3,20000,20000.56,0.0,0.0,1.000028,0.7560692640692641,1.5786212314642056,3.0197625830959143,4.239013856812904,0.948001490585015,0.0,True
post,echo,2,3,gke-bench-apps-2978ac17-5dh9,4,25000,24997.56,0.0,0.0,0.9999024,0.7671161369193154,1.8529448941124291,3.884036995515694,6.301431677018593,1.209721403638195,0.0,True
post,echo,2,3,gke-bench-apps-2978ac17-5dh9,5,30000,29999.48,0.0,0.0,0.9999826666666667,1.4100019203152658,4.955053060823426,8.242830380482138,11.788533963886653,1.2976987178686348,0.0,True
post,echo,2,3,gke-bench-apps-2978ac17-5dh9,6,35000,35000.2,0.0,0.0,1.0000057142857144,2.214273379165159,6.319340410050079,9.558606674272667,14.32187613019891,1.4793949205533938,0.0,True
post,echo,2,3,gke-bench-apps-2978ac17-5dh9,7,40000,40002.52,0.0,0.0,1.000063,2.497894898137879,6.6846011601199065,11.27038492063492,14.842038492063505,1.6616433288322106,0.0,True
post,echo,2,3,gke-bench-apps-2978ac17-5dh9,8,45000,44996.88,0.0,0.0,0.9999306666666666,3.0553704931870254,7.781050109802357,14.724890181465664,44.596522366522215,1.8593825055723725,0.003848468313974645,True
post,echo,2,3,gke-bench-apps-2978ac17-5dh9,9,50000,47535.56,825.44,825.44,0.737716,827.3883920554538,1276.8233274740467,1477.6823327474049,1497.7682332747406,1.7582072189842757,0.2686685606156333,False
post,echo,2,3,gke-bench-apps-2978ac17-5dh9,10,55000,47646.36,7351.6,7351.6,0.1310029090909091,1205.4590368238332,1441.0918073647667,1494.1091807364767,1499.4109180736477,2.0079178569712046,0.4006178796809869,False
post,echo,2,3,gke-bench-apps-2978ac17-5dh9,11,60000,47745.72,12251.68,12251.68,0.06292466666666667,1228.5338901948226,1445.7067780389646,1494.5706778038966,1499.4570677803897,1.9706079594466064,0.46461788585821323,False
post,echo,2,3,gke-bench-apps-2978ac17-5dh9,12,65000,48029.4,16972.4,16972.4,0.039767384615384614,1235.7800236420144,1447.1560047284029,1494.7156004728402,1499.471560047284,1.980568237834456,0.4264390469405681,False
post,echo,2,3,gke-bench-apps-2978ac17-5dh9,13,70000,47873.6,22126.88,22126.88,0.026058285714285714,1240.0971823376226,1448.0194364675244,1494.8019436467525,1499.480194364675,1.9463591062128671,0.4313721395006617,False
post,echo,2,3,gke-bench-apps-2978ac17-5dh9,14,75000,47849.6,27150.92,27150.92,0.020025066666666667,1241.8988463725939,1448.3797692745188,1494.8379769274518,1499.4837976927454,2.0352567318869235,0.3768545994065282,False
post,echo,2,3,gke-bench-apps-2978ac17-5dh9,15,80000,48321.32,31679.68,31679.68,0.0159705,1243.210352591464,1448.6420705182927,1494.8642070518292,1499.4864207051828,1.9232412408566035,0.386986301369863,False
post,echo,2,3,gke-bench-apps-2978ac17-5dh9,16,85000,48567.12,36433.16,36433.16,0.013500235294117646,1243.95018093784,1448.790036187568,1494.879003618757,1499.4879003618755,1.9619283733333335,0.3671574266041513,False
post,echo,2,3,gke-bench-apps-2978ac17-5dh9,17,90000,48528.04,41469.32,41469.32,0.01155911111111111,1244.5232156860764,1448.9046431372153,1494.8904643137216,1499.4890464313721,1.9780299330490925,0.38281088985806705,False
post,echo,2,3,gke-bench-apps-2978ac17-5dh9,18,95000,48454.4,46550.0,46550.0,0.010126315789473685,1244.9360318703623,1448.9872063740725,1494.8987206374072,1499.4898720637407,1.988751791311366,0.44271665729328513,False
post,echo,2,3,gke-bench-apps-2978ac17-5dh9,19,100000,48737.92,51258.88,51258.88,0.0092212,1245.1787902743445,1449.035758054869,1494.903575805487,1499.4903575805488,2.0292838130480604,0.41734719627195166,False
post,fiber,2,3,gke-bench-apps-2978ac17-rd8n,0,5000,5000.08,0.0,0.0,1.000016,0.7009311224489796,1.2701610204157525,1.4793421590866833,1.65906818181826,0.337372551619583,0.0,True
post,fiber,2,3,gke-bench-apps-2978ac17-rd8n,1,10000,9999.92,0.0,0.0,0.999992,0.7089547856723429,1.289616957724488,1.4805425725098857,1.499635133988426,0.4294960781593839,0.0,True
post,fiber,2,3,gke-bench-apps-2978ac17-rd8n,2,15000,15000.24,0.0,0.0,1.000016,0.6832977173385139,1.3071384073381884,1.4883941268716032,1.9612439209726467,0.4939844378861312,0.0,True
post,fiber,2,3,gke-bench-apps-2978ac17-rd8n,3,20000,20000.48,0.0,0.0,1.000024,0.681416600159617,1.3855883689232167,1.9360100806451614,2.795440909090923,0.6840694303924723,0.0,True
post,fiber,2,3,gke-bench-apps-2978ac17-rd8n,4,25000,24998.64,0.0,0.0,0.9999456,0.6638589306029579,1.4044391736094137,1.9690176486746322,3.2206790830945344,0.8431695497570384,0.0,True
post,fiber,2,3,gke-bench-apps-2978ac17-rd8n,5,30000,29998.4,0.0,0.0,0.9999466666666667,0.7914347557204701,1.825164174704813,3.8085733200926883,6.362285714285751,0.9690823156949174,0.0,True
post,fiber,2,3,gke-bench-apps-2978ac17-rd8n,6,35000,35002.32,0.0,0.0,1.0000662857142857,1.0967120263472188,3.0665728030036385,5.349657478719096,7.451987837837865,1.090097096752279,0.0,True
post,fiber,2,3,gke-bench-apps-2978ac17-rd8n,7,40000,39997.84,0.0,0.0,0.999946,1.083432504417621,2.973432977115914,5.126454081632657,7.9422562814070385,1.243222557300841,0.0,True
post,fiber,2,3,gke-bench-apps-2978ac17-rd8n,8,45000,45000.04,0.0,0.0,1.000000888888889,1.0795776488062494,2.9222023180557395,5.129169907881268,7.633729982964283,1.272233233333334,0.0,True
post,fiber,2,3,gke-bench-apps-2978ac17-rd8n,9,50000,49999.32,0.0,0.0,0.9999864,1.8500217570876478,4.306344558700177,6.400082743988679,9.069203874538738,1.419610789702965,0.0,True
post,fiber,2,3,gke-bench-apps-2978ac17-rd8n,10,55000,54994.76,0.0,0.0,0.9999047272727273,1.8401992666985494,4.3611235836547735,8.225736914600564,18.671275957545113,1.567660586666666,0.0,True
post,fiber,2,3,gke-bench-apps-2978ac17-rd8n,11,60000,59998.6,0.0,0.0,0.9999766666666666,1.859454625845327,4.348610414726738,7.504407129000981,12.118514563106633,1.6691247721278304,0.0,True
post,fiber,2,3,gke-bench-apps-2978ac17-rd8n,12,65000,64998.56,0.0,0.0,0.9999778461538461,2.1232437197003082,4.642463770805114,8.190421354511347,13.40970977295171,1.7540671714796947,0.0,True
post,fiber,2,3,gke-bench-apps-2978ac17-rd8n,13,70000,69997.76,0.0,0.0,0.999968,3.147634803098655,7.8109554408511555,32.960110803324135,50.651318864775035,1.9178499866666652,0.05046334468533735,True
post,fiber,2,3,gke-bench-apps-2978ac17-rd8n,14,75000,71062.4,1515.52,1515.52,0.7005317333333333,926.4845804264892,1308.1729699846458,1480.8172969984646,1498.0817296998464,1.8144983277618014,0.3273143095813733,False
post,fiber,2,3,gke-bench-apps-2978ac17-rd8n,15,80000,71321.0,8677.8,8677.8,0.109274,1215.0765079959629,1443.0153015991928,1494.3015301599191,1499.430153015992,1.9305302529379105,0.35294117647058826,False
post,fiber,2,3,gke-bench-apps-2978ac17-rd8n,16,85000,71386.32,13611.68,13611.68,0.045624,1235.638650547755,1447.127730109551,1494.712773010955,1499.4712773010954,1.9045716530149852,0.30393919657574664,False
post,fiber,2,3,gke-bench-apps-2978ac17-rd8n,17,90000,70318.44,19681.32,19681.32,0.017878222222222222,1244.145488099154,1448.829097619831,1494.8829097619832,1499.4882909761984,1.9998417841436973,0.37132127492574724,False
post,fiber,2,3,gke-bench-apps-2978ac17-rd8n,18,95000,71492.2,23507.44,23507.44,0.011300631578947368,1246.1886511866744,1449.237730237335,1494.9237730237335,1499.4923773023734,1.9917018301796228,0.3214689416388502,False
post,fiber,2,3,gke-bench-apps-2978ac17-rd8n,19,100000,71748.36,28250.96,28250.96,0.0061944,1247.8228264958896,1449.564565299178,1494.956456529918,1499.4956456529917,2.18475721619205,0.3316485800136448,False
get,chi,3,1,gke-bench-apps-2978ac17-5dh9,0,5000,4999.88,0.0,0.0,0.999976,0.7156320541760722,1.2754545454545456,1.4795868263473055,1.5000249999999746,0.449810814069998,0.0,True
get,chi,3,1,gke-bench-apps-2978ac17-5dh9,1,10000,10000.08,0.0,0.0,1.000008,0.7183803278688525,1.293373565459138,1.4840821481242903,1.9142516703786108,0.5856886858776804,0.0,True
get,chi,3,1,gke-bench-apps-2978ac17-5dh9,2,15000,14999.92,0.0,0.0,0.9999946666666667,0.6931313578062804,1.3341495541016175,1.8208628365486559,3.290705426356506,0.6889348299275356,0.0,True
get,chi,3,1,gke-bench-apps-2978ac17-5dh9,3,20000,19998.56,0.0,0.0,0.999928,0.7246186860349951,1.4719096870736326,2.806257115749524,3.9849025755879177,0.9043845605989621,0.0,True
get,chi,3,1,gke-bench-apps-2978ac17-5dh9,4,25000,25001.6,0.0,0.0,1.000064,0.7252766798418973,1.6656226319777723,4.002848722986242,11.855210237659623,1.1065900533333333,0.0,True
get,chi,3,1,gke-bench-apps-2978ac17-5dh9,5,30000,30001.36,0.0,0.0,1.0000453333333332,1.2218827234914704,4.033932113107043,7.4813721995926725,9.75330563002683,1.342839978799513,0.0,True
get,chi,3,1,gke-bench-apps-2978ac17-5dh9,6,35000,35001.84,0.0,0.0,1.0000525714285715,1.7650864234750276,5.384447792328196,8.678884792626734,13.953934865900434,1.4530216656967219,0.0,True
get,chi,3,1,gke-bench-apps-2978ac17-5dh9,7,40000,40000.68,0.0,0.0,1.000017,1.791929609745377,5.384719589515655,8.444779411764701,12.685145833333351,1.52701241154679,0.0,True
get,chi,3,1,gke-bench-apps-2978ac17-5dh9,8,45000,45000.8,0.0,0.0,1.0000177777777777,1.9928137270227775,5.776149595421354,9.654646017699124,19.802152414194246,1.7408916891227755,0.0,True
get,chi,3,1,gke-bench-apps-2978ac17-5dh9,9,50000,49999.68,0.0,0.0,0.9999936,3.5362846586952164,7.605464557539197,14.202057559578082,27.2875889328059,1.8200205002359857,0.0011038111691147236,True
get,chi,3,1,gke-bench-apps-2978ac17-5dh9,10,55000,53097.96,92.28,92.28,0.9490589090909091,531.7381256715202,848.3920165889062,1204.9195305206067,1470.4919530520601,1.8578002207365087,0.17644682419312582,False
get,chi,3,1,gke-bench-apps-2978ac17-5dh9,11,60000,53360.16,6580.56,6580.56,0.161838,1194.385414117977,1438.8770828235954,1493.8877082823594,1499.3887708282361,1.9392317336926177,0.3334655788891903,False
get,chi,3,1,gke-bench-apps-2978ac17-5dh9,12,65000,53075.04,11891.96,11891.96,0.0736523076923077,1225.21415418107,1445.042830836214,1494.5042830836214,1499.450428308362,2.0082623131703623,0.28507496265606697,False
get,chi,3,1,gke-bench-apps-2978ac17-5dh9,13,70000,53418.76,16544.36,16544.36,0.044916,1234.3652783988111,1446.8730556797623,1494.6873055679762,1499.4687305567975,1.828157474210904,0.3240739922280741,False
get,chi,3,1,gke-bench-apps-2978ac17-5dh9,14,75000,53670.36,21299.32,21299.32,0.0302416,1238.968768676229,1447.793753735246,1494.7793753735245,1499.4779375373523,1.9223122162344344,0.38361415435911245,False
get,chi,3,1,gke-bench-apps-2978ac17-5dh9,15,80000,53425.56,26538.96,26538.96,0.021995,1241.4856899978247,1448.297137999565,1494.8297137999566,1499.4829713799954,1.9703727971717246,0.3681988003631122,False
get,chi,3,1,gke-bench-apps-2978ac17-5dh9,16,85000,53151.48,31814.52,31814.52,0.01664941176470588,1243.1614719883223,1448.6322943976643,1494.8632294397664,1499.4863229439766,2.0304346532198703,0.3339992857517046,False
get,chi,3,1,gke-bench-apps-2978ac17-5dh9,17,90000,53600.4,36367.12,36367.12,0.01336488888888889,1244.2609923057487,1448.8521984611498,1494.885219846115,1499.4885219846115,2.0652624466666665,0.2833668196812088,False
get,chi,3,1,gke-bench-apps-2978ac17-5dh9,18,95000,53633.0,41334.0,41334.0,0.011661052631578947,1244.727292804216,1448.9454585608432,1494.8945458560843,1499.4894545856084,2.21390410723637,0.3088811557310779,False
get,chi,3,1,gke-bench-apps-2978ac17-5dh9,19,100000,53565.16,46402.36,46402.36,0.0099404,1245.2728798625556,1449.0545759725112,1494.9054575972511,1499.4905457597251,2.123262505882634,0.3779264214046823,False
get,echo,3,1,gke-bench-apps-2978ac17-rd8n,0,5000,4999.96,0.0,0.0,0.999992,0.716276332094176,1.292638498594942,1.480814431955038,1.4996320252910478,0.5218066,0.0,True
get,echo,3,1,gke-bench-apps-2978ac17-rd8n,1,10000,10000.0,0.0,0.0,1.0,0.7128978457261989,1.3001944222066104,1.4839969284558956,1.9770491803278687,0.6097350249999999,0.0,True
get,echo,3,1,gke-bench-apps-2978ac17-rd8n,2,15000,14999.8,0.0,0.0,0.9999866666666667,0.6881382508833922,1.3273605525905332,1.6495851906884582,2.4549290484140274,0.74833704248702,0.0,True
get,echo,3,1,gke-bench-apps-2978ac17-rd8n,3,20000,19999.68,0.0,0.0,0.999984,0.7335662491760053,1.4727105778648384,2.6633379083173234,3.9957551020407927,0.8817587213292797,0.0,True
get,echo,3,1,gke-bench-apps-2978ac17-rd8n,4,25000,25001.28,0.0,0.0,1.0000512,0.7371268452706397,1.6404004711425213,3.1513466404273336,5.911670588235275,1.0766205258045967,0.0,True
get,echo,3,1,gke-bench-apps-2978ac17-rd8n,5,30000,29999.96,0.0,0.0,0.9999986666666667,1.2578517351109235,4.141895140664961,7.397097222222223,9.446324264705918,1.300838368410449,0.0,True
get,echo,3,1,gke-bench-apps-2978ac17-rd8n,6,35000,34998.96,0.0,0.0,0.9999702857142857,1.8513283944309618,5.474697537087714,8.688813411078717,20.281629213481864,1.45179016,0.0,True
get,echo,3,1,gke-bench-apps-2978ac17-rd8n,7,40000,40000.84,0.0,0.0,1.000021,1.8826269500800998,5.433274356031625,8.586678302150244,13.223072311046602,1.5073783270884507,0.0,True
get,echo,3,1,gke-bench-apps-2978ac17-rd8n,8,45000,44999.88,0.0,0.0,0.9999973333333333,2.1014455655135125,5.906658104208291,13.448554873892316,38.0161554800341,1.7308595764946653,0.0,True
get,echo,3,1,gke-bench-apps-2978ac17-rd8n,9,50000,50005.56,0.0,0.0,1.0001112,3.9825990549350583,8.878057505999468,21.026711647727346,36.27852699530536,1.7168592321371678,0.015687832291743253,True
get,echo,3,1,gke-bench-apps-2978ac17-rd8n,10,55000,52464.36,620.84,620.84,0.8291192727272727,570.9918426177225,1117.7627207553771,1461.7762720755375,1496.177627207554,1.7863423782446475,0.25583224675130595,False
get,echo,3,1,gke-bench-apps-2978ac17-rd8n,11,60000,52507.08,7495.12,7495.12,0.13005666666666665,1206.3604159657548,1441.272083193151,1494.127208319315,1499.4127208319314,1.8533759187856242,0.2912652435011262,False
get,echo,3,1,gke-bench-apps-2978ac17-rd8n,12,65000,52231.92,12770.92,12770.92,0.06205784615384615,1229.077209586424,1445.815441917285,1494.5815441917284,1499.4581544191728,2.064001443757862,0.3339921284719803,False
get,echo,3,1,gke-bench-apps-2978ac17-rd8n,13,70000,52122.0,17876.28,17876.28,0.03531942857142857,1237.5509671369218,1447.5101934273844,1494.7510193427386,1499.4751019342739,1.8690482905802541,0.3470415901042216,False
get,echo,3,1,gke-bench-apps-2978ac17-rd8n,14,75000,51395.72,23605.92,23605.92,0.0227456,1241.4171520110767,1448.2834304022151,1494.8283430402216,1499.4828343040224,2.045744269281222,0.3721156640281333,False
get,echo,3,1,gke-bench-apps-2978ac17-rd8n,15,80000,51655.36,28342.8,28342.8,0.017277,1243.1267554084482,1448.6253510816898,1494.8625351081687,1499.4862535108168,2.0708744333449034,0.4081351324806369,False
get,echo,3,1,gke-bench-apps-2978ac17-rd8n,16,85000,51273.4,33721.36,33721.36,0.013261176470588235,1244.3804316179492,1448.8760863235898,1494.887608632359,1499.488760863236,2.1134135222492803,0.43035393959912177,False
get,echo,3,1,gke-bench-apps-2978ac17-rd8n,17,90000,51848.88,38151.32,38151.32,0.011231111111111112,1245.029316606764,1449.0058633213528,1494.9005863321352,1499.4900586332137,1.898399161240546,0.40826099159153206,False
get,echo,3,1,gke-bench-apps-2978ac17-rd8n,18,95000,51063.76,43934.96,43934.96,0.009434526315789473,1245.5335607847953,1449.1067121569592,1494.9106712156959,1499.4910671215696,2.0762407799920313,0.36971017427124636,False
get,echo,3,1,gke-bench-apps-2978ac17-rd8n,19,100000,51370.2,48628.12,48628.12,0.0083808,1245.8537263031908,1449.1707452606381,1494.9170745260637,1499.4917074526063,2.0197560341462486,0.4217030337677625,False
post,chi,3,1,gke-bench-apps-2978ac17-5dh9,0,5000,4999.96,0.0,0.0,0.999992,0.7245688291139241,1.2812649964714187,1.4797461185603387,1.499594230769231,0.5705555575440131,0.0,True
post,chi,3,1,gke-bench-apps-2978ac17-5dh9,1,10000,9999.76,0.0,0.0,0.999976,0.7232712956335003,1.298084602256723,1.4844834556691464,1.9027841880341816,0.7069278550749564,0.0,True
post,chi,3,1,gke-bench-apps-2978ac17-5dh9,2,15000,14999.76,0.0,0.0,0.999984,0.6948371262829094,1.3392052384926496,1.816511827219746,2.7374385474860254,0.8363470298013416,0.0,True
post,chi,3,1,gke-bench-apps-2978ac17-5dh9,3,20000,20001.56,0.0,0.0,1.000078,0.7975144151565075,1.81464716735731,3.6421791187739445,5.398144642857162,0.968673812684962,0.0,True
post,chi,3,1,gke-bench-apps-2978ac17-5dh9,4,25000,24999.04,0.0,0.0,0.9999616,0.7919008035466888,1.9408739713980614,3.9560312321462567,5.846761904761869,1.170544336891919,0.0,True
post,chi,3,1,gke-bench-apps-2978ac17-5dh9,5,30000,30000.56,0.0,0.0,1.0000186666666666,1.6203588299558387,5.6515123581264035,9.288808104886767,17.614923312883693,1.3381040026936026,0.0,True
post,chi,3,1,gke-bench-apps-2978ac17-5dh9,6,35000,34998.52,0.0,0.0,0.9999577142857143,2.3874572319871192,6.674130518790456,11.21121148642751,14.647829711093658,1.5016735207998773,0.0,True
post,chi,3,1,gke-bench-apps-2978ac17-5dh9,7,40000,40000.4,0.0,0.0,1.00001,2.8982703613131,7.427472265298818,14.04413512525142,29.23832781456946,1.6072851407520026,0.0,True
post,chi,3,1,gke-bench-apps-2978ac17-5dh9,8,45000,45000.28,0.0,0.0,1.0000062222222221,3.445220651544326,8.749316707433799,19.520639330650805,29.308496317512308,1.7748626187798164,0.012613296676855,True
post,chi,3,1,gke-bench-apps-2978ac17-5dh9,9,50000,47191.6,1121.28,1121.28,0.7333608,768.7277533500838,1275.7811995180339,1477.5781199518035,1497.7578119951802,1.8935173580877638,0.20077113757966414,False
post,chi,3,1,gke-bench-apps-2978ac17-5dh9,10,55000,47286.48,7684.24,7684.24,0.12011418181818181,1209.4011337210732,1441.8802267442147,1494.1880226744213,1499.418802267442,1.9899408423339628,0.299422177978423,False
post,chi,3,1,gke-bench-apps-2978ac17-5dh9,11,60000,47221.2,12747.68,12747.68,0.06172,1228.7260443954226,1445.7452088790844,1494.5745208879084,1499.457452088791,2.027563231273542,0.3273707547956063,False
post,chi,3,1,gke-bench-apps-2978ac17-5dh9,12,65000,47119.8,17851.52,17851.52,0.038171076923076926,1236.1044278191023,1447.2208855638205,1494.722088556382,1499.472208855638,2.0413944287670893,0.32613028977932923,False
post,chi,3,1,gke-bench-apps-2978ac17-5dh9,13,70000,46917.96,23055.24,23055.24,0.026792,1239.5907244976524,1447.9181448995307,1494.791814489953,1499.4791814489954,2.0002018012201823,0.3179088648990984,False
post,chi,3,1,gke-bench-apps-2978ac17-5dh9,14,75000,47198.08,27774.32,27774.32,0.0200736,1241.762772757753,1448.3525545515508,1494.835255455155,1499.4835255455155,2.0658341218695373,0.31151596240022555,False
post,chi,3,1,gke-bench-apps-2978ac17-5dh9,15,80000,46820.28,33148.8,33148.8,0.0160195,1242.9644487152912,1448.5928897430583,1494.8592889743059,1499.4859288974305,2.049095735460651,0.302296731149733,False
post,chi,3,1,gke-bench-apps-2978ac17-5dh9,16,85000,47312.44,37655.08,37655.08,0.013481411764705882,1243.7946373259238,1448.7589274651848,1494.8758927465185,1499.487589274652,2.044772708876491,0.37896868283631785,False
post,chi,3,1,gke-bench-apps-2978ac17-5dh9,17,90000,47288.2,42684.88,42684.88,0.011801777777777777,1244.2556186945712,1448.8511237389143,1494.8851123738914,1499.4885112373893,1.9918026866465985,0.3002612977911415,False
post,chi,3,1,gke-bench-apps-2978ac17-5dh9,18,95000,46874.72,48100.4,48100.4,0.010322105263157895,1244.6583571054418,1448.9316714210884,1494.893167142109,1499.4893167142109,2.0617245859337783,0.3498734809171112,False
post,chi,3,1,gke-bench-apps-2978ac17-5dh9,19,100000,47130.56,52842.08,52842.08,0.009214,1245.0150576206104,1449.003011524122,1494.9003011524123,1499.490030115241,1.9407151924273118,0.35143264073623737,False
post,echo,3,1,gke-bench-apps-2978ac17-rd8n,0,5000,5000.04,0.0,0.0,1.000008,0.7175156903765691,1.2892967555631052,1.480397316120265,1.499507372175981,0.5673580914852904,0.0,True
post,echo,3,1,gke-bench-apps-2978ac17-rd8n,1,10000,10000.08,0.0,0.0,1.000008,0.7156339958875944,1.29942021346686,1.4847227895638426,1.908055785123959,0.6600441214614998,0.0,True
post,echo,3,1,gke-bench-apps-2978ac17-rd8n,2,15000,14999.76,0.0,0.0,0.999984,0.6919552306989493,1.3343061035659973,1.745270833333333,2.445967447916663,0.752813751355039,0.0,True
post,echo,3,1,gke-bench-apps-2978ac17-rd8n,3,20000,20001.68,0.0,0.0,1.000084,0.7646424418604651,1.599211455967701,3.0919044523886927,4.404108808290141,1.039196927023921,0.0,True
post,echo,3,1,gke-bench-apps-2978ac17-rd8n,4,25000,24999.96,0.0,0.0,0.9999984,0.7859987357774969,1.920633448467016,4.075277684844432,6.226603448275979,1.1509304561206841,0.0,True
post,echo,3,1,gke-bench-apps-2978ac17-rd8n,5,30000,30000.72,0.0,0.0,1.000024,1.618074457483676,5.70520139175562,9.50150618374557,16.475106007066785,1.327922916474069,0.0,True
post,echo,3,1,gke-bench-apps-2978ac17-rd8n,6,35000,34998.4,0.0,0.0,0.9999542857142857,2.477326747694746,6.704145101243984,9.989121621621624,14.510054505392576,1.5417900428308,0.0,True
post,echo,3,1,gke-bench-apps-2978ac17-rd8n,7,40000,39996.44,0.0,0.0,0.999911,2.7776557993324045,7.265454434449917,14.621215216431098,47.93480371900864,1.6580455395653766,0.0,True
post,echo,3,1,gke-bench-apps-2978ac17-rd8n,8,45000,44993.48,0.0,0.0,0.9998551111111111,4.150790342038036,10.933304012450101,31.210692963752546,51.9412404580149,1.783480303242098,0.015300308406639504,True
post,echo,3,1,gke-bench-apps-2978ac17-rd8n,9,50000,45833.76,2729.08,2729.08,0.464032,998.3295785224819,1398.7419671829819,1489.8741967182982,1498.98741967183,1.9227384983143885,0.2860067313498459,False
post,echo,3,1,gke-bench-apps-2978ac17-rd8n,10,55000,46073.84,8915.72,8915.72,0.09373454545454546,1218.5019761261672,1443.7003952252335,1494.3700395225235,1499.4370039522523,2.031876015301424,0.35899541545963426,False
post,echo,3,1,gke-bench-apps-2978ac17-rd8n,11,60000,46612.48,13378.64,13378.64,0.05328533333333333,1231.5899257774208,1446.3179851554842,1494.6317985155483,1499.463179851555,2.0853135011963713,0.34627048996060955,False
post,echo,3,1,gke-bench-apps-2978ac17-rd8n,12,65000,46208.16,18787.2,18787.2,0.03191938461538461,1238.2472231915058,1447.649444638301,1494.7649444638303,1499.476494446383,2.0666133757462513,0.3595166163141994,False
post,echo,3,1,gke-bench-apps-2978ac17-rd8n,13,70000,46413.96,23572.04,23572.04,0.023272,1240.9063140003375,1448.1812628000673,1494.818126280007,1499.4818126280006,2.0525291203053637,0.36861199136060496,False
post,echo,3,1,gke-bench-apps-2978ac17-rd8n,14,75000,46737.68,28255.84,28255.84,0.017820266666666668,1242.6404964102237,1448.5280992820449,1494.8528099282046,1499.4852809928204,2.0007385333498164,0.3412553845844718,False
post,echo,3,1,gke-bench-apps-2978ac17-rd8n,15,80000,46386.92,33607.68,33607.68,0.0140235,1243.803827412944,1448.760765482589,1494.8760765482589,1499.4876076548258,1.9819424429781733,0.3504844811156825,False
post,echo,3,1,gke-bench-apps-2978ac17-rd8n,16,85000,46771.32,38226.52,38226.52,0.012021176470588235,1244.4163348599066,1448.8832669719814,1494.8883266971982,1499.4888326697198,1.8991613430458725,0.3171770774292206,False
post,echo,3,1,gke-bench-apps-2978ac17-rd8n,17,90000,46517.16,43476.84,43476.84,0.010494666666666666,1244.818601687328,1448.9637203374657,1494.8963720337465,1499.4896372033745,2.0095086866666665,0.34165711284867123,False
post,echo,3,1,gke-bench-apps-2978ac17-rd8n,18,95000,46269.12,48725.12,48725.12,0.009072842105263159,1245.2544970841627,1449.0508994168326,1494.9050899416832,1499.4905089941683,1.9577988038990062,0.3128104655177716,False
post,echo,3,1,gke-bench-apps-2978ac17-rd8n,19,100000,46648.44,53345.92,53345.92,0.0081636,1245.5470055035687,1449.1094011007137,1494.9109401100714,1499.4910940110071,2.043069455528083,0.3369710642701291,False
get,stdlib,3,2,gke-bench-apps-2978ac17-5dh9,0,5000,5000.0,0.0,0.0,1.0,0.7184790874524716,1.2760878978133796,1.479053907772245,1.4993505087681318,0.4641700064963691,0.0,True
get,stdlib,3,2,gke-bench-apps-2978ac17-5dh9,1,10000,9999.84,0.0,0.0,0.999984,0.7174730354391371,1.2941140909167241,1.483031117231188,1.852313846153825,0.5832416357603739,0.0,True
get,stdlib,3,2,gke-bench-apps-2978ac17-5dh9,2,15000,15000.12,0.0,0.0,1.000008,0.6831699346405229,1.317460155621143,1.4985724174939627,2.220848654708491,0.7135571514606517,0.0,True
get,stdlib,3,2,gke-bench-apps-2978ac17-5dh9,3,20000,19998.8,0.0,0.0,0.99994,0.7090949913644214,1.439579524680073,2.4242598804141746,4.138060344827707,0.8655739416914946,0.0,True
get,stdlib,3,2,gke-bench-apps-2978ac17-5dh9,4,25000,24997.56,0.0,0.0,0.9999024,0.7124734728993404,1.509635887905316,2.75909831661891,4.018226449275339,1.0365289002937685,0.0,True
get,stdlib,3,2,gke-bench-apps-2978ac17-5dh9,5,30000,29999.84,0.0,0.0,0.9999946666666667,1.1856560530287337,3.8443459587883226,7.3274804687500055,11.781634738186188,1.273318433572493,0.0,True
get,stdlib,3,2,gke-bench-apps-2978ac17-5dh9,6,35000,34997.64,0.0,0.0,0.9999325714285714,1.7048300814219044,5.201177913632647,8.234195527679297,12.264524729520897,1.3782399021953484,0.0,True
get,stdlib,3,2,gke-bench-apps-2978ac17-5dh9,7,40000,39998.56,0.0,0.0,0.999964,1.7335500424218264,5.226291148500365,8.857038486627525,18.102251308900364,1.5189058483986935,0.0,True
get,stdlib,3,2,gke-bench-apps-2978ac17-5dh9,8,45000,45000.0,0.0,0.0,1.0,1.8320010587612494,5.32288791551662,8.578556806550665,13.450596512695014,1.683040609780218,0.0,True
get,stdlib,3,2,gke-bench-apps-2978ac17-5dh9,9,50000,50002.44,0.0,0.0,1.0000488,3.240304934041076,7.127529153287141,14.604646409928073,39.326250000000044,1.8139676181140134,0.0005206330021816241,True
get,stdlib,3,2,gke-bench-apps-2978ac17-5dh9,10,55000,54972.68,0.0,0.0,0.9995032727272727,51.734535519125686,184.56446302287628,253.83995593374897,307.7688436830821,1.7335853525937261,0.17441772727911356,False
get,stdlib,3,2,gke-bench-apps-2978ac17-5dh9,11,60000,55137.2,3013.52,3013.52,0.4821586666666667,993.4743581383037,1394.8071710277293,1489.4807171027728,1498.9480717102772,1.8947709081918989,0.27588040089206295,False
get,stdlib,3,2,gke-bench-apps-2978ac17-5dh9,12,65000,54701.04,10259.56,10259.56,0.08949538461538462,1220.2498821696495,1444.04997643393,1494.404997643393,1499.4404997643394,1.9637228736399246,0.31165706712140867,False
get,stdlib,3,2,gke-bench-apps-2978ac17-5dh9,13,70000,54692.44,15270.12,15270.12,0.05075314285714286,1232.6322866061842,1446.5264573212369,1494.6526457321236,1499.4652645732126,1.9655776919165946,0.2973770251242635,False
get,stdlib,3,2,gke-bench-apps-2978ac17-5dh9,14,75000,54553.4,20405.2,20405.2,0.03126506666666667,1238.7715644879418,1447.7543128975885,1494.7754312897587,1499.4775431289759,1.9025537850028502,0.3027702704831219,False
get,stdlib,3,2,gke-bench-apps-2978ac17-5dh9,15,80000,54054.2,25908.4,25908.4,0.021605,1241.7421233884622,1448.3484246776925,1494.8348424677692,1499.483484246777,2.0464136648979765,0.3684499108028625,False
get,stdlib,3,2,gke-bench-apps-2978ac17-5dh9,16,85000,53931.68,31028.0,31028.0,0.016092235294117647,1243.4943870158647,1448.6988774031731,1494.8698877403172,1499.4869887740317,2.000449541041318,0.32396878775749915,False
get,stdlib,3,2,gke-bench-apps-2978ac17-5dh9,17,90000,54486.72,35477.36,35477.36,0.013299555555555556,1244.3846622690737,1448.8769324538148,1494.8876932453813,1499.4887693245382,1.9703734306377108,0.3789851602127621,False
get,stdlib,3,2,gke-bench-apps-2978ac17-5dh9,18,95000,55331.92,39627.64,39627.64,0.011468210526315789,1244.9786550899996,1448.995731018,1494.8995731018,1499.48995731018,1.9898641540979487,0.35123604019693166,False
get,stdlib,3,2,gke-bench-apps-2978ac17-5dh9,19,100000,55000.36,44964.08,44964.08,0.0097656,1245.4808806488993,1449.09617612978,1494.9096176129779,1499.4909617612977,2.1289364694396933,0.31937710123406393,False
get,gin,3,2,gke-bench-apps-2978ac17-rd8n,0,5000,4999.96,0.0,0.0,0.999992,0.7176532663316583,1.287922383780463,1.4799134753225476,1.499112584476756,0.44925063509771535,0.0,True
get,gin,3,2,gke-bench-apps-2978ac17-rd8n,1,10000,10000.08,0.0,0.0,1.000008,0.7135228122662678,1.2990375297692371,1.4838135829843146,1.8567749360613712,0.5841615096566197,0.0,True
get,gin,3,2,gke-bench-apps-2978ac17-rd8n,2,15000,15000.04,0.0,0.0,1.0000026666666666,0.6869360490582567,1.324130488077854,1.600131999999999,2.3844570552147353,0.7730662327336302,0.0,True
get,gin,3,2,gke-bench-apps-2978ac17-rd8n,3,20000,19999.4,0.0,0.0,0.99997,0.7311419441641439,1.4845555087518036,3.4700191570881276,8.39312500000025,0.9328673108546656,0.0,True
get,gin,3,2,gke-bench-apps-2978ac17-rd8n,4,25000,24996.24,0.0,0.0,0.9998496,0.7314158335584976,1.7004926606199948,4.028258575197879,6.107302721088505,1.09071188,0.0,True
get,gin,3,2,gke-bench-apps-2978ac17-rd8n,5,30000,30000.08,0.0,0.0,1.0000026666666666,1.304914831119126,4.424919606194035,8.294635227730751,17.047150943396428,1.287437525699292,0.0,True
get,gin,3,2,gke-bench-apps-2978ac17-rd8n,6,35000,35000.4,0.0,0.0,1.0000114285714286,1.9387569717066229,5.602970934510669,9.0614444082165,14.23462290502792,1.4682008355791893,0.0,True
get,gin,3,2,gke-bench-apps-2978ac17-rd8n,7,40000,40000.92,0.0,0.0,1.000023,1.9954820290765505,5.815332818830794,10.277057524837495,18.80931671554239,1.5157178910307028,0.0,True
get,gin,3,2,gke-bench-apps-2978ac17-rd8n,8,45000,45003.12,0.0,0.0,1.0000693333333333,2.2266065323173505,6.118761927894792,9.749716064757157,14.514363110468361,1.7718421080763718,0.0,True
get,gin,3,2,gke-bench-apps-2978ac17-rd8n,9,50000,50000.72,0.0,0.0,1.0000144,4.1089893630854855,9.681602162777459,45.909585773151235,69.2445817727845,1.8924173916562814,0.013053252043405406,True
get,gin,3,2,gke-bench-apps-2978ac17-rd8n,10,55000,51397.96,1691.52,1691.52,0.6270938181818182,953.4779433554887,1348.0051810407033,1484.8005181040703,1498.4800518104068,1.9511061053827685,0.26005685493152997,False
get,gin,3,2,gke-bench-apps-2978ac17-rd8n,11,60000,51133.64,8846.4,8846.4,0.1013,1216.2750323821833,1443.2550064764366,1494.3255006476436,1499.4325500647642,2.006975393674337,0.28015458394475795,False
get,gin,3,2,gke-bench-apps-2978ac17-rd8n,12,65000,51311.88,13673.6,13673.6,0.05383876923076923,1231.701802630115,1446.340360526023,1494.6340360526024,1499.4634036052603,1.9298108172942958,0.3556648153758302,False
get,gin,3,2,gke-bench-apps-2978ac17-rd8n,13,70000,51384.44,18598.56,18598.56,0.032909714285714285,1238.2658703736454,1447.6531740747291,1494.7653174074728,1499.4765317407473,1.9374180604224094,0.34368239225284153,False
get,gin,3,2,gke-bench-apps-2978ac17-rd8n,14,75000,51126.68,23855.4,23855.4,0.0224576,1241.483416244694,1448.2966832489387,1494.8296683248939,1499.4829668324894,2.0228067191616184,0.4293151952562375,False
get,gin,3,2,gke-bench-apps-2978ac17-rd8n,15,80000,51133.6,28852.8,28852.8,0.016425,1243.4062096042521,1448.6812419208504,1494.8681241920851,1499.4868124192085,2.0580261047072956,0.3135943636039595,False
get,gin,3,2,gke-bench-apps-2978ac17-rd8n,16,85000,51782.4,33202.28,33202.28,0.013343058823529411,1244.4017798051818,1448.8803559610365,1494.8880355961037,1499.4888035596102,1.9895258461484566,0.3857252019429255,False
get,gin,3,2,gke-bench-apps-2978ac17-rd8n,17,90000,51292.2,38695.88,38695.88,0.010896888888888888,1245.1267583462065,1449.0253516692412,1494.902535166924,1499.4902535166925,2.102432236427302,0.359323356529114,False
get,gin,3,2,gke-bench-apps-2978ac17-rd8n,18,95000,51661.32,43322.08,43322.08,0.009511157894736843,1245.5496460048669,1449.1099292009735,1494.9109929200972,1499.4910992920097,2.027163555044799,0.3169991386252571,False
get,gin,3,2,gke-bench-apps-2978ac17-rd8n,19,100000,51503.16,48474.64,48474.64,0.0083628,1245.8736357952178,1449.1747271590436,1494.9174727159043,1499.4917472715906,1.9676448649045584,0.3705189203830773,False
post,stdlib,3,2,gke-bench-apps-2978ac17-5dh9,0,5000,5000.0,0.0,0.0,1.0,0.7195227442207308,1.2793490339463025,1.4809836183102127,1.8855421686746987,0.575145355617729,0.0,True
post,stdlib,3,2,gke-bench-apps-2978ac17-5dh9,1,10000,10000.24,0.0,0.0,1.000024,0.7177311475409837,1.2947056346332013,1.4842157837109409,1.9150044150110443,0.6582899591580845,0.0,True
post,stdlib,3,2,gke-bench-apps-2978ac17-5dh9,2,15000,14999.92,0.0,0.0,0.9999946666666667,0.6902921646746347,1.331425212223193,1.762810457516342,2.9096425702810813,0.8082631332624101,0.0,True
post,stdlib,3,2,gke-bench-apps-2978ac17-5dh9,3,20000,19998.48,0.0,0.0,0.999924,0.7488323267184355,1.5389309397816329,2.977952389166811,4.423183333333334,1.004995715626232,0.0,True
post,stdlib,3,2,gke-bench-apps-2978ac17-5dh9,4,25000,25002.08,0.0,0.0,1.0000832,0.7620757396449704,1.809004384322193,3.790368451352905,7.2997919999999,1.151218740000001,0.0,True
post,stdlib,3,2,gke-bench-apps-2978ac17-5dh9,5,30000,30001.44,0.0,0.0,1.000048,1.43291885372607,4.98754375029966,8.179618656497508,10.312275000000227,1.3123758565599815,0.0,True
post,stdlib,3,2,gke-bench-apps-2978ac17-5dh9,6,35000,35000.96,0.0,0.0,1.0000274285714286,2.2886984822822223,6.432890661462089,10.023425692695222,23.111353811149172,1.5675840534670282,0.0,True
post,stdlib,3,2,gke-bench-apps-2978ac17-5dh9,7,40000,40000.36,0.0,0.0,1.000009,2.4564070460861513,6.606182697387134,10.491058877225026,14.598809219534475,1.6923731234635762,0.0,True
post,stdlib,3,2,gke-bench-apps-2978ac17-5dh9,8,45000,44999.48,0.0,0.0,0.9999884444444445,3.0874465852012896,7.880717624304942,17.73917536534435,41.85547522750271,1.651777831478039,0.011974706980824647,True
post,stdlib,3,2,gke-bench-apps-2978ac17-5dh9,9,50000,46464.48,1667.0,1667.0,0.592896,962.0960496325789,1361.8746611112697,1486.1874661111267,1498.6187466111128,1.9381059778005572,0.3056206059091837,False
post,stdlib,3,2,gke-bench-apps-2978ac17-5dh9,10,55000,46806.92,8155.16,8155.16,0.11143127272727273,1212.3341249121152,1442.466824982423,1494.2466824982423,1499.4246682498242,1.9706855038826172,0.3151530500534214,False
post,stdlib,3,2,gke-bench-apps-2978ac17-5dh9,11,60000,47518.28,12445.96,12445.96,0.06195133333333333,1228.7843712044419,1445.7568742408885,1494.5756874240888,1499.457568742409,1.9210971050058334,0.3206644411063834,False
post,stdlib,3,2,gke-bench-apps-2978ac17-5dh9,12,65000,47607.28,17355.12,17355.12,0.03855076923076923,1236.1102119043544,1447.2220423808708,1494.722204238087,1499.4722204238087,1.8885650550406687,0.3145878448505102,False
post,stdlib,3,2,gke-bench-apps-2978ac17-5dh9,13,70000,47781.72,22181.64,22181.64,0.02676,1239.7992790880648,1447.959855817613,1494.7959855817614,1499.4795985581761,2.107678244693172,0.3288881388099142,False
post,stdlib,3,2,gke-bench-apps-2978ac17-5dh9,14,75000,47287.04,27678.52,27678.52,0.019436266666666667,1242.0481037030443,1448.409620740609,1494.8409620740608,1499.484096207406,2.0211467498809377,0.33442413667438237,False
post,stdlib,3,2,gke-bench-apps-2978ac17-5dh9,15,80000,47573.56,32392.36,32392.36,0.015426,1243.3421782031219,1448.6684356406245,1494.8668435640625,1499.4866843564064,2.0339120398052697,0.35457838829776755,False
post,stdlib,3,2,gke-bench-apps-2978ac17-5dh9,16,85000,47793.92,37166.36,37166.36,0.013011764705882353,1244.0776971859102,1448.815539437182,1494.8815539437182,1499.4881553943717,2.0474212910174554,0.2800456011631446,False
post,stdlib,3,2,gke-bench-apps-2978ac17-5dh9,17,90000,47979.24,41982.32,41982.32,0.011088,1244.6898043733127,1448.9379608746626,1494.8937960874662,1499.4893796087467,1.9789570882333465,0.32392629130349654,False
post,stdlib,3,2,gke-bench-apps-2978ac17-5dh9,18,95000,47755.24,47210.32,47210.32,0.009913263157894737,1244.9706793855105,1448.994135877102,1494.8994135877101,1499.489941358771,1.9085076524668694,0.3458637570731648,False
post,stdlib,3,2,gke-bench-apps-2978ac17-5dh9,19,100000,48199.44,51765.12,51765.12,0.0090424,1245.2202337657945,1449.044046753159,1494.9044046753158,1499.4904404675315,1.8253853205308437,0.31308467990498545,False
post,gin,3,2,gke-bench-apps-2978ac17-rd8n,0,5000,5000.0,0.0,0.0,1.0,0.7203053435114504,1.294295995202239,1.4817085360165256,1.6451612903225807,0.6021654720189404,0.0,True
post,gin,3,2,gke-bench-apps-2978ac17-rd8n,1,10000,9999.76,0.0,0.0,0.999976,0.7173744437380801,1.302413911451779,1.4862720839393988,1.9619173419773046,0.7093971776411185,0.0,True
post,gin,3,2,gke-bench-apps-2978ac17-rd8n,2,15000,14999.36,0.0,0.0,0.9999573333333334,0.7000042643923241,1.3473601943285634,1.8636552034840046,2.822561151079141,0.7944617006527149,0.0,True
post,gin,3,2,gke-bench-apps-2978ac17-rd8n,3,20000,20000.56,0.0,0.0,1.000028,0.7793849864335242,1.7191566940912497,3.4941972132904597,4.985915572232622,1.0628006502208496,0.0,True
post,gin,3,2,gke-bench-apps-2978ac17-rd8n,4,25000,25001.72,0.0,0.0,1.0000688,0.791917314894843,2.0469342755432782,6.009236842105245,20.430107692308507,1.2332995286692736,0.0,True
post,gin,3,2,gke-bench-apps-2978ac17-rd8n,5,30000,30001.88,0.0,0.0,1.0000626666666668,1.595494923857868,5.615686334641807,9.27459255356516,14.28748145305702,1.424106840329282,0.0,True
post,gin,3,2,gke-bench-apps-2978ac17-rd8n,6,35000,34999.32,0.0,0.0,0.9999805714285714,2.563809236065334,7.024590887838332,14.037060461416086,29.969153786707853,1.6257157254808983,0.0,True
post,gin,3,2,gke-bench-apps-2978ac17-rd8n,7,40000,40001.16,0.0,0.0,1.000029,2.8366926044912257,7.320496150219987,13.125431419570218,17.879896242288336,1.6856932193472842,0.0,True
post,gin,3,2,gke-bench-apps-2978ac17-rd8n,8,45000,44997.16,0.0,0.0,0.9999368888888889,4.256100530245644,12.860448875736369,49.90617428267796,69.08130573248407,1.8101999894821181,0.052023759441819015,True
post,gin,3,2,gke-bench-apps-2978ac17-rd8n,9,50000,45621.64,2791.36,2791.36,0.4890136,988.9828709327198,1392.2542010376478,1489.225420103765,1498.9225420103764,1.8916514290241881,0.22518868688278723,False
post,gin,3,2,gke-bench-apps-2978ac17-rd8n,10,55000,45280.56,9719.0,9719.0,0.08523127272727272,1221.1296376405296,1444.225927528106,1494.4225927528105,1499.442259275281,1.9837561393530343,0.25989651617952175,False
post,gin,3,2,gke-bench-apps-2978ac17-rd8n,11,60000,45679.2,14319.36,14319.36,0.047426666666666666,1233.3915430876693,1446.678308617534,1494.6678308617534,1499.4667830861754,1.9152448694053812,0.2790048529036191,False
post,gin,3,2,gke-bench-apps-2978ac17-rd8n,12,65000,45540.92,19460.8,19460.8,0.030435692307692306,1238.6466831639984,1447.7293366327997,1494.77293366328,1499.4772933663278,1.9499278666666668,0.28174589765411834,False
post,gin,3,2,gke-bench-apps-2978ac17-rd8n,13,70000,45900.96,24096.36,24096.36,0.02248,1241.1251200161705,1448.2250240032342,1494.8225024003234,1499.4822502400323,1.9925124054577934,0.3381034738788618,False
post,gin,3,2,gke-bench-apps-2978ac17-rd8n,14,75000,45975.08,29024.08,29024.08,0.0172624,1242.7558840117813,1448.5511768023562,1494.8551176802357,1499.4855117680236,2.017990435037741,0.32185750827126297,False
post,gin,3,2,gke-bench-apps-2978ac17-rd8n,15,80000,45216.64,34781.36,34781.36,0.0132095,1244.017420337193,1448.8034840674386,1494.880348406744,1499.4880348406743,1.9013393171063186,0.27337148367283143,False
post,gin,3,2,gke-bench-apps-2978ac17-rd8n,16,85000,45939.0,39058.6,39058.6,0.012158117647058823,1244.246592181458,1448.8493184362917,1494.8849318436291,1499.4884931843628,2.0230306748775697,0.2675922664934691,False
post,gin,3,2,gke-bench-apps-2978ac17-rd8n,17,90000,45997.4,44001.36,44001.36,0.010367555555555555,1244.8236209932825,1448.9647241986565,1494.8964724198656,1499.4896472419866,2.0116236733333337,0.3093733584126845,False
post,gin,3,2,gke-bench-apps-2978ac17-rd8n,18,95000,45431.8,49567.56,49567.56,0.009066947368421053,1245.1685466869972,1449.0337093373996,1494.90337093374,1499.4903370933741,1.8840435651043834,0.3082015380034259,False
post,gin,3,2,gke-bench-apps-2978ac17-rd8n,19,100000,46180.36,53819.4,53819.4,0.0083524,1245.3950943342966,1449.0790188668593,1494.9079018866857,1499.4907901886686,1.8229690067742643,0.3062729737312423,False
get,fasthttp,3,3,gke-bench-apps-2978ac17-5dh9,0,5000,4999.92,0.0,0.0,0.999984,0.6794441123729827,1.2531770978394938,1.4769828512314487,1.4993634265706441,0.33085538184458946,0.0,True
get,fasthttp,3,3,gke-bench-apps-2978ac17-5dh9,1,10000,9999.88,0.0,0.0,0.999988,0.6988245682888541,1.26629684000527,1.4780271206218356,1.4992001486834925,0.38586436138344204,0.0,True
get,fasthttp,3,3,gke-bench-apps-2978ac17-5dh9,2,15000,15000.2,0.0,0.0,1.0000133333333334,0.6730508893280632,1.2900773093621412,1.4813695206139408,1.6442540983606482,0.41188927815146603,0.0,True
get,fasthttp,3,3,gke-bench-apps-2978ac17-5dh9,3,20000,20001.76,0.0,0.0,1.000088,0.6702980935875217,1.345006671788444,1.8048222932846048,2.2983717277486986,0.5377529777486404,0.0,True
get,fasthttp,3,3,gke-bench-apps-2978ac17-5dh9,4,25000,24997.72,0.0,0.0,0.9999088,0.6617568493150685,1.3637442740111385,1.8687052825142079,2.457859939759051,0.6239723389307625,0.0,True
get,fasthttp,3,3,gke-bench-apps-2978ac17-5dh9,5,30000,30000.08,0.0,0.0,1.0000026666666666,0.6532569245463228,1.4476013215433463,2.6342727272727253,4.972793621013154,0.7751273066666667,0.0,True
get,fasthttp,3,3,gke-bench-apps-2978ac17-5dh9,6,35000,34998.36,0.0,0.0,0.9999531428571429,0.8317014171689201,1.9792469580332752,3.845925370501061,5.8886761280931355,0.9138472466666667,0.0,True
get,fasthttp,3,3,gke-bench-apps-2978ac17-5dh9,7,40000,40001.24,0.0,0.0,1.000031,0.8262123417260953,1.9578534485562797,3.6342687711788786,5.459651381215492,0.939935531918106,0.0,True
get,fasthttp,3,3,gke-bench-apps-2978ac17-5dh9,8,45000,45000.6,0.0,0.0,1.0000133333333334,0.8300245375613439,1.995636233858932,3.775803307340689,5.498325688073437,1.1710587498319402,0.0,True
get,fasthttp,3,3,gke-bench-apps-2978ac17-5dh9,9,50000,50000.88,0.0,0.0,1.0000176,1.223253992847631,3.0270204943147005,4.643887590558543,6.391663625997654,1.2813615547244834,0.0,True
get,fasthttp,3,3,gke-bench-apps-2978ac17-5dh9,10,55000,54999.08,0.0,0.0,0.9999832727272727,1.1998723416870165,3.0037546701880964,4.760885507753293,6.923881630648352,1.3451944036799874,0.0,True
get,fasthttp,3,3,gke-bench-apps-2978ac17-5dh9,11,60000,60000.12,0.0,0.0,1.000002,1.2284340160746694,2.9770193513614363,4.668455428571427,6.464335592011403,1.345896209285657,0.0,True
get,fasthttp,3,3,gke-bench-apps-2978ac17-5dh9,12,65000,64999.4,0.0,0.0,0.9999907692307692,1.4073759140729232,3.248308699370628,5.430068216756332,11.230257784583712,1.644545772909756,0.0,True
get,fasthttp,3,3,gke-bench-apps-2978ac17-5dh9,13,70000,70003.12,0.0,0.0,1.0000445714285715,1.9014227381288682,3.7404245912963385,5.630907227763354,8.203771974522306,1.5371843445846018,0.0,True
get,fasthttp,3,3,gke-bench-apps-2978ac17-5dh9,14,75000,74993.8,0.0,0.0,0.9999173333333333,2.040873590933262,3.9152745383663263,7.324295159680644,21.132626236335312,1.6533998050990026,0.0,True
get,fasthttp,3,3,gke-bench-apps-2978ac17-5dh9,15,80000,80001.64,0.0,0.0,1.0000205,2.0549409912517946,4.502939748715021,24.082804399607706,39.7337927304198,1.7999041163200127,0.038581801590484036,True
get,fasthttp,3,3,gke-bench-apps-2978ac17-5dh9,16,85000,84985.68,0.0,0.0,0.9998315294117647,2.632064254144886,57.37740569668978,135.7744187396593,149.65048764912487,1.806661592299309,0.06920861407662139,False
get,fasthttp,3,3,gke-bench-apps-2978ac17-5dh9,17,90000,87828.0,1.84,1.84,0.975736,457.5556379971531,650.2666235759878,783.382768361582,913.7350478468844,1.816158165843608,0.4589937069877877,False
get,fasthttp,3,3,gke-bench-apps-2978ac17-5dh9,18,95000,88417.84,6412.68,6412.68,0.24287031578947368,1161.7276627679846,1432.345532553597,1493.2345532553597,1499.3234553255359,1.9283563022478092,0.4337437937637299,False
get,fasthttp,3,3,gke-bench-apps-2978ac17-5dh9,19,100000,86047.32,13935.64,13935.64,0.0659628,1229.2441986914205,1445.8488397382841,1494.5848839738285,1499.4584883973828,1.9466018309804212,0.4858580459234666,False
get,fiber,3,3,gke-bench-apps-2978ac17-rd8n,0,5000,5000.04,0.0,0.0,1.000008,0.6976033386327504,1.2684292060173954,1.4784051289708464,1.4994027212661913,0.3499887550746831,0.0,True
get,fiber,3,3,gke-bench-apps-2978ac17-rd8n,1,10000,10000.24,0.0,0.0,1.000024,0.7059303721488596,1.2883021836151913,1.4806769720080026,1.4999144508472837,0.3316714006496698,0.0,True
get,fiber,3,3,gke-bench-apps-2978ac17-rd8n,2,15000,14999.92,0.0,0.0,0.9999946666666667,0.68128078817734,1.3016124834630982,1.4846018130950576,1.8425108834827006,0.4375310471864024,0.0,True
get,fiber,3,3,gke-bench-apps-2978ac17-rd8n,3,20000,20002.36,0.0,0.0,1.000118,0.6804631535611363,1.3663407494617328,1.8733281899483556,2.3757397798742073,0.5599269469018224,0.0,True
get,fiber,3,3,gke-bench-apps-2978ac17-rd8n,4,25000,24999.64,0.0,0.0,0.9999856,0.6646173640635489,1.3836172162920812,1.9116484688755013,2.479797602739713,0.7248523799999999,0.0,True
get,fiber,3,3,gke-bench-apps-2978ac17-rd8n,5,30000,29999.92,0.0,0.0,0.9999973333333333,0.7337632135306554,1.6263144320400875,2.9987001239157385,5.3580271604938,0.8313260187985071,0.0,True
get,fiber,3,3,gke-bench-apps-2978ac17-rd8n,6,35000,35000.68,0.0,0.0,1.0000194285714286,0.9247470324965946,2.441254824185249,4.403552409129329,6.379159777424489,0.9970177151106712,0.0,True
get,fiber,3,3,gke-bench-apps-2978ac17-rd8n,7,40000,40002.8,0.0,0.0,1.00007,0.8818813559322034,2.303365511333685,4.197817065073044,5.940631067961193,1.150880290784823,0.0,True
get,fiber,3,3,gke-bench-apps-2978ac17-rd8n,8,45000,45002.2,0.0,0.0,1.000048888888889,0.9184169132533874,2.3680895459046543,4.326063755580353,6.408422330097133,1.271362291569421,0.0,True
get,fiber,3,3,gke-bench-apps-2978ac17-rd8n,9,50000,49999.4,0.0,0.0,0.999988,1.4876315071835575,3.6500705139505443,5.398226584022034,7.6754654036242975,1.336606274532119,0.0,True
get,fiber,3,3,gke-bench-apps-2978ac17-rd8n,10,55000,54998.24,0.0,0.0,0.999968,1.5111158168326884,3.7098853680861277,5.848399000576586,12.95073764258553,1.3389953220097521,0.0,True
get,fiber,3,3,gke-bench-apps-2978ac17-rd8n,11,60000,59990.8,0.0,0.0,0.9998466666666667,1.5042795457688585,3.6674487474785047,5.822286130913808,10.828796992481063,1.5086589315559953,0.0,True
get,fiber,3,3,gke-bench-apps-2978ac17-rd8n,12,65000,65000.64,0.0,0.0,1.0000098461538462,1.7122064516129032,3.8515920443400327,8.317142857142885,19.963216318785506,1.5593107758818436,0.0,True
get,fiber,3,3,gke-bench-apps-2978ac17-rd8n,13,70000,70000.8,0.0,0.0,1.0000114285714286,2.2673386309353925,4.377387941229743,7.496467124631995,13.115516473731057,1.6688488817639127,0.0,True
get,fiber,3,3,gke-bench-apps-2978ac17-rd8n,14,75000,75001.68,0.0,0.0,1.0000224,2.5778610233615686,5.425880514220306,33.13688587512799,48.45383400661054,1.7508456388012144,0.0,True
get,fiber,3,3,gke-bench-apps-2978ac17-rd8n,15,80000,78203.04,0.0,0.0,0.9775365,482.63655911954714,698.8075182530249,821.6752875976152,897.9537634408589,1.910815353333334,0.3654485049833887,False
get,fiber,3,3,gke-bench-apps-2978ac17-rd8n,16,85000,77588.44,7041.96,7041.96,0.2006225882352941,1179.5747356262902,1435.914947125258,1493.5914947125257,1499.3591494712525,1.9700844400000006,0.45955882352941174,False
get,fiber,3,3,gke-bench-apps-2978ac17-rd8n,17,90000,78401.88,11604.28,11604.28,0.07585066666666666,1226.1560269657195,1445.231205393144,1494.5231205393143,1499.4523120539313,2.0275693321242456,0.5084745762711864,False
get,fiber,3,3,gke-bench-apps-2978ac17-rd8n,18,95000,76531.92,18471.52,18471.52,0.02611242105263158,1241.6251233605271,1448.3250246721054,1494.8325024672106,1499.4832502467211,2.048750215155307,0.4260355029585799,False
get,fiber,3,3,gke-bench-apps-2978ac17-rd8n,19,100000,77269.24,22730.72,22730.72,0.015032,1245.0399941715311,1449.0079988343064,1494.9007998834304,1499.490079988343,2.127899275762632,0.5104461679937545,False
post,fasthttp,3,3,gke-bench-apps-2978ac17-5dh9,0,5000,5000.08,0.0,0.0,1.000016,0.6918204334365324,1.26043248660525,1.4772574490228578,1.4989399452646186,0.31135955587932357,0.0,True
post,fasthttp,3,3,gke-bench-apps-2978ac17-5dh9,1,10000,10000.16,0.0,0.0,1.000016,0.7078598848368522,1.279877538669657,1.4801263772449762,1.5726324786325372,0.3889850979810935,0.0,True
post,fasthttp,3,3,gke-bench-apps-2978ac17-5dh9,2,15000,14999.92,0.0,0.0,0.9999946666666667,0.6762534948741845,1.2968317819148938,1.4838321143617021,1.873367647058806,0.43831991842169754,0.0,True
post,fasthttp,3,3,gke-bench-apps-2978ac17-5dh9,3,20000,20003.24,0.0,0.0,1.000162,0.6740531177829099,1.36766008160627,1.8920995518565942,2.488296888504751,0.583775472187834,0.0,True
post,fasthttp,3,3,gke-bench-apps-2978ac17-5dh9,4,25000,25001.12,0.0,0.0,1.0000448,0.6599074889867842,1.380066935530856,1.924694067159226,2.8025055292258694,0.7135645461053802,0.0,True
post,fasthttp,3,3,gke-bench-apps-2978ac17-5dh9,5,30000,29997.2,0.0,0.0,0.9999066666666667,0.7317751703255109,1.6405389438377833,3.5100394671928847,7.050291666666453,0.9317713896980695,0.0,True
post,fasthttp,3,3,gke-bench-apps-2978ac17-5dh9,6,35000,34998.68,0.0,0.0,0.9999622857142857,0.9277284674484432,2.4565488908576096,4.65255292479108,6.900662162162205,0.9979563730214378,0.0,True
post,fasthttp,3,3,gke-bench-apps-2978ac17-5dh9,7,40000,40002.6,0.0,0.0,1.000065,0.9149453551912569,2.4424271844660193,4.530965197796692,6.9737557781202275,1.1044845182855685,0.0,True
post,fasthttp,3,3,gke-bench-apps-2978ac17-5dh9,8,45000,44998.92,0.0,0.0,0.999976,0.939817420170724,2.4738792203035773,4.641621930919685,6.8751601156069375,1.2993717749392006,0.0,True
post,fasthttp,3,3,gke-bench-apps-2978ac17-5dh9,9,50000,50000.0,0.0,0.0,1.0,1.4734996718892952,3.639870162718152,5.499808502489467,7.871621621621621,1.3025536805612865,0.0,True
post,fasthttp,3,3,gke-bench-apps-2978ac17-5dh9,10,55000,54998.64,0.0,0.0,0.9999752727272727,1.4463053643716108,3.5850156970784224,5.486603534209338,7.979077630234926,1.4323538775986935,0.0,True
post,fasthttp,3,3,gke-bench-apps-2978ac17-5dh9,11,60000,59998.68,0.0,0.0,0.999978,1.4372705643087385,3.5730803484681655,6.346474922440547,18.97541061046531,1.5544420843943219,0.0,True
post,fasthttp,3,3,gke-bench-apps-2978ac17-5dh9,12,65000,65001.36,0.0,0.0,1.000020923076923,1.7118283061758581,3.9086447614593083,7.939283927454646,15.492809611829989,1.6909595508009942,0.0,True
post,fasthttp,3,3,gke-bench-apps-2978ac17-5dh9,13,70000,69998.92,0.0,0.0,0.9999845714285714,2.4169759825327515,5.017477356148828,19.975780903854684,34.231520135259764,1.6351565915074586,0.003493256122772544,True
post,fasthttp,3,3,gke-bench-apps-2978ac17-5dh9,14,75000,75003.12,0.0,0.0,1.0000416,2.800363776098373,12.355153534872644,68.1148545935228,94.64759822090444,1.792102008217254,0.03393520886231109,False
post,fasthttp,3,3,gke-bench-apps-2978ac17-5dh9,15,80000,77885.32,0.0,0.0,0.9735665,434.933019326127,647.9320489514846,770.7122682087554,843.8842635788078,1.8409842970731884,0.3016352202424349,False
post,fasthttp,3,3,gke-bench-apps-2978ac17-5dh9,16,85000,77828.44,6582.48,6582.48,0.22914070588235294,1166.5532733702726,1433.3106546740546,1493.3310654674056,1499.3331065467405,1.90035758936728,0.5722811294819772,False
post,fasthttp,3,3,gke-bench-apps-2978ac17-5dh9,17,90000,77855.04,12100.48,12100.48,0.07233022222222223,1227.189393782241,1445.437878756448,1494.543787875645,1499.4543787875646,1.9639876703523411,0.5184839600342663,False
post,fasthttp,3,3,gke-bench-apps-2978ac17-5dh9,18,95000,78479.8,16479.52,16479.52,0.03786863157894737,1237.9894148522187,1447.5978829704436,1494.7597882970442,1499.4759788297042,2.0581084083333336,0.4645417111497685,False
post,fasthttp,3,3,gke-bench-apps-2978ac17-5dh9,19,100000,77718.8,22237.96,22237.96,0.0176476,1244.1913557198538,1448.8382711439706,1494.8838271143973,1499.4883827114397,2.133626975193465,0.45996524426212737,False
post,fiber,3,3,gke-bench-apps-2978ac17-rd8n,0,5000,5000.0,0.0,0.0,1.0,0.7013853904282116,1.2790962462195339,1.4792385696495287,1.499252801992528,0.34215709967204855,0.0,True
post,fiber,3,3,gke-bench-apps-2978ac17-rd8n,1,10000,9999.92,0.0,0.0,0.999992,0.705605170387779,1.293685281219256,1.48127444931717,1.5146058394160864,0.4594861778060874,0.0,True
post,fiber,3,3,gke-bench-apps-2978ac17-rd8n,2,15000,15000.4,0.0,0.0,1.0000266666666666,0.6864587332053743,1.3116624257845633,1.4905794105173877,1.971661747343563,0.5347467584791298,0.0,True
post,fiber,3,3,gke-bench-apps-2978ac17-rd8n,3,20000,19998.28,0.0,0.0,0.999914,0.6857957371225578,1.3928321649140378,1.9631535657762216,3.1681390041493884,0.6750757996435649,0.0,True
post,fiber,3,3,gke-bench-apps-2978ac17-rd8n,4,25000,25001.12,0.0,0.0,1.0000448,0.6666275204963439,1.4188280087410012,1.9959087249984517,3.114624113475119,0.8251075108037866,0.0,True
post,fiber,3,3,gke-bench-apps-2978ac17-rd8n,5,30000,30000.96,0.0,0.0,1.000032,0.8335724504394032,1.9650539095768778,4.455997140814869,11.901276595745003,0.9491966470277771,0.0,True
post,fiber,3,3,gke-bench-apps-2978ac17-rd8n,6,35000,34998.52,0.0,0.0,0.9999577142857143,1.113717334270463,3.1235696622267195,5.380095284872298,7.469861990950235,1.1163509642017257,0.0,True
post,fiber,3,3,gke-bench-apps-2978ac17-rd8n,7,40000,40001.92,0.0,0.0,1.000048,1.1048144612510145,3.0096055929296934,5.233078423722203,7.39691891891896,1.1559385343589763,0.0,True
post,fiber,3,3,gke-bench-apps-2978ac17-rd8n,8,45000,45000.6,0.0,0.0,1.0000133333333334,1.152006650532793,3.1641990107777707,5.492744677705506,8.417834685598482,1.4039598183672084,0.0,True
post,fiber,3,3,gke-bench-apps-2978ac17-rd8n,9,50000,49998.44,0.0,0.0,0.9999688,1.7996076314416556,4.242983493554546,6.464021661167687,9.112243267504583,1.420172935666795,0.0,True
post,fiber,3,3,gke-bench-apps-2978ac17-rd8n,10,55000,55002.56,0.0,0.0,1.0000465454545455,1.7619604195478968,4.175775924876549,6.42272828198724,8.726509907529714,1.5341091093382337,0.0,True
post,fiber,3,3,gke-bench-apps-2978ac17-rd8n,11,60000,60001.08,0.0,0.0,1.000018,1.8703902352510413,4.4734084950183535,9.919089543269225,22.650668969849242,1.6072287288561475,0.0,True
post,fiber,3,3,gke-bench-apps-2978ac17-rd8n,12,65000,65000.36,0.0,0.0,1.0000055384615385,2.383228709605099,5.933451776649748,17.31603591076716,26.647517527087068,1.7140271209982711,0.01110627181753698,True
post,fiber,3,3,gke-bench-apps-2978ac17-rd8n,13,70000,70005.44,0.0,0.0,1.0000777142857142,4.504137016776632,30.357793601759273,73.56101924640818,94.19735593220356,1.7615027586906231,0.07610594192082583,False
post,fiber,3,3,gke-bench-apps-2978ac17-rd8n,14,75000,70163.6,2253.64,2253.64,0.649088,827.1629424287444,1336.6921143282748,1483.6692114328275,1498.3669211432825,1.9827746003467595,0.2863367414667617,False
post,fiber,3,3,gke-bench-apps-2978ac17-rd8n,15,80000,70612.84,9391.76,9391.76,0.100499,1217.8777976159656,1443.575559523193,1494.3575559523192,1499.435755595232,2.018330786228397,0.43577012101398016,False
post,fiber,3,3,gke-bench-apps-2978ac17-rd8n,16,85000,71739.08,13264.6,13264.6,0.048621647058823526,1234.717239118756,1446.943447823751,1494.694344782375,1499.4694344782376,1.9605930406366527,0.4021514701207385,False
post,fiber,3,3,gke-bench-apps-2978ac17-rd8n,17,90000,70726.0,19273.36,19273.36,0.019301333333333334,1243.70507246965,1448.7410144939302,1494.8741014493928,1499.4874101449393,2.0395946556412414,0.43010709843724,False
post,fiber,3,3,gke-bench-apps-2978ac17-rd8n,18,95000,71367.04,23630.12,23630.12,0.010504,1246.4548390232312,1449.2909678046462,1494.9290967804645,1499.4929096780465,1.9618509386472964,0.4079785304908711,False
post,fiber,3,3,gke-bench-apps-2978ac17-rd8n,19,100000,71514.52,28486.12,28486.12,0.0060496,1247.867142314802,1449.5734284629605,1494.9573428462961,1499.4957342846296,1.853642676774954,0.39836559105191394,False
get,stdlib,4,1,gke-bench-apps-2978ac17-5dh9,0,5000,5000.0,0.0,0.0,1.0,0.7197154072620217,1.2799581649294476,1.4793838190455932,1.4993263844572076,0.4252651555555556,0.0,True
get,stdlib,4,1,gke-bench-apps-2978ac17-5dh9,1,10000,9999.88,0.0,0.0,0.999988,0.717228666114333,1.2941363856791694,1.4822580726074814,1.7519744094488128,0.5501718833333332,0.0,True
get,stdlib,4,1,gke-bench-apps-2978ac17-5dh9,2,15000,15000.6,0.0,0.0,1.00004,0.6839443714410863,1.3203999527318824,1.5480980751603997,2.412040513833978,0.6674102399999999,0.0,True
get,stdlib,4,1,gke-bench-apps-2978ac17-5dh9,3,20000,20001.84,0.0,0.0,1.000092,0.7237554293351153,1.4672130717582879,2.6735112881806082,3.8880084175084404,0.8622948816180913,0.0,True
get,stdlib,4,1,gke-bench-apps-2978ac17-5dh9,4,25000,24999.84,0.0,0.0,0.9999936,0.7187727790432802,1.5825876156723766,3.190745140388774,5.5706327683614605,0.9968206183597994,0.0,True
get,stdlib,4,1,gke-bench-apps-2978ac17-5dh9,5,30000,30000.6,0.0,0.0,1.00002,1.2407481622277692,4.077771156138259,7.351046225382929,9.402031516183975,1.1878855133333333,0.0,True
get,stdlib,4,1,gke-bench-apps-2978ac17-5dh9,6,35000,34999.32,0.0,0.0,0.9999805714285714,1.8185814404605471,5.37290189018902,8.244459459459465,11.456502074688766,1.4955534030613304,0.0,True
get,stdlib,4,1,gke-bench-apps-2978ac17-5dh9,7,40000,40001.4,0.0,0.0,1.000035,1.7487419742130814,5.223700940208118,8.10739331170452,10.978908138597772,1.5633841257662697,0.0,True
get,stdlib,4,1,gke-bench-apps-2978ac17-5dh9,8,45000,45002.88,0.0,0.0,1.000064,2.0259484101269853,5.808268577387561,10.915646258503418,32.87543801652953,1.7801588058319286,0.0,True
get,stdlib,4,1,gke-bench-apps-2978ac17-5dh9,9,50000,50000.72,0.0,0.0,1.0000144,3.5665013985762135,8.127614371587205,26.674784138151637,40.68490632318546,1.7492525133333334,0.004102247704023946,True
get,stdlib,4,1,gke-bench-apps-2978ac17-5dh9,10,55000,53252.32,17.68,17.68,0.9644581818181818,381.49026048236226,754.5426132192225,961.4195200607035,1371.4457319428388,1.9086295266666662,0.27136561873546655,False
get,stdlib,4,1,gke-bench-apps-2978ac17-5dh9,11,60000,52317.56,7651.52,7651.52,0.12783333333333333,1207.0525242588844,1441.410504851777,1494.1410504851779,1499.4141050485177,1.8479033702720031,0.34510992056448486,False
get,stdlib,4,1,gke-bench-apps-2978ac17-5dh9,12,65000,52723.64,12275.04,12275.04,0.06589046153846154,1227.8963005535009,1445.5792601107003,1494.5579260110699,1499.4557926011069,1.9443851942337298,0.3730886850152905,False
get,stdlib,4,1,gke-bench-apps-2978ac17-5dh9,13,70000,52173.76,17830.56,17830.56,0.03732114285714286,1236.8219706997074,1447.3643941399414,1494.736439413994,1499.4736439413994,1.9466193491603323,0.40307692307692305,False
get,stdlib,4,1,gke-bench-apps-2978ac17-5dh9,14,75000,52479.36,22524.2,22524.2,0.026316266666666668,1240.2302000331051,1448.046040006621,1494.8046040006623,1499.4804604000662,2.1609065794409488,0.24489795918367346,False
get,stdlib,4,1,gke-bench-apps-2978ac17-5dh9,15,80000,52663.6,27336.72,27336.72,0.019391,1242.4123968546135,1448.4824793709229,1494.8482479370923,1499.484824793709,2.063226932810968,0.34671453010976877,False
get,stdlib,4,1,gke-bench-apps-2978ac17-5dh9,16,85000,52162.32,32837.24,32837.24,0.014769411764705882,1243.8348263850964,1448.7669652770192,1494.8766965277018,1499.4876696527701,2.0232412807880027,0.4010445106200565,False
get,stdlib,4,1,gke-bench-apps-2978ac17-5dh9,17,90000,53017.16,36982.52,36982.52,0.012524,1244.5694738870686,1448.9138947774138,1494.8913894777413,1499.4891389477743,2.0183926013300546,0.3407191941077379,False
get,stdlib,4,1,gke-bench-apps-2978ac17-5dh9,18,95000,53380.0,41617.36,41617.36,0.010807157894736841,1245.097350082096,1449.019470016419,1494.901947001642,1499.4901947001642,1.9277919912555745,0.34073648650966715,False
get,stdlib,4,1,gke-bench-apps-2978ac17-5dh9,19,100000,53588.2,46414.0,46414.0,0.0093168,1245.5766161531374,1449.1153232306276,1494.9115323230626,1499.4911532323063,1.8581241364818424,0.338039610690661,False
get,chi,4,1,gke-bench-apps-2978ac17-rd8n,0,5000,4999.96,0.0,0.0,0.999992,0.715012547051443,1.2912713376653986,1.480657385273223,1.4995959900340057,0.5474747459990594,0.0,True
get,chi,4,1,gke-bench-apps-2978ac17-rd8n,1,10000,10000.08,0.0,0.0,1.000008,0.712501690331305,1.2989809838436635,1.4838845882024227,1.8733824289405587,0.5987683341499597,0.0,True
get,chi,4,1,gke-bench-apps-2978ac17-rd8n,2,15000,15000.12,0.0,0.0,1.000008,0.6892973568281938,1.3277181108533784,1.6517264127458267,2.486506745362541,0.7023658873715513,0.0,True
get,chi,4,1,gke-bench-apps-2978ac17-rd8n,3,20000,20000.76,0.0,0.0,1.000038,0.747687852222918,1.4975654325771455,2.8317420909281372,4.1026763565890905,0.9651501807497161,0.0,True
get,chi,4,1,gke-bench-apps-2978ac17-rd8n,4,25000,24997.28,0.0,0.0,0.9998912,0.7463376483279396,1.697357425434503,3.3507864184008818,5.355829268292622,1.1392885324628197,0.0,True
get,chi,4,1,gke-bench-apps-2978ac17-rd8n,5,30000,30001.76,0.0,0.0,1.0000586666666667,1.3010067351445658,4.3302334249638905,7.427272319425745,9.437369397217934,1.2764347404522112,0.0,True
get,chi,4,1,gke-bench-apps-2978ac17-rd8n,6,35000,34998.96,0.0,0.0,0.9999702857142857,2.0419533956622846,5.838660975416962,8.874603138503526,13.439503128450411,1.509100163202351,0.0,True
get,chi,4,1,gke-bench-apps-2978ac17-rd8n,7,40000,40001.4,0.0,0.0,1.000035,1.9620815234811058,5.6804166058127645,8.869037633189755,13.81750522544038,1.6174297149212369,0.0,True
get,chi,4,1,gke-bench-apps-2978ac17-rd8n,8,45000,44998.52,0.0,0.0,0.9999671111111111,2.3029046265308817,6.43474517787516,18.609999999999804,49.116593655589206,1.6217070992825935,0.0,True
get,chi,4,1,gke-bench-apps-2978ac17-rd8n,9,50000,50001.28,0.0,0.0,1.0000256,4.065426450385046,8.885626214002198,18.69854616306952,33.89187200000044,1.7759219594095332,0.01481343225345319,True
get,chi,4,1,gke-bench-apps-2978ac17-rd8n,10,55000,51034.96,2136.32,2136.32,0.5789643636363636,965.7886994258419,1367.040504545663,1486.7040504545664,1498.6704050454564,1.8729913610831932,0.2549563930172388,False
get,chi,4,1,gke-bench-apps-2978ac17-rd8n,11,60000,51375.6,8598.8,8598.8,0.10909933333333334,1213.4953570896398,1442.699071417928,1494.2699071417928,1499.4269907141793,1.9203064343569,0.29366663874830545,False
get,chi,4,1,gke-bench-apps-2978ac17-rd8n,12,65000,50473.56,14501.0,14501.0,0.05089661538461539,1232.4644314631441,1446.4928862926288,1494.649288629263,1499.4649288629262,2.017471690731133,0.311674654897312,False
get,chi,4,1,gke-bench-apps-2978ac17-rd8n,13,70000,51294.44,18686.08,18686.08,0.034492,1237.651186579378,1447.5302373158756,1494.7530237315875,1499.475302373159,2.060456715765157,0.3298039398251275,False
get,chi,4,1,gke-bench-apps-2978ac17-rd8n,14,75000,51274.8,23699.64,23699.64,0.0241792,1240.8340571306571,1448.1668114261315,1494.816681142613,1499.4816681142613,2.043984774872034,0.28770215308478214,False
get,chi,4,1,gke-bench-apps-2978ac17-rd8n,15,80000,50567.4,29406.68,29406.68,0.0171425,1243.0309374745914,1448.6061874949182,1494.8606187494918,1499.4860618749492,2.019513087068158,0.3020468232662834,False
get,chi,4,1,gke-bench-apps-2978ac17-rd8n,16,85000,50923.4,34055.0,34055.0,0.014209411764705882,1243.9264536684661,1448.785290733693,1494.8785290733692,1499.487852907337,1.8772531757740822,0.34467254478650666,False
get,chi,4,1,gke-bench-apps-2978ac17-rd8n,17,90000,50516.92,39460.4,39460.4,0.011175111111111111,1244.921549000266,1448.9843098000533,1494.8984309800053,1499.4898430980006,1.9991207010787124,0.2719273800844915,False
get,chi,4,1,gke-bench-apps-2978ac17-rd8n,18,95000,51168.8,43808.2,43808.2,0.009857684210526315,1245.3392556823972,1449.0678511364795,1494.9067851136479,1499.4906785113649,2.037660080851318,0.2627288877793449,False
get,chi,4,1,gke-bench-apps-2978ac17-rd8n,19,100000,51258.84,48717.6,48717.6,0.0089516,1245.5565200954338,1449.111304019087,1494.9111304019086,1499.4911130401908,2.0117839159630257,0.302245008783845,False
post,stdlib,4,1,gke-bench-apps-2978ac17-5dh9,0,5000,5000.04,0.0,0.0,1.000008,0.7221788413098238,1.2833345002625594,1.4802553824610538,1.4999474706809033,0.529513515405717,0.0,True
post,stdlib,4,1,gke-bench-apps-2978ac17-5dh9,1,10000,10000.04,0.0,0.0,1.000004,0.7247389705882352,1.3021546605976646,1.4876887492578665,2.357139610389645,0.6989223439666896,0.0,True
post,stdlib,4,1,gke-bench-apps-2978ac17-5dh9,2,15000,15000.28,0.0,0.0,1.0000186666666666,0.6923297730307075,1.334377107982226,1.7697402223926375,2.4994830595482633,0.7878302451565568,0.0,True
post,stdlib,4,1,gke-bench-apps-2978ac17-5dh9,3,20000,20001.12,0.0,0.0,1.000056,0.7597292418772564,1.6414341424057017,3.4605242905242872,6.177055118110271,0.9728733711501096,0.0,True
post,stdlib,4,1,gke-bench-apps-2978ac17-5dh9,4,25000,25002.52,0.0,0.0,1.0001008,0.7713135083072478,1.840565975865688,3.7870392063112597,5.458280833333362,1.245090517270221,0.0,True
post,stdlib,4,1,gke-bench-apps-2978ac17-5dh9,5,30000,29999.72,0.0,0.0,0.9999906666666667,1.4533785456376813,5.243660047367464,9.383556080790706,19.324778350515377,1.3173713192632552,0.0,True
post,stdlib,4,1,gke-bench-apps-2978ac17-5dh9,6,35000,34999.28,0.0,0.0,0.9999794285714285,2.2688684645199277,6.4866247015411345,9.997077937367546,14.500640981538837,1.4850582,0.0,True
post,stdlib,4,1,gke-bench-apps-2978ac17-5dh9,7,40000,40000.8,0.0,0.0,1.00002,2.55614566348319,6.87902050879749,13.921408450704241,29.267624386825442,1.5837834324915518,0.0,True
post,stdlib,4,1,gke-bench-apps-2978ac17-5dh9,8,45000,44999.24,0.0,0.0,0.9999831111111112,3.0009554524992823,7.954877997475811,15.107983370171532,22.384979861910494,1.7709342518281255,0.011730205278592375,True
post,stdlib,4,1,gke-bench-apps-2978ac17-5dh9,9,50000,48096.48,179.68,179.68,0.91644,606.2100855524761,967.0089011503826,1394.2692835285418,1489.426928352854,1.8225772409532617,0.16550929678290302,False
post,stdlib,4,1,gke-bench-apps-2978ac17-5dh9,10,55000,47966.36,7030.84,7030.84,0.13624145454545455,1203.7144195598655,1440.7428839119732,1494.0742883911973,1499.4074288391198,2.0240941599999998,0.32920296457228876,False
post,stdlib,4,1,gke-bench-apps-2978ac17-5dh9,11,60000,47748.4,12253.52,12253.52,0.06453933333333334,1227.93579365868,1445.5871587317358,1494.5587158731737,1499.4558715873175,1.9474195372751335,0.33981491933935243,False
post,stdlib,4,1,gke-bench-apps-2978ac17-5dh9,12,65000,47629.32,17371.76,17371.76,0.03779630769230769,1236.4034714880008,1447.2806942976,1494.72806942976,1499.472806942976,2.073308398707074,0.3663486792142561,False
post,stdlib,4,1,gke-bench-apps-2978ac17-5dh9,13,70000,48231.2,21770.2,21770.2,0.02788457142857143,1239.4557564421918,1447.8911512884386,1494.7891151288436,1499.4789115128845,2.007426193168735,0.2817311400504383,False
post,stdlib,4,1,gke-bench-apps-2978ac17-5dh9,14,75000,48300.76,26699.24,26699.24,0.0205936,1241.7416370520812,1448.3483274104162,1494.8348327410417,1499.4834832741042,2.016736679115681,0.3214705841154807,False
post,stdlib,4,1,gke-bench-apps-2978ac17-5dh9,15,80000,48098.76,31897.56,31897.56,0.0159895,1243.169740877752,1448.6339481755506,1494.8633948175552,1499.4863394817555,1.9753885826627355,0.37505733098164595,False
post,stdlib,4,1,gke-bench-apps-2978ac17-5dh9,16,85000,48392.88,36604.68,36604.68,0.013470117647058823,1243.9417438905248,1448.788348778105,1494.8788348778103,1499.487883487781,2.052005588907682,0.3474593470332512,False
post,stdlib,4,1,gke-bench-apps-2978ac17-5dh9,17,90000,48177.16,41823.72,41823.72,0.011584444444444444,1244.4700873414326,1448.8940174682864,1494.8894017468285,1499.488940174683,1.94479019881817,0.34398677243491504,False
post,stdlib,4,1,gke-bench-apps-2978ac17-5dh9,18,95000,47693.48,47308.88,47308.88,0.010089684210526315,1244.872575048743,1448.9745150097485,1494.8974515009747,1499.4897451500974,1.9483557270872571,0.307225875236897,False
post,stdlib,4,1,gke-bench-apps-2978ac17-5dh9,19,100000,48105.92,51889.28,51889.28,0.009074,1245.1937052263502,1449.0387410452702,1494.9038741045272,1499.4903874104527,1.8862588222222207,0.3640949708062826,False
post,chi,4,1,gke-bench-apps-2978ac17-rd8n,0,5000,5000.0,0.0,0.0,1.0,0.7210796915167096,1.2952824886773118,1.4812390492247678,1.4998347052795133,0.6143628111111108,0.0,True
post,chi,4,1,gke-bench-apps-2978ac17-rd8n,1,10000,9999.96,0.0,0.0,0.999996,0.7203449502133713,1.3061854083649205,1.488418132633557,2.248302721088399,0.7560947083333341,0.0,True
post,chi,4,1,gke-bench-apps-2978ac17-rd8n,2,15000,14999.24,0.0,0.0,0.9999493333333334,0.6985,1.344068597269697,1.8379361274358186,2.7660681818181434,0.8556036733333333,0.0,True
post,chi,4,1,gke-bench-apps-2978ac17-rd8n,3,20000,19997.28,0.0,0.0,0.999864,0.7833166144200627,1.7912044198895027,4.184352144469525,7.790870967742165,0.9812978588454038,0.0,True
post,chi,4,1,gke-bench-apps-2978ac17-rd8n,4,25000,24999.96,0.0,0.0,0.9999984,0.7981957315360855,2.068265137476836,5.012686808118083,7.51950531914902,1.1420612024295784,0.0,True
post,chi,4,1,gke-bench-apps-2978ac17-rd8n,5,30000,29998.48,0.0,0.0,0.9999493333333334,1.5880801128007642,5.561478209658422,9.057971610011206,13.957580017947864,1.3062616071200244,0.0,True
post,chi,4,1,gke-bench-apps-2978ac17-rd8n,6,35000,35002.28,0.0,0.0,1.0000651428571428,2.5361265004616804,6.855121796229613,10.349018867924492,14.594578436657665,1.5676894066666667,0.0,True
post,chi,4,1,gke-bench-apps-2978ac17-rd8n,7,40000,39999.4,0.0,0.0,0.999985,2.8430658419467734,7.480905658811816,19.428445229682016,44.19781006071125,1.6909381666666665,0.0,True
post,chi,4,1,gke-bench-apps-2978ac17-rd8n,8,45000,44987.88,0.0,0.0,0.9997306666666667,4.7319994908749115,14.544275306827826,46.202689987937305,72.04062898089231,1.891484815534703,0.022355360918153655,True
post,chi,4,1,gke-bench-apps-2978ac17-rd8n,9,50000,45440.56,3245.44,3245.44,0.4378552,1017.5710682101937,1403.5142136420386,1490.351421364204,1499.0351421364205,1.9301252494825698,0.2676056338028169,False
post,chi,4,1,gke-bench-apps-2978ac17-rd8n,10,55000,45716.12,9288.08,9288.08,0.09130472727272727,1219.1495332522736,1443.8299066504546,1494.3829906650453,1499.4382990665044,2.0151833452800503,0.3126801735869825,False
post,chi,4,1,gke-bench-apps-2978ac17-rd8n,11,60000,44814.72,15187.96,15187.96,0.045848,1233.6505654262664,1446.7301130852532,1494.6730113085255,1499.4673011308525,1.8876904211805852,0.3417175565046908,False
post,chi,4,1,gke-bench-apps-2978ac17-rd8n,12,65000,45590.92,19410.44,19410.44,0.03159938461538461,1238.205653311577,1447.6411306623156,1494.7641130662314,1499.476411306623,1.941540168235327,0.29938684162221263,False
post,chi,4,1,gke-bench-apps-2978ac17-rd8n,13,70000,45352.72,24645.88,24645.88,0.022436571428571427,1241.031963703938,1448.2063927407876,1494.8206392740788,1499.4820639274078,2.012587236761313,0.271600073054037,False
post,chi,4,1,gke-bench-apps-2978ac17-rd8n,14,75000,45586.44,29415.44,29415.44,0.01763786666666667,1242.5286239709376,1448.5057247941875,1494.8505724794188,1499.485057247942,2.04535234250757,0.32052425749053687,False
post,chi,4,1,gke-bench-apps-2978ac17-rd8n,15,80000,45438.52,34562.32,34562.32,0.0142045,1243.5874458491414,1448.7174891698285,1494.8717489169828,1499.4871748916983,2.015917607599925,0.29167238845899907,False
post,chi,4,1,gke-bench-apps-2978ac17-rd8n,16,85000,45322.84,39675.8,39675.8,0.012096941176470588,1244.1965837822218,1448.8393167564443,1494.8839316756444,1499.4883931675645,2.0359399654860804,0.28788409500570405,False
post,chi,4,1,gke-bench-apps-2978ac17-rd8n,17,90000,45417.12,44582.96,44582.96,0.010730222222222223,1244.5686750023622,1448.9137350004723,1494.8913735000474,1499.4891373500047,2.0719637607917334,0.34333489165468956,False
post,chi,4,1,gke-bench-apps-2978ac17-rd8n,18,95000,45517.44,49485.16,49485.16,0.009559157894736842,1244.9107047585574,1448.9821409517115,1494.898214095171,1499.4898214095172,1.9909458929093546,0.2925170068027211,False
post,chi,4,1,gke-bench-apps-2978ac17-rd8n,19,100000,45356.24,54635.6,54635.6,0.0085352,1245.2052368933855,1449.0410473786771,1494.9041047378678,1499.4904104737868,2.0966212243455704,0.3231416552453235,False
get,fasthttp,4,2,gke-bench-apps-2978ac17-5dh9,0,5000,5000.04,0.0,0.0,1.000008,0.6868785222291798,1.2563338564142803,1.4770103962338175,1.4990780502157708,0.3218576412383069,0.0,True
get,fasthttp,4,2,gke-bench-apps-2978ac17-5dh9,1,10000,9999.68,0.0,0.0,0.999968,0.7061016144349478,1.276826481964559,1.4792127372492578,1.4994513627777277,0.3688431387412648,0.0,True
get,fasthttp,4,2,gke-bench-apps-2978ac17-5dh9,2,15000,15000.28,0.0,0.0,1.0000186666666666,0.6728113117870722,1.2931292875397928,1.4822889857866655,1.804522662889542,0.41208197064949104,0.0,True
get,fasthttp,4,2,gke-bench-apps-2978ac17-5dh9,3,20000,20000.16,0.0,0.0,1.000008,0.6750883269830273,1.3528259074253735,1.8380489396411102,2.45840207972269,0.53307102,0.0,True
get,fasthttp,4,2,gke-bench-apps-2978ac17-5dh9,4,25000,24997.56,0.0,0.0,0.9999024,0.6630085798148566,1.3700286665024972,1.8862232298391226,2.747062121212102,0.6272797118290898,0.0,True
get,fasthttp,4,2,gke-bench-apps-2978ac17-5dh9,5,30000,29998.96,0.0,0.0,0.9999653333333334,0.660946517184341,1.4577777210047966,2.7271516348474885,5.3559916897506294,0.8229204928571672,0.0,True
get,fasthttp,4,2,gke-bench-apps-2978ac17-5dh9,6,35000,35001.52,0.0,0.0,1.0000434285714286,0.849303050180387,2.0394723854816283,3.7514364826313136,5.460342682926793,0.9338836655122112,0.0,True
get,fasthttp,4,2,gke-bench-apps-2978ac17-5dh9,7,40000,39999.44,0.0,0.0,0.999986,0.8436639792686439,2.0358762273132998,3.8520153176152587,6.089927631578911,1.0146985689930546,0.0,True
get,fasthttp,4,2,gke-bench-apps-2978ac17-5dh9,8,45000,45001.8,0.0,0.0,1.00004,0.8298926284063795,1.985424135484353,3.7403669384729463,5.747052529182928,1.1356532407120359,0.0,True
get,fasthttp,4,2,gke-bench-apps-2978ac17-5dh9,9,50000,49999.68,0.0,0.0,0.9999936,1.2430289103605,3.0828481311563896,4.922759159964258,9.42748186528475,1.21782154,0.0,True
get,fasthttp,4,2,gke-bench-apps-2978ac17-5dh9,10,55000,57099.12,0.0,0.0,1.038165818181818,1.2629085767118073,3.1413678759401145,4.906410232729958,7.316623903508834,1.2635086887745903,0.0,True
get,fasthttp,4,2,gke-bench-apps-2978ac17-5dh9,11,60000,59998.52,0.0,0.0,0.9999753333333333,1.2673400750354256,3.0789562758563047,4.833780674114384,6.963984430604987,1.3694394432028514,0.0,True
get,fasthttp,4,2,gke-bench-apps-2978ac17-5dh9,12,65000,64997.52,0.0,0.0,0.9999618461538462,1.4549640084394004,3.320315956404481,5.4458600634472925,15.993962616822174,1.4719492133988625,0.0,True
get,fasthttp,4,2,gke-bench-apps-2978ac17-5dh9,13,70000,70000.0,0.0,0.0,1.0,1.949653403150561,3.8769403219297853,9.004217432052483,22.604994324631104,1.589708745954631,0.0,True
get,fasthttp,4,2,gke-bench-apps-2978ac17-5dh9,14,75000,74998.72,0.0,0.0,0.9999829333333333,2.038379457663564,3.883359827363254,6.220662368853499,9.201940170940112,1.7139196787673863,0.0,True
get,fasthttp,4,2,gke-bench-apps-2978ac17-5dh9,15,80000,79999.4,0.0,0.0,0.9999925,2.180590704213704,4.903502352914687,47.669080972089525,63.44123307952601,1.7756910967630408,0.0029850746268656717,True
get,fasthttp,4,2,gke-bench-apps-2978ac17-5dh9,16,85000,84998.84,0.0,0.0,0.9999863529411764,2.856672046389397,75.83886509635978,146.55979463896205,191.71134397609353,1.8868593032439507,0.09907422243613537,False
get,fasthttp,4,2,gke-bench-apps-2978ac17-5dh9,17,90000,87806.68,0.0,0.0,0.9756297777777778,424.28252650492664,594.3102291576423,721.3306748763698,801.5205574082921,1.8606532199999999,0.33846240939799793,False
get,fasthttp,4,2,gke-bench-apps-2978ac17-5dh9,18,95000,87475.28,7040.88,7040.88,0.21611663157894737,1173.3276370469735,1434.6655274093946,1493.4665527409395,1499.346655274094,1.8394233916666665,0.4081394270636024,False
get,fasthttp,4,2,gke-bench-apps-2978ac17-5dh9,19,100000,87611.56,12376.72,12376.72,0.0841568,1223.4339715651874,1444.6867943130376,1494.4686794313038,1499.4468679431304,1.8109150909432452,0.4216283732257933,False
get,fiber,4,2,gke-bench-apps-2978ac17-rd8n,0,5000,5000.16,0.0,0.0,1.000032,0.698833746898263,1.2662726793646015,1.4780162613867347,1.4991906195889484,0.3217139096575358,0.0,True
get,fiber,4,2,gke-bench-apps-2978ac17-rd8n,1,10000,9999.92,0.0,0.0,0.999992,0.7082719393282774,1.2871373290910657,1.480617593946169,1.4999656204316794,0.3600204325197069,0.0,True
get,fiber,4,2,gke-bench-apps-2978ac17-rd8n,2,15000,14999.96,0.0,0.0,0.9999973333333333,0.6804346637506835,1.3009887466805974,1.484643735579644,1.8978424460431578,0.4180170524611882,0.0,True
get,fiber,4,2,gke-bench-apps-2978ac17-rd8n,3,20000,19998.72,0.0,0.0,0.999936,0.6800460443700294,1.3732852014551997,1.8976661340907748,2.72857731958764,0.5701859713968165,0.0,True
get,fiber,4,2,gke-bench-apps-2978ac17-rd8n,4,25000,24998.48,0.0,0.0,0.9999392,0.664794836330106,1.3879841711447338,1.9219241290530213,2.6179023809523123,0.7120112220270498,0.0,True
get,fiber,4,2,gke-bench-apps-2978ac17-rd8n,5,30000,29998.92,0.0,0.0,0.999964,0.7072411906325234,1.529868046728407,2.8698038142879487,5.512990322580651,0.8276175961235609,0.0,True
get,fiber,4,2,gke-bench-apps-2978ac17-rd8n,6,35000,35002.32,0.0,0.0,1.0000662857142857,0.9171491712707183,2.3786000035559987,4.3392720375722575,6.385940243902463,0.955250225237095,0.0,True
get,fiber,4,2,gke-bench-apps-2978ac17-rd8n,7,40000,39999.92,0.0,0.0,0.999998,0.8793101397561701,2.285349382945318,4.27478829064297,6.34061280931585,1.136264341138486,0.0,True
get,fiber,4,2,gke-bench-apps-2978ac17-rd8n,8,45000,45000.72,0.0,0.0,1.000016,0.9224015151515151,2.355415852637455,4.2118750000000045,6.222733512786054,1.2463165746514453,0.0,True
get,fiber,4,2,gke-bench-apps-2978ac17-rd8n,9,50000,49999.32,0.0,0.0,0.9999864,1.4474595708649696,3.545960457820526,5.279747480953547,7.475925130890048,1.3458096682379028,0.0,True
get,fiber,4,2,gke-bench-apps-2978ac17-rd8n,10,55000,55000.08,0.0,0.0,1.0000014545454545,1.4457684274102223,3.5231472194360864,5.265114129829639,7.3565158817086,1.417311955410513,0.0,True
get,fiber,4,2,gke-bench-apps-2978ac17-rd8n,11,60000,60001.32,0.0,0.0,1.000022,1.3873297100627076,3.409722095930893,5.301109419063729,7.68164549839224,1.5632369970000397,0.0,True
get,fiber,4,2,gke-bench-apps-2978ac17-rd8n,12,65000,65001.2,0.0,0.0,1.0000184615384615,1.6540168432145648,3.6931088076560643,5.971280902125195,9.565293333333296,1.6148745000168117,0.0,True
get,fiber,4,2,gke-bench-apps-2978ac17-rd8n,13,70000,69999.2,0.0,0.0,0.9999885714285714,2.2471163112877965,4.416805324459234,16.807994757536,32.98332618945568,1.583077258681888,0.0,True
get,fiber,4,2,gke-bench-apps-2978ac17-rd8n,14,75000,75001.68,0.0,0.0,1.0000224,3.24032388279432,24.565288736820065,72.12184018704448,95.6002653631292,1.681297889735047,0.04757395757141719,False
get,fiber,4,2,gke-bench-apps-2978ac17-rd8n,15,80000,76455.64,415.56,415.56,0.8779095,662.3207430765012,991.8634587580755,1438.568926284936,1493.8568926284934,1.8356989484659259,0.31859983034599276,False
get,fiber,4,2,gke-bench-apps-2978ac17-rd8n,16,85000,76315.72,8621.44,8621.44,0.12087294117647059,1211.1070429632753,1442.221408592655,1494.2221408592654,1499.4222140859265,1.8874342108749544,0.49504950495049505,False
get,fiber,4,2,gke-bench-apps-2978ac17-rd8n,17,90000,77150.56,12793.64,12793.64,0.06177911111111111,1230.583580712732,1446.1167161425465,1494.6116716142546,1499.4611671614255,1.9109864921780355,0.5167173252279635,False
get,fiber,4,2,gke-bench-apps-2978ac17-rd8n,18,95000,76074.08,18873.48,18873.48,0.023769263157894738,1242.352335537011,1448.4704671074023,1494.8470467107402,1499.484704671074,2.058965258333333,0.4525316455696203,False
get,fiber,4,2,gke-bench-apps-2978ac17-rd8n,19,100000,77380.72,22567.0,22567.0,0.0155556,1244.8712274395464,1448.9742454879092,1494.897424548791,1499.489742454879,2.0742008000000003,0.38275862068965516,False
post,fasthttp,4,2,gke-bench-apps-2978ac17-5dh9,0,5000,5000.0,0.0,0.0,1.0,0.6839676113360325,1.2554786166738796,1.476787189676201,1.4989180469764334,0.35857172292505385,0.0,True
post,fasthttp,4,2,gke-bench-apps-2978ac17-5dh9,1,10000,9998.84,0.0,0.0,0.999884,0.7046777777777777,1.276116067389298,1.4796718300428875,1.5124139344262686,0.43215452312570524,0.0,True
post,fasthttp,4,2,gke-bench-apps-2978ac17-5dh9,2,15000,14999.92,0.0,0.0,0.9999946666666667,0.6731769825918763,1.2938444401939717,1.4837083000483804,1.8894325203251858,0.4602615253907955,0.0,True
post,fasthttp,4,2,gke-bench-apps-2978ac17-5dh9,3,20000,20001.76,0.0,0.0,1.000088,0.6753995396251233,1.362455133393837,1.8826492386470826,2.5046772151898824,0.5856617422268278,0.0,True
post,fasthttp,4,2,gke-bench-apps-2978ac17-5dh9,4,25000,25001.64,0.0,0.0,1.0000656,0.6589450474898235,1.3810168360637687,1.9283210445468504,2.8173516746411735,0.7277032392645697,0.0,True
post,fasthttp,4,2,gke-bench-apps-2978ac17-5dh9,5,30000,29999.88,0.0,0.0,0.999996,0.7297525792892625,1.6243451597926182,3.28561700312767,6.05081910569111,0.8702944449956643,0.0,True
post,fasthttp,4,2,gke-bench-apps-2978ac17-5dh9,6,35000,35000.96,0.0,0.0,1.0000274285714286,0.9444562221751113,2.5464870484276183,4.8717272727272745,8.171562130177552,0.9464085566408524,0.0,True
post,fasthttp,4,2,gke-bench-apps-2978ac17-5dh9,7,40000,40001.64,0.0,0.0,1.000041,0.9028323353293414,2.4080203531779523,4.439394891682266,6.735188818565434,1.1611641673818016,0.0,True
post,fasthttp,4,2,gke-bench-apps-2978ac17-5dh9,8,45000,44998.68,0.0,0.0,0.9999706666666667,0.9258329404369009,2.4343140966321757,4.674660599571742,6.9628961716937665,1.2838476412611128,0.0,True
post,fasthttp,4,2,gke-bench-apps-2978ac17-5dh9,9,50000,49998.84,0.0,0.0,0.9999768,1.5194606389712497,3.763811805468849,5.956256570966442,11.515942105263667,1.3245604267264957,0.0,True
post,fasthttp,4,2,gke-bench-apps-2978ac17-5dh9,10,55000,55001.8,0.0,0.0,1.0000327272727272,1.4895563687338211,3.6747736199814103,5.626841416784066,8.322130642954908,1.4900612050281998,0.0,True
post,fasthttp,4,2,gke-bench-apps-2978ac17-5dh9,11,60000,60000.32,0.0,0.0,1.0000053333333334,1.4557028760278554,3.630678565415053,6.096058981233236,9.305378461538528,1.4100427266666649,0.0,True
post,fasthttp,4,2,gke-bench-apps-2978ac17-5dh9,12,65000,65001.4,0.0,0.0,1.0000215384615385,1.6888352690986423,3.830584301008608,6.491414551357726,9.319476284585035,1.6261061558749512,0.0,True
post,fasthttp,4,2,gke-bench-apps-2978ac17-5dh9,13,70000,70003.72,0.0,0.0,1.0000531428571429,2.328620984481311,4.745334534272248,19.21743768483319,36.13427066450538,1.711833544782168,0.01843861777117236,True
post,fasthttp,4,2,gke-bench-apps-2978ac17-5dh9,14,75000,74995.72,0.0,0.0,0.9999429333333333,3.25169750387287,78.70210299056451,155.74742730362553,195.57474273036274,1.9241970406465194,0.05552176608914173,False
post,fasthttp,4,2,gke-bench-apps-2978ac17-5dh9,15,80000,77500.52,5.12,5.12,0.967529,573.9102631771269,821.3233282830352,945.3112478239059,1105.394501018323,1.8689701559310834,0.385170354575203,False
post,fasthttp,4,2,gke-bench-apps-2978ac17-5dh9,16,85000,77069.52,7816.08,7816.08,0.1621270588235294,1195.5637592291328,1439.1127518458266,1493.9112751845826,1499.3911275184585,2.054579926666667,0.4165662334299295,False
post,fasthttp,4,2,gke-bench-apps-2978ac17-5dh9,17,90000,77432.4,12528.28,12528.28,0.06733644444444445,1228.7722432793084,1445.7544486558618,1494.5754448655862,1499.4575444865586,1.8954553931605338,0.39724331017759845,False
post,fasthttp,4,2,gke-bench-apps-2978ac17-5dh9,18,95000,78553.24,16407.08,16407.08,0.03740926315789474,1238.1536322443285,1447.6307264488657,1494.7630726448865,1499.4763072644885,1.9048889507792315,0.4105801483304823,False
post,fasthttp,4,2,gke-bench-apps-2978ac17-5dh9,19,100000,78334.2,21626.0,21626.0,0.019324,1243.6768505454058,1448.7353701090813,1494.8735370109082,1499.4873537010908,1.7741848456371296,0.40893470790378006,False
post,fiber,4,2,gke-bench-apps-2978ac17-rd8n,0,5000,5000.04,0.0,0.0,1.000008,0.7041839378238341,1.2794533442261928,1.479256029552801,1.4992362980854617,0.36903604618165925,0.0,True
post,fiber,4,2,gke-bench-apps-2978ac17-rd8n,1,10000,9999.76,0.0,0.0,0.999976,0.7077840269966255,1.2929444416578892,1.4810324187858421,1.4998412164986372,0.3964080999999993,0.0,True
post,fiber,4,2,gke-bench-apps-2978ac17-rd8n,2,15000,15000.12,0.0,0.0,1.000008,0.6853728270814273,1.3109765413629564,1.4900211668841707,1.9430596085409175,0.4942267599999999,0.0,True
post,fiber,4,2,gke-bench-apps-2978ac17-rd8n,3,20000,19997.6,0.0,0.0,0.99988,0.6851048689138577,1.3937791769807122,1.9505498584752443,2.758094218415415,0.6501342701909054,0.0,True
post,fiber,4,2,gke-bench-apps-2978ac17-rd8n,4,25000,25002.36,0.0,0.0,1.0000944,0.6660055679287306,1.4166809178663282,1.994354079828218,3.4953237327188846,0.8120831798507417,0.0,True
post,fiber,4,2,gke-bench-apps-2978ac17-rd8n,5,30000,30000.28,0.0,0.0,1.0000093333333333,0.8288421160971593,1.9456232029574192,4.134422178988337,7.1535124481328145,0.9461786056243371,0.0,True
post,fiber,4,2,gke-bench-apps-2978ac17-rd8n,6,35000,35001.16,0.0,0.0,1.000033142857143,1.1099221731870228,3.084164503152549,5.355276226565612,7.320813194444458,1.0885490333333336,0.0,True
post,fiber,4,2,gke-bench-apps-2978ac17-rd8n,7,40000,40001.32,0.0,0.0,1.000033,1.106437938285288,3.044526215394134,5.496055956678704,8.770304560260499,1.2582512749661343,0.0,True
post,fiber,4,2,gke-bench-apps-2978ac17-rd8n,8,45000,45000.84,0.0,0.0,1.0000186666666666,1.120262832675601,3.034108571691346,5.193956319060777,7.319008586525793,1.3008799964757622,0.0,True
post,fiber,4,2,gke-bench-apps-2978ac17-rd8n,9,50000,49999.76,0.0,0.0,0.9999952,1.8113626324288705,4.283694940850743,7.311671378091883,18.432053017484634,1.5025968551588063,0.0,True
post,fiber,4,2,gke-bench-apps-2978ac17-rd8n,10,55000,55000.8,0.0,0.0,1.0000145454545455,1.7868175052469655,4.2188059654183245,6.5891704127503115,9.297119155354435,1.5204478800000016,0.0,True
post,fiber,4,2,gke-bench-apps-2978ac17-rd8n,11,60000,60001.32,0.0,0.0,1.000022,1.83505877262971,4.401065778647166,12.191309053864718,29.702224366041744,1.7305813688899063,0.0,True
post,fiber,4,2,gke-bench-apps-2978ac17-rd8n,12,65000,64995.64,0.0,0.0,0.999932923076923,2.142075406494541,4.717627286856545,9.05125796178345,14.395933089653738,1.7096607932727723,0.0,True
post,fiber,4,2,gke-bench-apps-2978ac17-rd8n,13,70000,69725.08,0.0,0.0,0.9960725714285714,5.400030336396934,74.77662065950538,141.5086453489301,189.83057610577606,1.9280928073503887,0.10745795108807933,False
post,fiber,4,2,gke-bench-apps-2978ac17-rd8n,14,75000,71430.0,1465.52,1465.52,0.6812378666666666,952.1326081867849,1324.3855090877978,1482.43855090878,1498.243855090878,1.758025924990452,0.5107035241636785,False
post,fiber,4,2,gke-bench-apps-2978ac17-rd8n,15,80000,71330.08,8631.52,8631.52,0.1105035,1214.6331081232458,1442.926621624649,1494.2926621624651,1499.4292662162466,1.9956968108636162,0.4176326119257987,False
post,fiber,4,2,gke-bench-apps-2978ac17-rd8n,16,85000,70661.96,14300.16,14300.16,0.04309788235294117,1236.3306180543368,1447.2661236108672,1494.7266123610868,1499.4726612361087,1.9471400828361327,0.47139883533180665,False
post,fiber,4,2,gke-bench-apps-2978ac17-rd8n,17,90000,71040.28,18926.8,18926.8,0.020996888888888888,1243.1680958187467,1448.6336191637495,1494.863361916375,1499.4863361916375,1.935584591761094,0.4385433903977307,False
post,fiber,4,2,gke-bench-apps-2978ac17-rd8n,18,95000,70664.36,24295.96,24295.96,0.010088421052631578,1246.5627042508274,1449.3125408501655,1494.9312540850167,1499.4931254085016,1.8531470908120147,0.4378360793392345,False
post,fiber,4,2,gke-bench-apps-2978ac17-rd8n,19,100000,70422.2,29543.4,29543.4,0.0053152,1248.0987450687273,1449.6197490137454,1494.9619749013746,1499.4961974901375,2.0157911666666677,0.4517987807002058,False
get,gin,4,3,gke-bench-apps-2978ac17-5dh9,0,5000,4999.96,0.0,0.0,0.999992,0.7198966756513927,1.2799840283939665,1.4796275066548357,1.4995918544809228,0.5603771480805317,0.0,True
get,gin,4,3,gke-bench-apps-2978ac17-5dh9,1,10000,10000.08,0.0,0.0,1.000008,0.7189477726574501,1.2949684376203474,1.4833395844147148,1.8274534005037688,0.6316250193937322,0.0,True
get,gin,4,3,gke-bench-apps-2978ac17-5dh9,2,15000,15000.08,0.0,0.0,1.0000053333333334,0.6875970664365832,1.3250264510681955,1.6322266035751816,2.495702749140912,0.766078788848319,0.0,True
get,gin,4,3,gke-bench-apps-2978ac17-5dh9,3,20000,19999.72,0.0,0.0,0.999986,0.7264667338709677,1.4755544106249558,2.897648623640991,4.410722619047599,0.9692374852736362,0.0,True
get,gin,4,3,gke-bench-apps-2978ac17-5dh9,4,25000,24999.04,0.0,0.0,0.9999616,0.726724793912492,1.6256498673740056,3.1966828143021906,4.639009063444072,1.0622037368063626,0.0,True
get,gin,4,3,gke-bench-apps-2978ac17-5dh9,5,30000,29999.0,0.0,0.0,0.9999666666666667,1.2785522213561964,4.311029562193125,7.857563619227145,12.355544077135146,1.267859818469019,0.0,True
get,gin,4,3,gke-bench-apps-2978ac17-5dh9,6,35000,34998.36,0.0,0.0,0.9999531428571429,1.910957630921095,5.654174560799173,8.820074481074485,13.217865008156542,1.3919605262199897,0.0,True
get,gin,4,3,gke-bench-apps-2978ac17-5dh9,7,40000,40000.0,0.0,0.0,1.0,1.9862061474964703,5.763394910317339,9.485443559461686,16.680053547523425,1.4994369445575857,0.0,True
get,gin,4,3,gke-bench-apps-2978ac17-5dh9,8,45000,45000.72,0.0,0.0,1.000016,2.2088543527450284,6.3292802185949535,14.820404691557016,44.391624629080404,1.627056657610836,0.0039140000269368945,True
get,gin,4,3,gke-bench-apps-2978ac17-5dh9,9,50000,49998.24,0.0,0.0,0.9999648,4.497877007996602,32.43594457013585,99.37819486613297,145.7470304159959,1.9193811794471594,0.0606747583102354,False
get,gin,4,3,gke-bench-apps-2978ac17-5dh9,10,55000,52104.2,714.76,714.76,0.7921585454545454,538.8798971146613,1194.7787353493886,1469.4778735349387,1496.947787353494,1.7770904922258426,0.21162140954512537,False
get,gin,4,3,gke-bench-apps-2978ac17-5dh9,11,60000,51708.8,8281.92,8281.92,0.11563533333333334,1211.2574568891962,1442.2514913778393,1494.225149137784,1499.4225149137783,1.9468101966105746,0.3097085098703023,False
get,gin,4,3,gke-bench-apps-2978ac17-5dh9,12,65000,52031.44,12957.2,12957.2,0.060629538461538464,1229.51301004855,1445.90260200971,1494.590260200971,1499.459026020097,1.9452016942954713,0.3325836918058524,False
get,gin,4,3,gke-bench-apps-2978ac17-5dh9,13,70000,52282.12,17708.12,17708.12,0.03708342857142857,1236.9388491148866,1447.3877698229774,1494.7387769822976,1499.4738776982297,1.9409101955552288,0.3335329901011722,False
get,gin,4,3,gke-bench-apps-2978ac17-5dh9,14,75000,52252.32,22741.64,22741.64,0.025995733333333333,1240.3102501180854,1448.062050023617,1494.8062050023616,1499.4806205002362,1.8767283503610879,0.3842154822839713,False
get,gin,4,3,gke-bench-apps-2978ac17-5dh9,15,80000,52220.56,27775.24,27775.24,0.01899,1242.5090766796,1448.50181533592,1494.8501815335921,1499.4850181533593,2.022490624450601,0.2674194039712707,False
get,gin,4,3,gke-bench-apps-2978ac17-5dh9,16,85000,52713.92,32279.32,32279.32,0.015272470588235294,1243.6879275926292,1448.7375855185257,1494.8737585518525,1499.4873758551853,1.9440249604332491,0.2725108721759689,False
get,gin,4,3,gke-bench-apps-2978ac17-5dh9,17,90000,52845.28,37152.64,37152.64,0.012708,1244.4696059461262,1448.8939211892252,1494.8893921189226,1499.488939211892,2.022504214480276,0.27705406760638684,False
get,gin,4,3,gke-bench-apps-2978ac17-5dh9,18,95000,52647.72,42350.64,42350.64,0.01082778947368421,1245.0181212063446,1449.0036242412689,1494.900362424127,1499.4900362424128,2.0557330752090848,0.33793824673413725,False
get,gin,4,3,gke-bench-apps-2978ac17-5dh9,19,100000,52907.64,47087.52,47087.52,0.009368,1245.4936268107272,1449.0987253621454,1494.9098725362146,1499.4909872536214,2.0511430049537416,0.3505174963441825,False
get,echo,4,3,gke-bench-apps-2978ac17-rd8n,0,5000,5000.04,0.0,0.0,1.000008,0.7159864253393665,1.2851515466057715,1.47977631305792,1.4992387897031347,0.4896702886354984,0.0,True
get,echo,4,3,gke-bench-apps-2978ac17-rd8n,1,10000,9999.84,0.0,0.0,0.999984,0.7156194029850746,1.2976523040981853,1.4827339881216788,1.7735579710144678,0.5967722911587765,0.0,True
get,echo,4,3,gke-bench-apps-2978ac17-rd8n,2,15000,14999.88,0.0,0.0,0.999992,0.6863691275167786,1.3214393083303129,1.5367755640199194,2.2476779069767745,0.70890580667746,0.0,True
get,echo,4,3,gke-bench-apps-2978ac17-rd8n,3,20000,20002.8,0.0,0.0,1.00014,0.7291925465838509,1.4730193002555743,2.7100780409041967,4.379377510040147,0.940869764795552,0.0,True
get,echo,4,3,gke-bench-apps-2978ac17-rd8n,4,25000,24996.92,0.0,0.0,0.9998768,0.7226647077018249,1.5588620189156297,2.8453180520304584,4.041069209039617,1.0907512904794905,0.0,True
get,echo,4,3,gke-bench-apps-2978ac17-rd8n,5,30000,29998.52,0.0,0.0,0.9999506666666667,1.246567228576403,4.0688309285978566,7.362744735344336,9.692616504854387,1.2412629012458791,0.0,True
get,echo,4,3,gke-bench-apps-2978ac17-rd8n,6,35000,34998.08,0.0,0.0,0.9999451428571429,1.7976025212921622,5.342157595693781,8.382209673459364,12.429658068386178,1.3887887802542775,0.0,True
get,echo,4,3,gke-bench-apps-2978ac17-rd8n,7,40000,40001.84,0.0,0.0,1.000046,1.862876109543425,5.5445239450361825,10.281143975641625,34.07778115501534,1.4927153371866801,0.0,True
get,echo,4,3,gke-bench-apps-2978ac17-rd8n,8,45000,45000.56,0.0,0.0,1.0000124444444445,2.0539491837203956,5.847806324747751,11.536330298432032,23.055163111668865,1.5926321218711146,0.0,True
get,echo,4,3,gke-bench-apps-2978ac17-rd8n,9,50000,50020.64,0.0,0.0,1.0004128,3.7599777932330367,8.409505453948992,36.836948260742595,58.20491311216405,1.7618803133105723,0.0030185320012196893,True
get,echo,4,3,gke-bench-apps-2978ac17-rd8n,10,55000,52907.28,166.72,166.72,0.9264538181818182,557.249663338161,925.4100939665802,1364.5015161448937,1486.450151614489,1.8549162596076125,0.18423409553389644,False
get,echo,4,3,gke-bench-apps-2978ac17-rd8n,11,60000,51298.92,8651.52,8651.52,0.10783666666666666,1213.9171049273768,1442.7834209854752,1494.2783420985475,1499.4278342098548,1.9321927973437687,0.3065015479876161,False
get,echo,4,3,gke-bench-apps-2978ac17-rd8n,12,65000,51614.56,13343.4,13343.4,0.055016615384615386,1231.3895027486299,1446.277900549726,1494.6277900549726,1499.4627790054974,2.006376329223408,0.32894159524048844,False
get,echo,4,3,gke-bench-apps-2978ac17-rd8n,13,70000,51652.08,18302.16,18302.16,0.034556,1237.7170183672956,1447.5434036734591,1494.7543403673458,1499.4754340367347,2.042381457994137,0.3474371058418258,False
get,echo,4,3,gke-bench-apps-2978ac17-rd8n,14,75000,51660.08,23294.0,23294.0,0.0236736,1241.1018559650522,1448.2203711930104,1494.822037119301,1499.48220371193,2.095313021538052,0.3332308495439038,False
get,echo,4,3,gke-bench-apps-2978ac17-rd8n,15,80000,52142.12,27816.8,27816.8,0.0180465,1242.8808404209994,1448.5761680842,1494.85761680842,1499.485761680842,1.9969338924798417,0.32732675110434134,False
get,echo,4,3,gke-bench-apps-2978ac17-rd8n,16,85000,52640.64,32315.24,32315.24,0.01427529411764706,1244.1013750689322,1448.8202750137864,1494.8820275013786,1499.488202750138,2.0044392559895647,0.34624469458340096,False
get,echo,4,3,gke-bench-apps-2978ac17-rd8n,17,90000,52359.36,37597.16,37597.16,0.01145288888888889,1244.9796020152507,1448.9959204030501,1494.899592040305,1499.4899592040306,1.982723436412097,0.2728261362341605,False
get,echo,4,3,gke-bench-apps-2978ac17-rd8n,18,95000,52460.72,42498.04,42498.04,0.009967157894736843,1245.4047300686573,1449.0809460137316,1494.908094601373,1499.4908094601374,1.9693565729052618,0.2715654952076677,False
get,echo,4,3,gke-bench-apps-2978ac17-rd8n,19,100000,52132.64,47826.16,47826.16,0.0088128,1245.7011872465434,1449.1402374493086,1494.914023744931,1499.491402374493,1.8223622801893788,0.3333333333333331,False
post,gin,4,3,gke-bench-apps-2978ac17-5dh9,0,5000,4999.92,0.0,0.0,0.999984,0.7246083418107833,1.2884820512820512,1.4807866666666667,1.5061851851851429,0.6447927111245235,0.0,True
post,gin,4,3,gke-bench-apps-2978ac17-5dh9,1,10000,9999.96,0.0,0.0,0.999996,0.7239149659863946,1.2999497214071414,1.4854028057103295,1.9038794266441732,0.7236063583433927,0.0,True
post,gin,4,3,gke-bench-apps-2978ac17-5dh9,2,15000,15000.04,0.0,0.0,1.0000026666666666,0.7012634524321997,1.3502313780557862,1.916765275707898,3.353143356643394,0.8484256559924878,0.0,True
post,gin,4,3,gke-bench-apps-2978ac17-5dh9,3,20000,19997.08,0.0,0.0,0.999854,0.7648188723342098,1.6776981144514767,3.484813743637203,5.043111328124951,1.0513079286422051,0.0,True
post,gin,4,3,gke-bench-apps-2978ac17-5dh9,4,25000,25003.6,0.0,0.0,1.000144,0.7862260734609415,1.9264462283384303,4.032351067218856,6.026584821428645,1.2617049423149942,0.0,True
post,gin,4,3,gke-bench-apps-2978ac17-5dh9,5,30000,30002.2,0.0,0.0,1.0000733333333334,1.4780699491888267,5.310646752534941,8.879852255054425,13.559802227342452,1.3049689311700763,0.0,True
post,gin,4,3,gke-bench-apps-2978ac17-5dh9,6,35000,34998.44,0.0,0.0,0.9999554285714286,2.4291394142202845,6.798908143138913,12.076406776730924,18.791116803278655,1.551745653333334,0.0,True
post,gin,4,3,gke-bench-apps-2978ac17-5dh9,7,40000,40001.56,0.0,0.0,1.000039,2.6309694475274386,6.993752732837779,12.07775434399395,14.910904369176532,1.535451968762927,0.0,True
post,gin,4,3,gke-bench-apps-2978ac17-5dh9,8,45000,44995.4,0.0,0.0,0.9998977777777778,3.816761059100979,19.447063369397217,77.66905806887223,129.86226671850682,1.7465520743816039,0.03325768131455337,False
post,gin,4,3,gke-bench-apps-2978ac17-5dh9,9,50000,47010.48,1277.04,1277.04,0.6953792,865.118449985479,1307.9875701710246,1480.7987570171024,1498.07987570171,1.79159174675655,0.24869037916765704,False
post,gin,4,3,gke-bench-apps-2978ac17-5dh9,10,55000,45987.68,8981.12,8981.12,0.09769381818181819,1216.9258678915814,1443.3851735783162,1494.3385173578317,1499.433851735783,2.031003821355754,0.31445212889219076,False
post,gin,4,3,gke-bench-apps-2978ac17-5dh9,11,60000,45416.44,14553.52,14553.52,0.04806666666666667,1233.0482333014518,1446.6096466602903,1494.660964666029,1499.466096466603,1.9606716180165678,0.3470849217114416,False
post,gin,4,3,gke-bench-apps-2978ac17-5dh9,12,65000,45858.24,19116.36,19116.36,0.03312123076923077,1237.6852633178173,1447.5370526635634,1494.7537052663563,1499.4753705266357,2.123511381919299,0.2911768296603459,False
post,gin,4,3,gke-bench-apps-2978ac17-5dh9,13,70000,46210.76,23757.16,23757.16,0.023710285714285715,1240.6864127077617,1448.1372825415524,1494.8137282541554,1499.4813728254155,2.0415959140194384,0.32225217137083556,False
post,gin,4,3,gke-bench-apps-2978ac17-5dh9,14,75000,46864.52,28112.08,28112.08,0.019048533333333333,1242.139252062467,1448.4278504124934,1494.8427850412493,1499.4842785041249,2.069562867910792,0.3198722503894122,False
post,gin,4,3,gke-bench-apps-2978ac17-5dh9,15,80000,46764.4,33206.32,33206.32,0.0151145,1243.3643198894354,1448.6728639778871,1494.8672863977888,1499.486728639779,1.9739922572441522,0.34459459459459457,False
post,gin,4,3,gke-bench-apps-2978ac17-5dh9,16,85000,46763.56,38205.0,38205.0,0.012906352941176471,1243.9942872809227,1448.7988574561846,1494.8798857456184,1499.487988574562,1.9969267032244338,0.31788079470198677,False
post,gin,4,3,gke-bench-apps-2978ac17-5dh9,17,90000,46500.92,43467.56,43467.56,0.01102311111111111,1244.5500698325864,1448.9100139665175,1494.8910013966517,1499.489100139665,1.8963410857498744,0.2723346505553173,False
post,gin,4,3,gke-bench-apps-2978ac17-5dh9,18,95000,46632.44,48334.76,48334.76,0.009954105263157894,1244.8254200337954,1448.965084006759,1494.8965084006759,1499.4896508400677,1.8797186321873425,0.2823443941661925,False
post,gin,4,3,gke-bench-apps-2978ac17-5dh9,19,100000,46617.48,53348.48,53348.48,0.0089276,1245.118832876396,1449.0237665752793,1494.9023766575278,1499.4902376657528,1.836571865138679,0.3238344102958794,False
post,echo,4,3,gke-bench-apps-2978ac17-rd8n,0,5000,5000.68,0.0,0.0,1.000136,0.7176344621513945,1.2898540121146125,1.4812977268086844,1.7062142857142293,0.5851911328862558,0.0,True
post,echo,4,3,gke-bench-apps-2978ac17-rd8n,1,10000,9998.2,0.0,0.0,0.99982,0.7172361984626137,1.3000024625689521,1.4846618892829002,1.936978211009189,0.7123116058420009,0.0,True
post,echo,4,3,gke-bench-apps-2978ac17-rd8n,2,15000,14999.36,0.0,0.0,0.9999573333333334,0.6961965209214857,1.3386971868649056,1.8159147737277668,2.9313949579831977,0.7199375695199433,0.0,True
post,echo,4,3,gke-bench-apps-2978ac17-rd8n,3,20000,20000.96,0.0,0.0,1.000048,0.7675528020275979,1.6403906477379304,3.3828880675818387,5.196561797752877,0.9568629585470209,0.0,True
post,echo,4,3,gke-bench-apps-2978ac17-rd8n,4,25000,25001.32,0.0,0.0,1.0000528,0.7775059523809523,1.930746157154824,5.423646699944548,16.808617977527483,1.1806300059912345,0.0,True
post,echo,4,3,gke-bench-apps-2978ac17-rd8n,5,30000,30000.8,0.0,0.0,1.0000266666666666,1.521945476892094,5.38543601719654,8.935163516351642,13.705725190839662,1.3352715963793669,0.0,True
post,echo,4,3,gke-bench-apps-2978ac17-rd8n,6,35000,34998.44,0.0,0.0,0.9999554285714286,2.3919580536631906,6.666139044072005,11.691872555990052,17.37590607734801,1.4948078129368787,0.0,True
post,echo,4,3,gke-bench-apps-2978ac17-rd8n,7,40000,40001.8,0.0,0.0,1.000045,2.5709751538281798,6.782943314779052,11.637658000574563,14.86963336684859,1.7176974400000002,0.0,True
post,echo,4,3,gke-bench-apps-2978ac17-rd8n,8,45000,44998.84,0.0,0.0,0.9999742222222222,3.4839255696675386,8.987943399349039,52.34604054482109,75.04847586206962,1.8266877933333339,0.008157008681086143,False
post,echo,4,3,gke-bench-apps-2978ac17-rd8n,9,50000,46645.04,1601.36,1601.36,0.6073448,962.8334831659851,1356.721915737999,1485.6721915737999,1498.56721915738,1.8816962443667278,0.26715325724480526,False
post,echo,4,3,gke-bench-apps-2978ac17-rd8n,10,55000,46294.76,8649.76,8649.76,0.100136,1216.2426619279345,1443.2485323855867,1494.3248532385587,1499.4324853238559,2.0137341185797686,0.3708609271523179,False
post,echo,4,3,gke-bench-apps-2978ac17-rd8n,11,60000,46718.32,13227.8,13227.8,0.05489466666666667,1231.0379544885116,1446.2075908977024,1494.6207590897702,1499.4620759089769,2.0231192737637076,0.29305056111538724,False
post,echo,4,3,gke-bench-apps-2978ac17-rd8n,12,65000,46498.32,18447.6,18447.6,0.033259076923076926,1237.8100381446611,1447.5620076289322,1494.756200762893,1499.4756200762893,1.897320239999999,0.3018466206499679,False
post,echo,4,3,gke-bench-apps-2978ac17-rd8n,13,70000,46689.84,23258.56,23258.56,0.023728,1240.778362686347,1448.1556725372695,1494.8155672537268,1499.4815567253727,2.0664202917057706,0.31386924367901825,False
post,echo,4,3,gke-bench-apps-2978ac17-rd8n,14,75000,46758.88,28189.8,28189.8,0.018329066666666668,1242.4275408622382,1448.4855081724477,1494.8485508172448,1499.4848550817244,1.9804331743332264,0.3140593042648066,False
post,echo,4,3,gke-bench-apps-2978ac17-rd8n,15,80000,46421.16,33526.04,33526.04,0.0141705,1243.7419845467361,1448.7483969093473,1494.8748396909348,1499.4874839690935,1.9521979932193334,0.30363704132028385,False
post,echo,4,3,gke-bench-apps-2978ac17-rd8n,16,85000,46224.44,38719.6,38719.6,0.011824470588235294,1244.4433092374593,1448.888661847492,1494.8888661847493,1499.488886618475,1.9332306648124222,0.3781425223142291,False
post,echo,4,3,gke-bench-apps-2978ac17-rd8n,17,90000,46749.92,43193.92,43193.92,0.010443111111111111,1244.870775052805,1448.974155010561,1494.8974155010562,1499.4897415501057,2.067155466666668,0.3540162547761161,False
post,echo,4,3,gke-bench-apps-2978ac17-rd8n,18,95000,46374.48,48568.96,48568.96,0.009275789473684211,1245.1575265621648,1449.031505312433,1494.9031505312432,1499.4903150531243,1.8714838270344538,0.29380794225327983,False
post,echo,4,3,gke-bench-apps-2978ac17-rd8n,19,100000,46087.12,53855.36,53855.36,0.0082608,1245.4371353375884,1449.0874270675179,1494.9087427067518,1499.4908742706752,1.9702803881416988,0.3205574912891986,False
get,echo,5,1,gke-bench-apps-2978ac17-5dh9,0,5000,4999.96,0.0,0.0,0.999992,0.7177279936558287,1.2790885147880557,1.4792862227284052,1.4993059935224404,0.557758158660993,0.0,True
get,echo,5,1,gke-bench-apps-2978ac17-5dh9,1,10000,9999.76,0.0,0.0,0.999976,0.7198234894772573,1.2969308566564863,1.484679817753968,1.9394968152866179,0.677211662831386,0.0,True
get,echo,5,1,gke-bench-apps-2978ac17-5dh9,2,15000,15000.36,0.0,0.0,1.000024,0.6881424644983967,1.328111915960779,1.7067720940854048,2.4999944237918093,0.7419691875795562,0.0,True
get,echo,5,1,gke-bench-apps-2978ac17-5dh9,3,20000,20000.92,0.0,0.0,1.000046,0.7239067103109657,1.4736035440359694,2.907415164989471,4.489667010309292,0.8396984866430844,0.0,True
get,echo,5,1,gke-bench-apps-2978ac17-5dh9,4,25000,24998.36,0.0,0.0,0.9999344,0.7107951205173428,1.5677402241142824,3.3455556912555,5.569886627906884,1.042153581199019,0.0,True
get,echo,5,1,gke-bench-apps-2978ac17-5dh9,5,30000,29999.0,0.0,0.0,0.9999666666666667,1.2160319461012703,4.018655688952528,7.341965326340326,13.786833333333488,1.1806791448034042,0.0,True
get,echo,5,1,gke-bench-apps-2978ac17-5dh9,6,35000,35000.08,0.0,0.0,1.0000022857142856,1.7761368465788354,5.302778528151894,8.520520523497915,12.473861788617947,1.2881352630682246,0.0,True
get,echo,5,1,gke-bench-apps-2978ac17-5dh9,7,40000,39997.28,0.0,0.0,0.999932,1.7781842902810645,5.282568039078856,8.393707817172142,12.543164619164545,1.5577920830161944,0.0,True
get,echo,5,1,gke-bench-apps-2978ac17-5dh9,8,45000,45000.04,0.0,0.0,1.000000888888889,1.875445708654363,5.448501030809758,8.651953054806828,13.576217987804984,1.63482602,0.0,True
get,echo,5,1,gke-bench-apps-2978ac17-5dh9,9,50000,49994.8,0.0,0.0,0.999896,3.5761867327810366,8.179087434750187,38.2397473073737,57.92819264069204,1.8948933354224657,0.004984288023253233,True
get,echo,5,1,gke-bench-apps-2978ac17-5dh9,10,55000,53700.24,0.04,0.04,0.976357090909091,306.4329652894281,637.359951811376,803.6199532866198,898.3526356589141,1.9845866697840029,0.33788898960854197,False
get,echo,5,1,gke-bench-apps-2978ac17-5dh9,11,60000,52449.2,7228.92,7228.92,0.16877866666666666,1190.1811992113885,1438.0362398422776,1493.8036239842277,1499.3803623984227,1.973585672743466,0.345691991177726,False
get,echo,5,1,gke-bench-apps-2978ac17-5dh9,12,65000,53462.08,11533.64,11533.64,0.07344984615384616,1225.4854600245153,1445.097092004903,1494.5097092004903,1499.4509709200493,1.8881484494042495,0.31148335263643867,False
get,echo,5,1,gke-bench-apps-2978ac17-5dh9,13,70000,54055.4,15942.32,15942.32,0.046888571428571425,1233.8389150181592,1446.7677830036318,1494.6767783003631,1499.467677830036,2.017002353333333,0.30039680571297056,False
get,echo,5,1,gke-bench-apps-2978ac17-5dh9,14,75000,54494.88,20494.88,20494.88,0.03164586666666667,1238.6158172145665,1447.7231634429133,1494.7723163442913,1499.4772316344292,1.9166468473176428,0.2965966644555238,False
get,echo,5,1,gke-bench-apps-2978ac17-5dh9,15,80000,54808.68,25183.4,25183.4,0.0228825,1241.3615215953466,1448.2723043190692,1494.827230431907,1499.4827230431906,1.9884375461272468,0.31316725978647686,False
get,echo,5,1,gke-bench-apps-2978ac17-5dh9,16,85000,54611.8,30380.68,30380.68,0.017099764705882353,1243.1643814176218,1448.6328762835244,1494.8632876283525,1499.4863287628352,2.0528632787279957,0.2908859423034315,False
get,echo,5,1,gke-bench-apps-2978ac17-5dh9,17,90000,54344.16,35651.84,35651.84,0.013343111111111111,1244.3507438758015,1448.8701487751603,1494.8870148775159,1499.4887014877515,2.0543466520985034,0.36624555425017935,False
get,echo,5,1,gke-bench-apps-2978ac17-5dh9,18,95000,54544.16,40449.84,40449.84,0.011290947368421053,1244.9849938808545,1448.996998776171,1494.899699877617,1499.4899699877617,2.102208773456463,0.33920310969980566,False
get,echo,5,1,gke-bench-apps-2978ac17-5dh9,19,100000,54136.92,45854.2,45854.2,0.0095472,1245.5120322213072,1449.1024064442615,1494.910240644426,1499.4910240644426,2.0287002711528808,0.32561753948710775,False
get,gin,5,1,gke-bench-apps-2978ac17-rd8n,0,5000,5000.36,0.0,0.0,1.000072,0.7178272532188842,1.2923857953210487,1.4812021280166483,1.5519895833332764,0.5594657832448152,0.0,True
get,gin,5,1,gke-bench-apps-2978ac17-rd8n,1,10000,9997.64,0.0,0.0,0.999764,0.7156514550264551,1.2989540576628258,1.4843610602838635,1.9378843283582194,0.6709560128489097,0.0,True
get,gin,5,1,gke-bench-apps-2978ac17-rd8n,2,15000,14999.2,0.0,0.0,0.9999466666666667,0.687526607066837,1.3269793162120487,1.644625329183626,2.361871657754027,0.7448892791909814,0.0,True
get,gin,5,1,gke-bench-apps-2978ac17-rd8n,3,20000,19999.28,0.0,0.0,0.999964,0.7406981192221869,1.4997758848530303,3.458796858264904,9.458708333332954,0.8732544617979128,0.0,True
get,gin,5,1,gke-bench-apps-2978ac17-rd8n,4,25000,24997.64,0.0,0.0,0.9999056,0.7334686495176849,1.7126895036693708,3.886849726063132,5.794366033755283,1.0935336157031654,0.0,True
get,gin,5,1,gke-bench-apps-2978ac17-rd8n,5,30000,30000.84,0.0,0.0,1.000028,1.262662993783761,4.251188134189274,7.983770707831333,19.066818181818583,1.2431472900531109,0.0,True
get,gin,5,1,gke-bench-apps-2978ac17-rd8n,6,35000,35002.16,0.0,0.0,1.0000617142857142,2.0028442465838125,5.730019402733254,8.985245207866562,13.729007924860575,1.4111601315882065,0.0,True
get,gin,5,1,gke-bench-apps-2978ac17-rd8n,7,40000,39993.52,0.0,0.0,0.999838,2.0033728374160096,5.79231088787341,9.822911685306595,26.692481536189153,1.5221211199085076,0.0,True
get,gin,5,1,gke-bench-apps-2978ac17-rd8n,8,45000,45001.12,0.0,0.0,1.000024888888889,2.2313750882976215,6.179460523589142,10.064943695772556,14.737849363116146,1.7667895533333335,0.0,True
get,gin,5,1,gke-bench-apps-2978ac17-rd8n,9,50000,49942.6,0.0,0.0,0.998852,5.196991920127631,29.46394889497847,62.91828478964409,84.6544953596291,1.8208966933333337,0.04361706120655244,False
get,gin,5,1,gke-bench-apps-2978ac17-rd8n,10,55000,51028.4,1945.52,1945.52,0.6218145454545455,884.2789737540548,1348.3878635180586,1484.8387863518058,1498.4838786351806,1.9113902466666666,0.28506232369431617,False
get,gin,5,1,gke-bench-apps-2978ac17-rd8n,11,60000,51369.28,8585.92,8585.92,0.10683933333333333,1214.3543483695782,1442.8708696739156,1494.2870869673914,1499.428708696739,1.902049379413416,0.3253424657534247,False
get,gin,5,1,gke-bench-apps-2978ac17-rd8n,12,65000,51034.44,13922.32,13922.32,0.05139138461538462,1232.4902503459555,1446.498050069191,1494.649805006919,1499.4649805006918,2.0474076221277007,0.37337662337662336,False
get,gin,5,1,gke-bench-apps-2978ac17-rd8n,13,70000,50668.76,19289.4,19289.4,0.031423428571428574,1238.654425745712,1447.7308851491423,1494.7730885149142,1499.4773088514914,1.984261755732514,0.30664134766834233,False
get,gin,5,1,gke-bench-apps-2978ac17-rd8n,14,75000,50932.48,24025.28,24025.28,0.0215664,1241.8002636114772,1448.3600527222954,1494.8360052722296,1499.483600527223,2.069678722568622,0.32751938443152023,False
get,gin,5,1,gke-bench-apps-2978ac17-rd8n,15,80000,50857.72,29102.96,29102.96,0.0167065,1243.2527887046356,1448.650557740927,1494.8650557740928,1499.4865055774094,1.9685584133333327,0.3882742556963825,False
get,gin,5,1,gke-bench-apps-2978ac17-rd8n,16,85000,51155.2,33803.44,33803.44,0.013164705882352941,1244.409047849357,1448.8818095698714,1494.888180956987,1499.4888180956987,2.0884732381250455,0.32618043996758767,False
get,gin,5,1,gke-bench-apps-2978ac17-rd8n,17,90000,50851.72,39107.32,39107.32,0.010765333333333333,1245.1442219408518,1449.0288443881702,1494.902884438817,1499.4902884438816,1.9132534254394764,0.37728290577833584,False
get,gin,5,1,gke-bench-apps-2978ac17-rd8n,18,95000,50867.64,44092.48,44092.48,0.009313684210526316,1245.5744811619347,1449.114896232387,1494.9114896232388,1499.4911489623237,1.9374341636676908,0.3450139823127664,False
get,gin,5,1,gke-bench-apps-2978ac17-rd8n,19,100000,50672.6,49286.08,49286.08,0.0081424,1245.9172343414425,1449.1834468682885,1494.9183446868287,1499.491834468683,1.7929495957189627,0.33235405129928786,False
post,echo,5,1,gke-bench-apps-2978ac17-5dh9,0,5000,4999.92,0.0,0.0,0.999984,0.7215333333333334,1.2832738595018192,1.4800591239854466,1.499737650433809,0.6222711001525391,0.0,True
post,echo,5,1,gke-bench-apps-2978ac17-5dh9,1,10000,10000.0,0.0,0.0,1.0,0.7213121845710166,1.2990642596886386,1.485384233189798,1.9708737864077672,0.715464479695432,0.0,True
post,echo,5,1,gke-bench-apps-2978ac17-5dh9,2,15000,14999.56,0.0,0.0,0.9999706666666667,0.690913739439751,1.3335161393077088,1.7475771700849376,2.635110248447203,0.8046537733333329,0.0,True
post,echo,5,1,gke-bench-apps-2978ac17-5dh9,3,20000,19999.76,0.0,0.0,0.999988,0.7556429608127722,1.6579152975538525,4.074070876874148,6.098011999999987,1.009366661559991,0.0,True
post,echo,5,1,gke-bench-apps-2978ac17-5dh9,4,25000,25001.4,0.0,0.0,1.000056,0.7733262393590385,1.9459572710103872,4.87213996259352,7.290550541516187,1.153084486318553,0.0,True
post,echo,5,1,gke-bench-apps-2978ac17-5dh9,5,30000,29999.96,0.0,0.0,0.9999986666666667,1.4350942489588778,5.1064634648168825,8.659721557909124,13.039433187294762,1.3197922532418094,0.0,True
post,echo,5,1,gke-bench-apps-2978ac17-5dh9,6,35000,35001.12,0.0,0.0,1.000032,2.3302956662616445,6.638012917010636,12.798274960794553,23.259593639575755,1.5169035362436534,0.0,True
post,echo,5,1,gke-bench-apps-2978ac17-5dh9,7,40000,40000.12,0.0,0.0,1.000003,2.4391176216278536,6.56695183150907,10.781634230629308,14.874043743179325,1.6707457866666664,0.0,True
post,echo,5,1,gke-bench-apps-2978ac17-5dh9,8,45000,44999.8,0.0,0.0,0.9999955555555555,2.8588531500759053,7.332326529140219,13.195645786813971,17.28023226773199,1.7124254694277987,0.00303951367781155,True
post,echo,5,1,gke-bench-apps-2978ac17-5dh9,9,50000,48467.12,16.76,16.76,0.9643208,469.13896791999593,788.4280453462343,979.380764070334,1403.4827146726086,1.8438714204299338,0.26440677966101694,False
post,echo,5,1,gke-bench-apps-2978ac17-5dh9,10,55000,48330.48,6648.64,6648.64,0.14897163636363636,1198.9658430218074,1439.7931686043614,1493.979316860436,1499.3979316860434,1.929336399619439,0.28149742572040115,False
post,echo,5,1,gke-bench-apps-2978ac17-5dh9,11,60000,48552.44,11443.92,11443.92,0.07053266666666666,1226.1286430110865,1445.2257286022175,1494.5225728602215,1499.4522572860221,1.8709002533333325,0.30912458404311965,False
post,echo,5,1,gke-bench-apps-2978ac17-5dh9,12,65000,48377.92,16626.48,16626.48,0.04085292307692308,1235.4806650907824,1447.0961330181565,1494.7096133018156,1499.4709613301816,2.0186333043418943,0.32760498825154316,False
post,echo,5,1,gke-bench-apps-2978ac17-5dh9,13,70000,47832.76,22165.24,22165.24,0.026436571428571427,1239.9387154159654,1447.9877430831932,1494.7987743083193,1499.479877430832,2.134545959669011,0.336195258782526,False
post,echo,5,1,gke-bench-apps-2978ac17-5dh9,14,75000,48023.12,26976.6,26976.6,0.019783466666666666,1242.0295423056957,1448.4059084611392,1494.840590846114,1499.4840590846115,2.0399797262367323,0.32991467319921103,False
post,echo,5,1,gke-bench-apps-2978ac17-5dh9,15,80000,48525.4,31476.76,31476.76,0.0161455,1243.1635762217531,1448.6327152443507,1494.863271524435,1499.4863271524434,1.9943008631622616,0.35348229533549685,False
post,echo,5,1,gke-bench-apps-2978ac17-5dh9,16,85000,48082.96,36920.88,36920.88,0.013161411764705882,1244.0448307052345,1448.8089661410468,1494.8808966141048,1499.4880896614104,2.083019720498566,0.2716591015142686,False
post,echo,5,1,gke-bench-apps-2978ac17-5dh9,17,90000,48622.28,41378.48,41378.48,0.01141911111111111,1244.6016939751096,1448.920338795022,1494.8920338795022,1499.48920338795,1.904976705602262,0.296945835545688,False
post,echo,5,1,gke-bench-apps-2978ac17-5dh9,18,95000,48671.96,46327.48,46327.48,0.010194105263157895,1244.9246931882594,1448.9849386376518,1494.8984938637652,1499.4898493863764,1.8542494161036474,0.2575159818514055,False
post,echo,5,1,gke-bench-apps-2978ac17-5dh9,19,100000,48568.32,51428.4,51428.4,0.0088936,1245.3367271433772,1449.0673454286753,1494.9067345428675,1499.4906734542867,1.9336414499069279,0.3020680527177321,False
post,gin,5,1,gke-bench-apps-2978ac17-rd8n,0,5000,4999.96,0.0,0.0,0.999992,0.723655303030303,1.30219323578488,1.4826885188037477,1.6949194915254402,0.5980830420580017,0.0,True
post,gin,5,1,gke-bench-apps-2978ac17-rd8n,1,10000,10000.12,0.0,0.0,1.000012,0.7239512323020452,1.3145219473512355,1.4894498001959169,2.044294303797478,0.7087542482101696,0.0,True
post,gin,5,1,gke-bench-apps-2978ac17-rd8n,2,15000,14999.88,0.0,0.0,0.999992,0.7126421608448417,1.363168775196676,1.9003126735532585,2.7082388235294426,0.8456141785681348,0.0,True
post,gin,5,1,gke-bench-apps-2978ac17-rd8n,3,20000,19997.2,0.0,0.0,0.99986,0.8027697368421053,1.8625785681434923,4.332087951376477,6.404873015873027,1.0963655904425453,0.0,True
post,gin,5,1,gke-bench-apps-2978ac17-rd8n,4,25000,25001.52,0.0,0.0,1.0000608,0.8243324491600353,2.1468455214193005,4.868668910648714,7.1727613168723074,1.245792463208539,0.0,True
post,gin,5,1,gke-bench-apps-2978ac17-rd8n,5,30000,29999.72,0.0,0.0,0.9999906666666667,1.7039830905818474,5.882258517935457,9.581908323743757,14.375724818077348,1.4131487386998265,0.0,True
post,gin,5,1,gke-bench-apps-2978ac17-rd8n,6,35000,34998.96,0.0,0.0,0.9999702857142857,2.8479149786127493,7.628009758311585,23.75526590198128,61.178444108760985,1.6679323999999998,0.004029547866316065,True
post,gin,5,1,gke-bench-apps-2978ac17-rd8n,7,40000,39998.08,0.0,0.0,0.999952,3.1853457409238595,7.904517079937577,14.29826323102185,30.748976377951802,1.776825122155739,0.0050873386442945355,True
post,gin,5,1,gke-bench-apps-2978ac17-rd8n,8,45000,44067.92,0.0,0.0,0.9792871111111111,279.72138994101795,526.1168143505513,697.6934197013982,799.4611716109634,1.8466214578510092,0.24085472223448484,False
post,gin,5,1,gke-bench-apps-2978ac17-rd8n,9,50000,45202.72,4311.08,4311.08,0.2723944,1142.1910521483076,1428.4382104296615,1492.8438210429663,1499.2843821042968,1.9929812501247959,0.3219133497898535,False
post,gin,5,1,gke-bench-apps-2978ac17-rd8n,10,55000,45269.64,9693.76,9693.76,0.08411854545454546,1221.5418009247321,1444.3083601849464,1494.4308360184948,1499.4430836018496,1.9303194729964677,0.34301459146849744,False
post,gin,5,1,gke-bench-apps-2978ac17-rd8n,11,60000,45271.16,14695.64,14695.64,0.046095333333333335,1233.7331409814838,1446.7466281962968,1494.6746628196297,1499.467466281963,1.9751913600000004,0.3596626708204197,False
post,gin,5,1,gke-bench-apps-2978ac17-rd8n,12,65000,44988.32,19976.92,19976.92,0.028694769230769232,1239.1870169069243,1447.837403381385,1494.7837403381384,1499.4783740338137,1.9425346609411387,0.3009352890412427,False
post,gin,5,1,gke-bench-apps-2978ac17-rd8n,13,70000,45197.08,24768.6,24768.6,0.021152,1241.5327048588588,1448.3065409717717,1494.830654097177,1499.4830654097177,1.9747853762550995,0.3188510164734649,False
post,gin,5,1,gke-bench-apps-2978ac17-rd8n,14,75000,45423.96,29539.28,29539.28,0.01678026666666667,1242.8761040306629,1448.5752208061324,1494.8575220806133,1499.4857522080613,1.9629246775820153,0.328910780115466,False
post,gin,5,1,gke-bench-apps-2978ac17-rd8n,15,80000,44943.72,35021.96,35021.96,0.0133245,1243.9265359033825,1448.7853071806765,1494.8785307180676,1499.4878530718067,1.999457312045318,0.3667539031118051,False
post,gin,5,1,gke-bench-apps-2978ac17-rd8n,16,85000,44098.72,40866.64,40866.64,0.011194823529411764,1244.4865432626389,1448.897308652528,1494.889730865253,1499.4889730865252,1.986735219999999,0.28765073654752993,False
post,gin,5,1,gke-bench-apps-2978ac17-rd8n,17,90000,44575.08,45389.32,45389.32,0.009978222222222222,1244.8597707170632,1448.9719541434126,1494.8971954143412,1499.4897195414342,2.012134892834888,0.3082398953938121,False
post,gin,5,1,gke-bench-apps-2978ac17-rd8n,18,95000,44612.32,50355.04,50355.04,0.00883578947368421,1245.205940110918,1449.0411880221836,1494.9041188022184,1499.490411880222,1.9872004892288904,0.3277828389931005,False
post,gin,5,1,gke-bench-apps-2978ac17-rd8n,19,100000,44525.96,55438.56,55438.56,0.0080064,1245.4223319577764,1449.0844663915552,1494.9084466391555,1499.4908446639154,1.9844589750273598,0.32537722741598396,False
get,fiber,5,2,gke-bench-apps-2978ac17-5dh9,0,5000,5000.04,0.0,0.0,1.000008,0.6879720496894409,1.257875522236539,1.4775094685877166,1.4994728632228338,0.33127884206408553,0.0,True
get,fiber,5,2,gke-bench-apps-2978ac17-5dh9,1,10000,9999.92,0.0,0.0,0.999992,0.7055660824253909,1.2758330625654357,1.4789073612765802,1.4992147911476952,0.3871322579463923,0.0,True
get,fiber,5,2,gke-bench-apps-2978ac17-5dh9,2,15000,15000.56,0.0,0.0,1.0000373333333332,0.6741151079136691,1.2920694067206897,1.4814746683427236,1.6066080691642295,0.4255389969927078,0.0,True
get,fiber,5,2,gke-bench-apps-2978ac17-5dh9,3,20000,19998.92,0.0,0.0,0.999946,0.672245748582861,1.3515994128227258,1.8306157258064524,2.296066336633665,0.5223181199075114,0.0,True
get,fiber,5,2,gke-bench-apps-2978ac17-5dh9,4,25000,24998.76,0.0,0.0,0.9999504,0.6624932401982875,1.3678778342714948,1.8763108633653083,2.401330357142838,0.715903150084781,0.0,True
get,fiber,5,2,gke-bench-apps-2978ac17-5dh9,5,30000,30000.44,0.0,0.0,1.0000146666666667,0.6862784160351992,1.4841026829361201,2.8911373080397484,5.423285037878734,0.8043374487705864,0.0,True
get,fiber,5,2,gke-bench-apps-2978ac17-5dh9,6,35000,35001.6,0.0,0.0,1.0000457142857142,0.8632204762676171,2.1645012042083915,3.9318516570226176,6.084396782841773,0.9301953276741503,0.0,True
get,fiber,5,2,gke-bench-apps-2978ac17-5dh9,7,40000,40003.08,0.0,0.0,1.000077,0.8586941803514837,2.112565163191297,3.8383531083920395,5.31613602941174,1.0582312735172978,0.0,True
get,fiber,5,2,gke-bench-apps-2978ac17-5dh9,8,45000,45001.88,0.0,0.0,1.0000417777777777,0.872904907549006,2.205841219260976,4.3578123595505645,9.253019999999864,1.2326016644519542,0.0,True
get,fiber,5,2,gke-bench-apps-2978ac17-5dh9,9,50000,49998.96,0.0,0.0,0.9999792,1.3200443453150403,3.2783715458916025,4.993433147632313,7.42004156171289,1.2371665489029973,0.0,True
get,fiber,5,2,gke-bench-apps-2978ac17-5dh9,10,55000,54998.08,0.0,0.0,0.9999650909090909,1.2951807460483424,3.239804713146242,5.038330278965586,8.235111111111042,1.3390292768997372,0.0,True
get,fiber,5,2,gke-bench-apps-2978ac17-5dh9,11,60000,60000.0,0.0,0.0,1.0,1.3031430483422803,3.1939964862597026,4.950217997283969,7.2215843857634905,1.415803279550785,0.0,True
get,fiber,5,2,gke-bench-apps-2978ac17-5dh9,12,65000,65000.08,0.0,0.0,1.0000012307692308,1.4703907777290783,3.389601094096273,5.336824388265511,7.874565317919021,1.6074983812038128,0.0,True
get,fiber,5,2,gke-bench-apps-2978ac17-5dh9,13,70000,70000.28,0.0,0.0,1.000004,2.000319669651778,3.9187339015793405,6.1775489208633045,9.105024408284034,1.6531882395906583,0.0,True
get,fiber,5,2,gke-bench-apps-2978ac17-5dh9,14,75000,74999.56,0.0,0.0,0.9999941333333333,2.163937485664241,4.221167888230361,9.25192498095961,26.5289341205716,1.7359289397583377,0.0,True
get,fiber,5,2,gke-bench-apps-2978ac17-5dh9,15,80000,79999.96,0.0,0.0,0.9999995,2.286099083782788,5.050023110700256,13.263614096916301,22.152718165627633,1.7331222760066085,0.002982539924025414,True
get,fiber,5,2,gke-bench-apps-2978ac17-5dh9,16,85000,83225.76,0.0,0.0,0.9791265882352941,161.65809857386762,446.7141437562107,596.6810714092068,681.5270364500778,1.8642478256874169,0.21571327724257586,False
get,fiber,5,2,gke-bench-apps-2978ac17-5dh9,17,90000,82460.4,7124.2,7124.2,0.19378266666666666,1182.941976586882,1436.5883953173764,1493.6588395317376,1499.3658839531738,1.723077028534898,0.4659928801008605,False
get,fiber,5,2,gke-bench-apps-2978ac17-5dh9,18,95000,84098.6,10904.2,10904.2,0.09956126315789474,1218.3203224853926,1443.6640644970785,1494.366406449708,1499.4366406449708,1.7171130782800683,0.36492613938327173,False
get,fiber,5,2,gke-bench-apps-2978ac17-5dh9,19,100000,84505.88,15496.48,15496.48,0.05133,1233.8326390575721,1446.7665278115144,1494.6766527811515,1499.4676652781152,1.7160051498870492,0.2945565278097111,False
get,fasthttp,5,2,gke-bench-apps-2978ac17-rd8n,0,5000,4999.92,0.0,0.0,0.999984,0.6999488304093567,1.2716692415213713,1.478573898330023,1.499264364010888,0.3195606467918672,0.0,True
get,fasthttp,5,2,gke-bench-apps-2978ac17-rd8n,1,10000,10000.08,0.0,0.0,1.000008,0.7060867178924259,1.2895323545405115,1.4807043569874934,1.4998215572321916,0.3775175959521387,0.0,True
get,fasthttp,5,2,gke-bench-apps-2978ac17-rd8n,2,15000,15000.16,0.0,0.0,1.0000106666666666,0.6825538623226486,1.3033700255842455,1.484772859200654,1.870215846994525,0.4346787813660013,0.0,True
get,fasthttp,5,2,gke-bench-apps-2978ac17-rd8n,3,20000,20000.4,0.0,0.0,1.00002,0.6804251771571489,1.367985369140437,1.8758443739503645,2.3346442687746976,0.5576437039097545,0.0,True
get,fasthttp,5,2,gke-bench-apps-2978ac17-rd8n,4,25000,25001.56,0.0,0.0,1.0000624,0.6682129403944161,1.3896613376876534,1.9185542333737815,2.4566316281971337,0.6869695370072545,0.0,True
get,fasthttp,5,2,gke-bench-apps-2978ac17-rd8n,5,30000,30000.12,0.0,0.0,1.000004,0.6936309264897781,1.4992092558151386,2.932312635620095,5.8399150197627945,0.8289109985915464,0.0,True
get,fasthttp,5,2,gke-bench-apps-2978ac17-rd8n,6,35000,34997.92,0.0,0.0,0.9999405714285714,0.8945810249307479,2.291187247735432,4.100262087663807,6.068643391521228,0.9218422861543496,0.0,True
get,fasthttp,5,2,gke-bench-apps-2978ac17-rd8n,7,40000,39996.72,0.0,0.0,0.999918,0.8723613569321534,2.2548960965296763,4.097502066115697,5.841189714285744,1.1352943453226552,0.0,True
get,fasthttp,5,2,gke-bench-apps-2978ac17-rd8n,8,45000,44999.12,0.0,0.0,0.9999804444444444,0.9107887323943662,2.3338137042198888,4.451209531635166,8.152604519774332,1.2320902139554377,0.0,True
get,fasthttp,5,2,gke-bench-apps-2978ac17-rd8n,9,50000,50000.68,0.0,0.0,1.0000136,1.4498368848959589,3.4845190067958605,5.17580627188794,7.480780080889791,1.269207976326079,0.0,True
get,fasthttp,5,2,gke-bench-apps-2978ac17-rd8n,10,55000,54997.44,0.0,0.0,0.9999534545454546,1.4394261837983238,3.511617666317445,5.726560376372177,15.715063957863103,1.3639503800000001,0.0,True
get,fasthttp,5,2,gke-bench-apps-2978ac17-rd8n,11,60000,60001.64,0.0,0.0,1.0000273333333334,1.3798767218557904,3.3838816286228734,5.344051543855337,7.838572514619901,1.4857367820317469,0.0,True
get,fasthttp,5,2,gke-bench-apps-2978ac17-rd8n,12,65000,64999.6,0.0,0.0,0.9999938461538461,1.5833095838194562,3.550038840831589,5.65299754299755,8.480815565031989,1.5286617652658296,0.0,True
get,fasthttp,5,2,gke-bench-apps-2978ac17-rd8n,13,70000,70001.92,0.0,0.0,1.0000274285714286,2.149485550298016,4.152963655194581,7.253400000000002,17.999560595322553,1.647636446530827,0.0,True
get,fasthttp,5,2,gke-bench-apps-2978ac17-rd8n,14,75000,74998.88,0.0,0.0,0.9999850666666666,2.3381899119122806,4.693062290190229,27.480160320641303,44.042676450034826,1.777075604467513,0.0019022532995985031,True
get,fasthttp,5,2,gke-bench-apps-2978ac17-rd8n,15,80000,80063.72,0.0,0.0,1.0007965,3.5885420513415704,46.357547328262584,80.54656213095399,113.35421091175192,1.9100911220123302,0.10801130115661034,False
get,fasthttp,5,2,gke-bench-apps-2978ac17-rd8n,16,85000,81094.92,775.4,775.4,0.8555294117647059,493.9505334872686,1015.8465991316932,1451.5846599131694,1495.1584659913171,1.9442896797816975,0.2909130560061928,False
get,fasthttp,5,2,gke-bench-apps-2978ac17-rd8n,17,90000,81924.0,8073.56,8073.56,0.1585582222222222,1197.267380260905,1439.453476052181,1493.945347605218,1499.3945347605218,2.0233816367290314,0.4181621390370966,False
get,fasthttp,5,2,gke-bench-apps-2978ac17-rd8n,18,95000,81264.04,13738.96,13738.96,0.06231326315789474,1230.3576329881976,1446.0715265976396,1494.6071526597639,1499.4607152659764,2.0572634677948867,0.4216796925427259,False
get,fasthttp,5,2,gke-bench-apps-2978ac17-rd8n,19,100000,82192.0,17809.96,17809.96,0.0333324,1239.4328797460169,1447.8865759492035,1494.7886575949203,1499.478865759492,2.1654528181377852,0.4289236421437563,False
post,fiber,5,2,gke-bench-apps-2978ac17-5dh9,0,5000,5000.04,0.0,0.0,1.000008,0.6906155433287482,1.2570745324639834,1.476691328622184,1.498653008238004,0.32394382566577634,0.0,True
post,fiber,5,2,gke-bench-apps-2978ac17-5dh9,1,10000,10000.0,0.0,0.0,1.0,0.7118273092369478,1.280805183768855,1.4799766305502444,1.4998937752283832,0.4141508698964856,0.0,True
post,fiber,5,2,gke-bench-apps-2978ac17-5dh9,2,15000,15000.08,0.0,0.0,1.0000053333333334,0.6773626893939394,1.2990673083291022,1.4853306916267468,1.9377277167277298,0.4762226005422114,0.0,True
post,fiber,5,2,gke-bench-apps-2978ac17-5dh9,3,20000,20001.76,0.0,0.0,1.000088,0.6712062992125984,1.359821179558691,1.8703071765752204,2.403274175199093,0.6286704835191411,0.0,True
post,fiber,5,2,gke-bench-apps-2978ac17-5dh9,4,25000,24997.68,0.0,0.0,0.9999072,0.6581547889241943,1.3846468989310265,1.931148682042833,2.653755218216282,0.7623475426795221,0.0,True
post,fiber,5,2,gke-bench-apps-2978ac17-5dh9,5,30000,30000.56,0.0,0.0,1.0000186666666666,0.748731137088204,1.7038322500547725,3.4627193396226397,6.8943663793104175,0.9312939162367115,0.0,True
post,fiber,5,2,gke-bench-apps-2978ac17-5dh9,6,35000,35001.56,0.0,0.0,1.0000445714285715,0.9591387295985885,2.635889909705952,4.796171341244156,6.785256006006013,0.9923041327819874,0.0,True
post,fiber,5,2,gke-bench-apps-2978ac17-5dh9,7,40000,40001.36,0.0,0.0,1.000034,0.9399095652173913,2.5588376344341297,4.689917612596122,6.725047008547018,1.1954117662354724,0.0,True
post,fiber,5,2,gke-bench-apps-2978ac17-5dh9,8,45000,45002.24,0.0,0.0,1.0000497777777777,0.9725121206679835,2.621125516798459,4.701040903540899,6.745636887607998,1.1758145354888567,0.0,True
post,fiber,5,2,gke-bench-apps-2978ac17-5dh9,9,50000,50000.36,0.0,0.0,1.0000072,1.523537066802967,3.795992445849072,5.79238262559808,8.172720454545395,1.3347365600000005,0.0,True
post,fiber,5,2,gke-bench-apps-2978ac17-5dh9,10,55000,54999.44,0.0,0.0,0.9999898181818182,1.5042335089716359,3.7655544065599567,5.785433517602553,9.661240437158378,1.4843219818081737,0.0,True
post,fiber,5,2,gke-bench-apps-2978ac17-5dh9,11,60000,60002.12,0.0,0.0,1.0000353333333334,1.5852169239892413,3.9634563586888962,16.01242294291071,41.02230147575519,1.634187084745175,0.0,True
post,fiber,5,2,gke-bench-apps-2978ac17-5dh9,12,65000,65001.92,0.0,0.0,1.0000295384615385,1.8304681006846877,4.122141855722661,6.930055034954635,11.310960322024291,1.6353914800000007,0.0,True
post,fiber,5,2,gke-bench-apps-2978ac17-5dh9,13,70000,70005.04,0.0,0.0,1.000072,2.6030112094139572,5.469140858288544,14.70247691690084,28.310986739469712,1.7366686323426015,0.003389830508474576,True
post,fiber,5,2,gke-bench-apps-2978ac17-5dh9,14,75000,74939.24,0.0,0.0,0.9991898666666666,10.81853230148997,129.06372405360864,183.34844158268004,199.08316442702508,1.8261215570175393,0.13357400722021662,False
post,fiber,5,2,gke-bench-apps-2978ac17-5dh9,15,80000,75617.24,1723.76,1723.76,0.6963385,722.477733355973,1310.103886658872,1481.0103886658871,1498.1010388665889,1.8353278425769197,0.35220228573085244,False
post,fiber,5,2,gke-bench-apps-2978ac17-5dh9,16,85000,75644.76,9334.8,9334.8,0.11199576470588235,1214.0089878097765,1442.8017975619555,1494.2801797561956,1499.4280179756197,1.9115629175874438,0.31786367239436136,False
post,fiber,5,2,gke-bench-apps-2978ac17-5dh9,17,90000,75555.0,14419.48,14419.48,0.04849911111111111,1234.6716003128527,1446.9343200625704,1494.6934320062571,1499.4693432006256,1.983037668588419,0.32760881712488316,False
post,fiber,5,2,gke-bench-apps-2978ac17-5dh9,18,95000,75374.48,19599.4,19599.4,0.022592,1242.672772143643,1448.5345544287286,1494.8534554428727,1499.4853455442874,2.1423355120862992,0.33377508226926156,False
post,fiber,5,2,gke-bench-apps-2978ac17-5dh9,19,100000,74930.28,25044.72,25044.72,0.0114392,1246.1242159119922,1449.2248431823984,1494.9224843182399,1499.492248431824,2.0979463748403555,0.33957530008230813,False
post,fasthttp,5,2,gke-bench-apps-2978ac17-rd8n,0,5000,5000.04,0.0,0.0,1.000008,0.698005600497822,1.263610266159696,1.4774903041825096,1.4988783079847907,0.3130571470263539,0.0,True
post,fasthttp,5,2,gke-bench-apps-2978ac17-rd8n,1,10000,10000.0,0.0,0.0,1.0,0.7090853658536586,1.286220118833771,1.4805340610750313,1.499965455299157,0.43975233086706095,0.0,True
post,fasthttp,5,2,gke-bench-apps-2978ac17-rd8n,2,15000,14999.96,0.0,0.0,0.9999973333333333,0.6814553072625699,1.3009221289126407,1.4849656996400917,1.8722897590361383,0.486598156472719,0.0,True
post,fasthttp,5,2,gke-bench-apps-2978ac17-rd8n,3,20000,20000.48,0.0,0.0,1.000024,0.6773241379310345,1.3766331906486664,1.9229393223010247,2.887639676113373,0.6377179469835209,0.0,True
post,fasthttp,5,2,gke-bench-apps-2978ac17-rd8n,4,25000,25000.8,0.0,0.0,1.000032,0.6641845878136201,1.4004378232059407,1.9644667863554766,3.111684981684948,0.8035369467918614,0.0,True
post,fasthttp,5,2,gke-bench-apps-2978ac17-rd8n,5,30000,29998.76,0.0,0.0,0.9999586666666667,0.7618124194241512,1.7347821178595617,3.6875975773889498,6.898394230769175,0.8582003799999999,0.0,True
post,fasthttp,5,2,gke-bench-apps-2978ac17-rd8n,6,35000,34999.24,0.0,0.0,0.9999782857142857,1.0103380191802522,2.7157228089590304,4.865247400847126,7.002593642611659,0.9697863901888301,0.0,True
post,fasthttp,5,2,gke-bench-apps-2978ac17-rd8n,7,40000,40001.88,0.0,0.0,1.000047,0.9583769111455795,2.56630956821785,4.847072829131656,7.5292875586854215,1.1305542184097597,0.0,True
post,fasthttp,5,2,gke-bench-apps-2978ac17-rd8n,8,45000,45000.68,0.0,0.0,1.000015111111111,1.0076371668740545,2.7157790945282847,4.8683897747821865,7.544228982300893,1.245523743442099,0.0,True
post,fasthttp,5,2,gke-bench-apps-2978ac17-rd8n,9,50000,50000.16,0.0,0.0,1.0000032,1.599980037721822,3.9076773176672885,6.6885194805194725,19.89642117376307,1.3658178015788045,0.0,True
post,fasthttp,5,2,gke-bench-apps-2978ac17-rd8n,10,55000,55000.12,0.0,0.0,1.000002181818182,1.6366426950396418,3.9078026162643593,6.062118427175427,8.959600662251637,1.551052917388838,0.0,True
post,fasthttp,5,2,gke-bench-apps-2978ac17-rd8n,11,60000,59999.0,0.0,0.0,0.9999833333333333,1.6112927598848563,3.9555786624414075,7.978451756156642,26.15739778239746,1.561310413333334,0.0,True
post,fasthttp,5,2,gke-bench-apps-2978ac17-rd8n,12,65000,64998.8,0.0,0.0,0.9999815384615385,1.8253590282253502,4.08295123296305,7.367936143572625,13.18136264336432,1.7019467187377655,0.0,True
post,fasthttp,5,2,gke-bench-apps-2978ac17-rd8n,13,70000,69979.72,0.0,0.0,0.9997102857142857,2.566572504195088,5.283315202296083,36.82910373443989,53.86643419326626,1.7710747095743804,0.0,True
post,fasthttp,5,2,gke-bench-apps-2978ac17-rd8n,14,75000,74522.48,0.0,0.0,0.9936330666666666,69.50205436586761,194.22187825116092,280.1942804116752,332.55145701797085,1.856294581647744,0.2249663449677912,False
post,fasthttp,5,2,gke-bench-apps-2978ac17-rd8n,15,80000,74614.88,3102.32,3102.32,0.5705625,961.3226873104999,1371.2199014976936,1487.1219901497693,1498.712199014977,1.924461987382042,0.4055146801197328,False
post,fasthttp,5,2,gke-bench-apps-2978ac17-rd8n,16,85000,75059.04,9909.64,9909.64,0.09472329411764706,1219.9605537046864,1443.9921107409373,1494.3992110740937,1499.4399211074094,2.0103319898720233,0.3848169848969525,False
post,fasthttp,5,2,gke-bench-apps-2978ac17-rd8n,17,90000,74841.52,15117.88,15117.88,0.04065688888888889,1237.1487895884377,1447.4297579176875,1494.7429757917687,1499.474297579177,2.0051181033935035,0.4075985187299873,False
post,fasthttp,5,2,gke-bench-apps-2978ac17-rd8n,18,95000,74231.16,20729.76,20729.76,0.017543157894736844,1244.2582164075686,1448.8516432815138,1494.8851643281514,1499.488516432815,2.0487501943307524,0.3811867572847808,False
post,fasthttp,5,2,gke-bench-apps-2978ac17-rd8n,19,100000,74412.08,25550.36,25550.36,0.0095804,1246.7393216220646,1449.347864324413,1494.9347864324411,1499.493478643244,2.0180162424103196,0.4246879499417514,False
get,chi,5,3,gke-bench-apps-2978ac17-5dh9,0,5000,5000.08,0.0,0.0,1.000016,0.7175784099197666,1.2749700642258428,1.4790808810189047,1.4994919626982113,0.512719191548907,0.0,True
get,chi,5,3,gke-bench-apps-2978ac17-5dh9,1,10000,10000.04,0.0,0.0,1.000004,0.7191150740242261,1.295199200846163,1.4840756006245488,1.9434660804020236,0.592489360328347,0.0,True
get,chi,5,3,gke-bench-apps-2978ac17-5dh9,2,15000,14999.32,0.0,0.0,0.9999546666666667,0.684019772822886,1.319925819190949,1.5009610591900286,2.1961204128440284,0.7101979882626775,0.0,True
get,chi,5,3,gke-bench-apps-2978ac17-5dh9,3,20000,20001.08,0.0,0.0,1.000054,0.7323919001218026,1.481003999436203,2.9670361189801677,7.422869230769217,0.8919186748343068,0.0,True
get,chi,5,3,gke-bench-apps-2978ac17-5dh9,4,25000,24998.08,0.0,0.0,0.9999232,0.7286038961038961,1.6572702682944664,3.622024421593827,5.760777251184719,1.0504286344289546,0.0,True
get,chi,5,3,gke-bench-apps-2978ac17-5dh9,5,30000,30001.44,0.0,0.0,1.000048,1.2356655198571724,4.089359267734554,7.358533257532691,12.042768817204546,1.2275626066666667,0.0,True
get,chi,5,3,gke-bench-apps-2978ac17-5dh9,6,35000,34999.32,0.0,0.0,0.9999805714285714,1.7698424015474656,5.3962562521153785,8.389853460818962,11.665424194815367,1.3670975333333335,0.0,True
get,chi,5,3,gke-bench-apps-2978ac17-5dh9,7,40000,40001.92,0.0,0.0,1.000048,1.8101503958622591,5.416341147992176,8.651804648733352,13.55339898132436,1.453196166928413,0.0,True
get,chi,5,3,gke-bench-apps-2978ac17-5dh9,8,45000,44999.36,0.0,0.0,0.9999857777777778,1.9977919528949952,5.7667968017989875,9.462312781159024,21.631821756225833,1.724038583710366,0.0,True
get,chi,5,3,gke-bench-apps-2978ac17-5dh9,9,50000,50002.88,0.0,0.0,1.0000576,3.9759299925048324,12.170383840544833,40.49585237258351,61.98071762870572,1.8553517200000003,0.019946321476445227,True
get,chi,5,3,gke-bench-apps-2978ac17-5dh9,10,55000,53131.12,35.72,35.72,0.9544021818181818,387.0391094014105,870.0318715455682,1084.2635367762118,1458.4263536776234,1.8490289548538237,0.21875796211575244,False
get,chi,5,3,gke-bench-apps-2978ac17-5dh9,11,60000,53183.56,6722.68,6722.68,0.161716,1194.210981449198,1438.8421962898396,1493.8842196289838,1499.3884219628985,1.9332916363493442,0.3348134531947968,False
get,chi,5,3,gke-bench-apps-2978ac17-5dh9,12,65000,53130.72,11834.0,11834.0,0.07320123076923077,1225.4092396032138,1445.0818479206428,1494.5081847920642,1499.4508184792066,2.067259520124337,0.34245232641888407,False
get,chi,5,3,gke-bench-apps-2978ac17-5dh9,13,70000,53342.08,16622.12,16622.12,0.04473314285714286,1234.4091186829278,1446.8818237365854,1494.6881823736585,1499.468818237366,1.9790827866517149,0.3307751180337542,False
get,chi,5,3,gke-bench-apps-2978ac17-5dh9,14,75000,53679.92,21289.96,21289.96,0.030274133333333335,1238.958430916082,1447.7916861832166,1494.7791686183216,1499.4779168618322,1.9780054933333333,0.33275520047552276,False
get,chi,5,3,gke-bench-apps-2978ac17-5dh9,15,80000,53049.2,26915.56,26915.56,0.0213395,1241.687319007971,1448.3374638015941,1494.8337463801593,1499.483374638016,2.127554783281415,0.3315928424011656,False
get,chi,5,3,gke-bench-apps-2978ac17-5dh9,16,85000,53602.36,31364.72,31364.72,0.016669176470588236,1243.2122881690461,1448.6424576338093,1494.864245763381,1499.486424576338,2.1068350157584232,0.34662622529319853,False
get,chi,5,3,gke-bench-apps-2978ac17-5dh9,17,90000,53387.2,36578.96,36578.96,0.013514222222222223,1244.1716573140745,1448.8343314628148,1494.8834331462815,1499.4883433146283,1.9544851527515326,0.3410757831032436,False
get,chi,5,3,gke-bench-apps-2978ac17-5dh9,18,95000,53489.68,41478.24,41478.24,0.01162021052631579,1244.7317744364118,1448.9463548872823,1494.8946354887282,1499.4894635488727,1.9283024921550995,0.3230795756689751,False
get,chi,5,3,gke-bench-apps-2978ac17-5dh9,19,100000,53308.2,46654.72,46654.72,0.0099404,1245.2496608948704,1449.0499321789741,1494.9049932178973,1499.4904993217897,1.9244120774515814,0.34135157496694485,False
get,stdlib,5,3,gke-bench-apps-2978ac17-rd8n,0,5000,5000.08,0.0,0.0,1.000016,0.718242924528302,1.2961291807807414,1.4811224389120925,1.4996217647252281,0.49779886457146405,0.0,True
get,stdlib,5,3,gke-bench-apps-2978ac17-rd8n,1,10000,10000.4,0.0,0.0,1.00004,0.7132276119402985,1.3016965066209085,1.4838192443422797,1.8585571428571297,0.6099597407167058,0.0,True
get,stdlib,5,3,gke-bench-apps-2978ac17-rd8n,2,15000,15000.08,0.0,0.0,1.0000053333333334,0.6878509674763277,1.325548700100195,1.5873570122747431,2.2641253071253336,0.713788104034338,0.0,True
get,stdlib,5,3,gke-bench-apps-2978ac17-rd8n,3,20000,19999.6,0.0,0.0,0.99998,0.7355331792670848,1.4864782566483377,2.900872422388395,5.7044160583941945,0.9296578400000001,0.0,True
get,stdlib,5,3,gke-bench-apps-2978ac17-rd8n,4,25000,25000.28,0.0,0.0,1.0000112,0.7317246415294741,1.6342349621065575,3.09572673639046,4.491017265193381,1.0641644474537295,0.0,True
get,stdlib,5,3,gke-bench-apps-2978ac17-rd8n,5,30000,29999.56,0.0,0.0,0.9999853333333333,1.2953246682661326,4.379398080125379,8.27219149908592,19.747342896175255,1.216741780862821,0.0,True
get,stdlib,5,3,gke-bench-apps-2978ac17-rd8n,6,35000,35000.72,0.0,0.0,1.0000205714285715,1.9213069576050437,5.567948216690561,8.752896494156921,13.602232837933403,1.4797949007599687,0.0,True
get,stdlib,5,3,gke-bench-apps-2978ac17-rd8n,7,40000,40002.04,0.0,0.0,1.000051,1.9401324961304982,5.616769562911901,9.850765928603703,20.458575685339824,1.634399094595055,0.0,True
get,stdlib,5,3,gke-bench-apps-2978ac17-rd8n,8,45000,44998.48,0.0,0.0,0.9999662222222222,2.1616112594030574,5.923525485436894,9.444437941473248,14.236625035082755,1.732005339609569,0.0,True
get,stdlib,5,3,gke-bench-apps-2978ac17-rd8n,9,50000,49996.24,0.0,0.0,0.9999248,5.189134773626527,29.071087786259568,73.38210425174147,113.87554913294916,1.8720117516730392,0.056888625835067555,False
get,stdlib,5,3,gke-bench-apps-2978ac17-rd8n,10,55000,51822.04,1183.96,1183.96,0.7326363636363636,719.970778861068,1275.2153198045642,1477.5215319804565,1497.7521531980456,1.9906157603943002,0.3067019952732265,False
get,stdlib,5,3,gke-bench-apps-2978ac17-rd8n,11,60000,51100.8,8876.08,8876.08,0.099042,1217.1017142371231,1443.4203428474245,1494.3420342847423,1499.4342034284741,1.9703767066666664,0.31122657164383244,False
get,stdlib,5,3,gke-bench-apps-2978ac17-rd8n,12,65000,51134.92,13842.56,13842.56,0.051134769230769234,1232.6203756612472,1446.5240751322494,1494.652407513225,1499.4652407513224,1.8093714378457233,0.3384615384615385,False
get,stdlib,5,3,gke-bench-apps-2978ac17-rd8n,13,70000,50610.32,19363.88,19363.88,0.031022857142857144,1238.7920242318542,1447.7584048463707,1494.7758404846372,1499.4775840484638,1.9976506603904314,0.3220858895705521,False
get,stdlib,5,3,gke-bench-apps-2978ac17-rd8n,14,75000,50875.88,24099.12,24099.12,0.021656,1241.7556111791516,1448.3511222358302,1494.835112223583,1499.4835112223584,2.0459217023954452,0.25115056809249414,False
get,stdlib,5,3,gke-bench-apps-2978ac17-rd8n,15,80000,50576.8,29398.88,29398.88,0.0158575,1243.5680069440782,1448.7136013888157,1494.8713601388818,1499.4871360138882,1.9912086318290039,0.30786171235366017,False
get,stdlib,5,3,gke-bench-apps-2978ac17-rd8n,16,85000,49957.88,35015.2,35015.2,0.01244564705882353,1244.5916155419222,1448.9183231083844,1494.8918323108385,1499.4891832310839,1.9261485333333332,0.3356172161289206,False
get,stdlib,5,3,gke-bench-apps-2978ac17-rd8n,17,90000,50544.28,39427.8,39427.8,0.010682666666666667,1245.1523551293149,1449.030471025863,1494.9030471025862,1499.4903047102587,2.137028127836733,0.30215588464941917,False
get,stdlib,5,3,gke-bench-apps-2978ac17-rd8n,18,95000,51525.56,43451.48,43451.48,0.009389473684210526,1245.5958064177198,1449.119161283544,1494.9119161283543,1499.4911916128356,1.9661039553898112,0.3026209321453919,False
get,stdlib,5,3,gke-bench-apps-2978ac17-rd8n,19,100000,50988.48,48992.4,48992.4,0.0082752,1245.8756770205355,1449.175135404107,1494.9175135404107,1499.491751354041,1.9583490143051183,0.3246660057430373,False
post,chi,5,3,gke-bench-apps-2978ac17-5dh9,0,5000,4999.92,0.0,0.0,0.999984,0.7249234135667396,1.2905892312902132,1.4810704368438876,1.5407093023255414,0.5639324756922242,0.0,True
post,chi,5,3,gke-bench-apps-2978ac17-5dh9,1,10000,9999.84,0.0,0.0,0.999984,0.7221287128712871,1.2986308157299287,1.4844339108461198,1.9055599999999848,0.6732849775049535,0.0,True
post,chi,5,3,gke-bench-apps-2978ac17-5dh9,2,15000,15000.44,0.0,0.0,1.0000293333333334,0.6905799240826656,1.3340630416981276,1.7612869761709136,2.8899048507462712,0.8430057070333055,0.0,True
post,chi,5,3,gke-bench-apps-2978ac17-5dh9,3,20000,20000.12,0.0,0.0,1.000006,0.7778179322964318,1.7567090191548755,3.883914572864317,8.19996999999974,0.955825704592925,0.0,True
post,chi,5,3,gke-bench-apps-2978ac17-5dh9,4,25000,24999.72,0.0,0.0,0.9999888,0.7918279720279721,2.0062603006542497,4.851652462121204,7.092013999999967,1.2577988187935867,0.0,True
post,chi,5,3,gke-bench-apps-2978ac17-5dh9,5,30000,29998.4,0.0,0.0,0.9999466666666667,1.4847598588572266,5.264598540145985,8.595938748335557,13.01800246609136,1.4037472016179708,0.0,True
post,chi,5,3,gke-bench-apps-2978ac17-5dh9,6,35000,35000.76,0.0,0.0,1.0000217142857142,2.4773367311679335,6.941566319807334,13.137436447410208,23.99577178423249,1.4547117468729434,0.0,True
post,chi,5,3,gke-bench-apps-2978ac17-5dh9,7,40000,39998.0,0.0,0.0,0.99995,2.67688567549648,7.002462642958511,11.814760508308895,14.747165200391022,1.5819878078463807,0.0,True
post,chi,5,3,gke-bench-apps-2978ac17-5dh9,8,45000,44997.8,0.0,0.0,0.9999511111111111,3.7588553488295036,9.557467510142336,26.592051131354754,45.5960392902404,1.8632221555110209,0.02402019042116183,True
post,chi,5,3,gke-bench-apps-2978ac17-5dh9,9,50000,46900.44,1314.0,1314.0,0.6799288,829.6879028330802,1318.2716986980784,1481.8271698698074,1498.1827169869807,1.7907634041838083,0.1893964668913357,False
post,chi,5,3,gke-bench-apps-2978ac17-5dh9,10,55000,46913.04,8087.96,8087.96,0.11339781818181818,1211.6674730358027,1442.3334946071607,1494.233349460716,1499.4233349460715,1.8653814278949281,0.3295941730378245,False
post,chi,5,3,gke-bench-apps-2978ac17-5dh9,11,60000,46729.04,13270.96,13270.96,0.057882,1229.928158142709,1445.9856316285418,1494.5985631628541,1499.4598563162854,2.160960658156399,0.312412593009928,False
post,chi,5,3,gke-bench-apps-2978ac17-5dh9,12,65000,46753.92,18248.88,18248.88,0.03662646153846154,1236.5869488790531,1447.3173897758106,1494.7317389775812,1499.473173897758,1.984315637302167,0.32456828057536874,False
post,chi,5,3,gke-bench-apps-2978ac17-5dh9,13,70000,46635.76,23361.24,23361.24,0.025485142857142856,1240.0563634012458,1448.0112726802492,1494.8011272680249,1499.4801127268024,2.01721327977943,0.331600654287618,False
post,chi,5,3,gke-bench-apps-2978ac17-5dh9,14,75000,46824.4,28176.24,28176.24,0.019860266666666668,1241.7860155359406,1448.357203107188,1494.8357203107187,1499.483572031072,2.0783804930534977,0.3782147197298555,False
post,chi,5,3,gke-bench-apps-2978ac17-5dh9,15,80000,46902.04,33097.16,33097.16,0.0159675,1243.0004927162165,1448.6000985432431,1494.8600098543243,1499.4860009854326,2.041743751069842,0.3634403456967946,False
post,chi,5,3,gke-bench-apps-2978ac17-5dh9,16,85000,46739.12,38259.2,38259.2,0.013315294117647059,1243.7959520533109,1448.7591904106623,1494.8759190410663,1499.4875919041067,1.8973918247660626,0.33348103897355724,False
post,chi,5,3,gke-bench-apps-2978ac17-5dh9,17,90000,46818.6,43184.28,43184.28,0.011607111111111111,1244.294572722133,1448.8589145444266,1494.8858914544428,1499.4885891454444,2.069107869531599,0.32738735731085294,False
post,chi,5,3,gke-bench-apps-2978ac17-5dh9,18,95000,46770.28,48234.36,48234.36,0.010301894736842105,1244.6568803011905,1448.931376060238,1494.8931376060236,1499.4893137606025,1.9761994933501834,0.3095840708332457,False
post,chi,5,3,gke-bench-apps-2978ac17-5dh9,19,100000,46559.56,53439.72,53439.72,0.0091588,1244.9835333172084,1448.9967066634417,1494.8996706663443,1499.4899670666343,1.9486474401825136,0.30357273150207453,False
post,stdlib,5,3,gke-bench-apps-2978ac17-rd8n,0,5000,5000.04,0.0,0.0,1.000008,0.7200709677419355,1.2978986626359545,1.4827323957546086,1.8057809917355212,0.6166574301748634,0.0,True
post,stdlib,5,3,gke-bench-apps-2978ac17-rd8n,1,10000,10000.04,0.0,0.0,1.000004,0.719247868453106,1.3055036470436354,1.4870496869351921,1.9687492732558218,0.7879815062661625,0.0,True
post,stdlib,5,3,gke-bench-apps-2978ac17-rd8n,2,15000,15000.2,0.0,0.0,1.0000133333333334,0.7070780911062907,1.3593075990085957,1.9417687117331008,2.948218701700151,0.7654121656372573,0.0,True
post,stdlib,5,3,gke-bench-apps-2978ac17-rd8n,3,20000,20000.36,0.0,0.0,1.000018,0.7784741352923171,1.7337183224938333,3.8329511041009425,5.7439623493975605,1.0024046900058845,0.0,True
post,stdlib,5,3,gke-bench-apps-2978ac17-rd8n,4,25000,24998.36,0.0,0.0,0.9999344,0.7985977297895903,1.9822939320284847,4.829392113910192,13.267253032928668,1.2248644326889553,0.0,True
post,stdlib,5,3,gke-bench-apps-2978ac17-rd8n,5,30000,30000.08,0.0,0.0,1.0000026666666666,1.6639665808229023,5.664573739189039,9.109409905163325,13.8608933539413,1.4001958263401548,0.0,True
post,stdlib,5,3,gke-bench-apps-2978ac17-rd8n,6,35000,35000.2,0.0,0.0,1.0000057142857144,2.656449015106635,7.090559267508042,13.92760465283261,35.65125250500998,1.5497883933124694,0.0,True
post,stdlib,5,3,gke-bench-apps-2978ac17-rd8n,7,40000,39998.0,0.0,0.0,0.99995,2.7774634006771475,7.068966208361727,12.082012555161912,14.878814718130414,1.7920552904813454,0.0,True
post,stdlib,5,3,gke-bench-apps-2978ac17-rd8n,8,45000,44790.6,0.0,0.0,0.9953466666666667,6.275264298865594,105.73422636054994,205.5895495973812,251.7342672413837,1.8253585899341973,0.08879905524862024,False
post,stdlib,5,3,gke-bench-apps-2978ac17-rd8n,9,50000,45890.64,2840.16,2840.16,0.4256192,1033.815149160818,1406.7630298321635,1490.6763029832164,1499.0676302983218,1.9527490499026983,0.26380792486437865,False
post,stdlib,5,3,gke-bench-apps-2978ac17-rd8n,10,55000,46128.72,8843.64,8843.64,0.09459927272727273,1218.2170838122493,1443.64341676245,1494.3643416762452,1499.4364341676246,1.906993074525517,0.28236776617322956,False
post,stdlib,5,3,gke-bench-apps-2978ac17-rd8n,11,60000,46200.72,13769.32,13769.32,0.05127,1232.1667580300025,1446.4333516060005,1494.6433351606001,1499.46433351606,2.028078933363155,0.32037398388715294,False
post,stdlib,5,3,gke-bench-apps-2978ac17-rd8n,12,65000,45987.8,18979.84,18979.84,0.031912615384615386,1238.1908698650163,1447.6381739730034,1494.7638173973003,1499.4763817397302,2.0282255035404066,0.27278359225245746,False
post,stdlib,5,3,gke-bench-apps-2978ac17-rd8n,13,70000,45695.52,24276.52,24276.52,0.021816,1241.3562637541772,1448.2712527508354,1494.8271252750835,1499.4827125275083,2.0892714965883186,0.29335008456724215,False
post,stdlib,5,3,gke-bench-apps-2978ac17-rd8n,14,75000,45572.64,29395.68,29395.68,0.016566933333333332,1242.9928003804184,1448.5985600760837,1494.8598560076082,1499.4859856007608,1.9840323308569912,0.2815469617955419,False
post,stdlib,5,3,gke-bench-apps-2978ac17-rd8n,15,80000,45100.8,34870.96,34870.96,0.0128875,1244.1513235821355,1448.830264716427,1494.8830264716428,1499.4883026471641,2.0384375505478936,0.26898779773633735,False
post,stdlib,5,3,gke-bench-apps-2978ac17-rd8n,16,85000,45640.8,39331.48,39331.48,0.011457411764705883,1244.5492100194058,1448.9098420038813,1494.8909842003882,1499.4890984200388,1.849370380615369,0.2650799157752111,False
post,stdlib,5,3,gke-bench-apps-2978ac17-rd8n,17,90000,45887.64,44082.04,44082.04,0.009990222222222222,1245.00361425537,1449.000722851074,1494.9000722851076,1499.4900072285106,1.8952425659782466,0.2946065091300339,False
post,stdlib,5,3,gke-bench-apps-2978ac17-rd8n,18,95000,45811.24,49159.72,49159.72,0.008984421052631579,1245.2537628687576,1449.0507525737514,1494.905075257375,1499.4905075257377,1.860820958513521,0.26105212752931467,False
post,stdlib,5,3,gke-bench-apps-2978ac17-rd8n,19,100000,45708.96,54261.16,54261.16,0.0080216,1245.5343066083533,1449.1068613216707,1494.910686132167,1499.4910686132168,1.8414566200254892,0.30407523510971785,False
